season,week,start_date,game_id,team,points,total_yards,plays,rush_attempts,rush_yards,yards_per_rush_attempt,completions,pass_attempts,pass_yards,yards_per_pass_attempt,third_down_made,third_down_att,turnovers,first_downs
2021,14,2021-12-04T21:00:00.000Z,401282154,Georgia,24,449,78,30,109,3.6,29,48,340,7.1,3,12,2,30
2021,14,2021-12-04T21:00:00.000Z,401282154,Alabama,41,536,70,26,115,4.4,26,44,421,9.6,7,14,0,25
2021,7,2021-10-16T23:00:00.000Z,401282107,Alabama,49,543,69,41,195,4.8,20,28,348,12.4,12,16,0,22
2021,7,2021-10-16T23:00:00.000Z,401282107,Mississippi State,9,299,74,19,-1,-0.1,35,55,300,5.5,7,16,3,24
2021,12,2021-11-20T20:30:00.000Z,401282135,Arkansas,35,468,73,42,110,2.6,23,31,358,11.5,7,16,1,21
2021,12,2021-11-20T20:30:00.000Z,401282135,Alabama,42,671,76,36,112,3.1,31,40,559,14.0,6,11,1,29
2021,8,2021-10-23T23:00:00.000Z,401282111,Tennessee,24,347,55,27,65,2.4,19,28,282,10.1,2,13,1,10
2021,8,2021-10-23T23:00:00.000Z,401282111,Alabama,52,574,92,49,203,4.1,31,43,371,8.6,15,20,1,33
2021,6,2021-10-10T00:00:00.000Z,401282103,Texas A&M,41,379,58,27,94,3.5,21,31,285,9.2,4,10,1,24
2021,6,2021-10-10T00:00:00.000Z,401282103,Alabama,38,522,82,34,153,4.5,28,48,369,7.7,9,19,2,25
2021,13,2021-11-27T20:30:00.000Z,401282146,Auburn,22,159,66,40,22,0.6,17,26,137,5.3,5,18,1,11
2021,13,2021-11-27T20:30:00.000Z,401282146,Alabama,24,388,89,37,71,1.9,25,52,317,6.1,8,22,1,18
2021,10,2021-11-06T23:00:00.000Z,401282120,LSU,14,295,73,40,109,2.7,17,33,186,5.6,5,18,2,16
2021,10,2021-11-06T23:00:00.000Z,401282120,Alabama,20,308,63,26,6,0.2,24,37,302,8.2,4,13,1,16
2021,11,2021-11-13T17:00:00.000Z,401282127,Alabama,59,587,78,41,247,6.0,30,37,340,9.2,8,12,1,30
2021,3,2021-09-18T19:30:00.000Z,401282071,Florida,29,440,71,43,245,5.7,18,28,195,7.0,4,12,1,26
2021,3,2021-09-18T19:30:00.000Z,401282071,Alabama,31,331,63,28,91,3.3,22,35,240,6.9,7,13,0,19
2021,4,2021-09-25T23:30:00.000Z,401282081,Alabama,63,606,59,33,211,6.4,23,26,395,15.2,6,10,1,22
2021,2,2021-09-11T20:00:00.000Z,401282056,Alabama,48,424,65,34,158,4.6,20,31,266,8.6,5,13,0,24
2021,1,2021-09-04T19:30:00.000Z,401281942,Miami,13,266,62,31,87,2.8,23,31,179,5.8,6,14,3,18
2021,1,2021-09-04T19:30:00.000Z,401281942,Alabama,44,501,77,38,147,3.9,28,39,354,9.1,10,16,1,28
2021,5,2021-10-02T19:30:00.000Z,401282089,Alabama,42,451,76,50,210,4.2,20,26,241,9.3,6,13,1,27
2021,5,2021-10-02T19:30:00.000Z,401282089,Ole Miss,21,291,63,34,78,2.3,21,29,213,7.3,5,14,1,18
2021,7,2021-10-16T19:30:00.000Z,401309875,Arizona,0,280,70,31,127,4.1,20,39,153,3.9,3,15,2,19
2021,7,2021-10-16T19:30:00.000Z,401309875,Colorado,34,365,58,39,117,3.0,12,19,248,13.1,6,13,0,18
2021,6,2021-10-10T02:30:00.000Z,401309870,Arizona,16,362,80,42,122,2.9,26,38,240,6.3,6,15,2,27
2021,6,2021-10-10T02:30:00.000Z,401309870,UCLA,34,411,66,47,329,7.0,8,19,82,4.3,5,11,2,22
2021,12,2021-11-20T02:00:00.000Z,401309899,Arizona,18,374,72,30,168,5.6,23,42,206,4.9,3,17,1,18
2021,8,2021-10-23T02:30:00.000Z,401309877,Washington,21,305,60,38,88,2.3,13,22,217,9.9,5,13,0,16
2021,8,2021-10-23T02:30:00.000Z,401309877,Arizona,16,280,61,40,218,5.5,13,21,62,3.0,5,14,2,15
2021,11,2021-11-13T19:00:00.000Z,401309896,Utah,38,468,74,44,174,4.0,19,30,294,9.8,6,12,0,26
2021,11,2021-11-13T19:00:00.000Z,401309896,Arizona,29,329,65,30,102,3.4,20,35,227,6.5,7,17,0,16
2021,9,2021-10-30T23:00:00.000Z,401309886,Arizona,34,466,71,32,127,4.0,22,39,339,8.7,8,15,1,24
2021,9,2021-10-30T23:00:00.000Z,401309886,USC,41,547,83,44,234,5.3,27,39,313,8.0,5,13,1,35
2021,10,2021-11-06T19:00:00.000Z,401309889,California,3,122,53,24,28,1.2,11,29,94,3.2,1,14,0,9
2021,10,2021-11-06T19:00:00.000Z,401309889,Arizona,10,331,82,52,202,3.9,16,30,129,4.3,7,19,3,21
2021,1,2021-09-05T02:30:00.000Z,401309841,Arizona,16,426,83,35,81,2.3,36,48,345,7.2,5,17,1,27
2021,1,2021-09-05T02:30:00.000Z,401309841,BYU,24,368,63,34,161,4.7,19,29,207,7.1,4,12,0,18
2021,2,2021-09-12T02:00:00.000Z,401309846,Arizona,14,230,56,20,51,2.6,18,36,179,5.0,1,14,1,9
2021,4,2021-09-26T02:30:00.000Z,401309859,Oregon,41,393,55,31,187,6.0,10,24,206,8.6,6,12,0,17
2021,4,2021-09-26T02:30:00.000Z,401309859,Arizona,19,435,89,53,202,3.8,21,36,233,6.5,7,16,5,31
2021,3,2021-09-19T02:00:00.000Z,401309853,Arizona,19,363,68,27,106,3.9,25,41,257,6.3,3,14,3,19
2021,13,2021-11-27T21:00:00.000Z,401309909,Arizona State,38,314,51,37,228,6.2,10,14,86,6.1,3,8,0,16
2021,13,2021-11-27T21:00:00.000Z,401309909,Arizona,15,396,73,34,50,1.5,28,39,346,8.9,6,17,2,22
2021,7,2021-10-17T02:00:00.000Z,401309876,Arizona State,21,385,66,35,148,4.2,20,31,237,7.6,4,12,1,20
2021,7,2021-10-17T02:00:00.000Z,401309876,Utah,35,455,69,36,208,5.8,21,33,247,7.5,7,11,2,29
2021,12,2021-11-21T03:30:00.000Z,401309902,Arizona State,10,266,57,30,100,3.3,16,27,166,6.1,4,11,1,15
2021,6,2021-10-09T02:30:00.000Z,401309868,Arizona State,28,430,67,44,255,5.8,14,23,175,7.6,7,13,1,21
2021,6,2021-10-09T02:30:00.000Z,401309868,Stanford,10,369,65,20,13,0.7,27,45,356,7.9,5,14,3,20
2021,11,2021-11-14T00:00:00.000Z,401309897,Arizona State,35,376,73,57,286,5.0,10,16,90,5.6,3,12,2,24
2021,11,2021-11-14T00:00:00.000Z,401309897,Washington,30,266,63,30,95,3.2,19,33,171,5.2,4,12,2,17
2021,10,2021-11-07T02:30:00.000Z,401309892,USC,16,312,72,27,92,3.4,24,45,220,4.9,5,16,2,20
2021,10,2021-11-07T02:30:00.000Z,401309892,Arizona State,31,427,62,42,282,6.7,11,20,145,7.3,4,10,3,19
2021,9,2021-10-30T19:00:00.000Z,401309885,Arizona State,21,406,71,32,131,4.1,26,39,275,7.1,5,13,5,20
2021,3,2021-09-19T02:15:00.000Z,401309854,BYU,27,361,67,39,144,3.7,16,28,217,7.8,4,11,2,24
2021,3,2021-09-19T02:15:00.000Z,401309854,Arizona State,17,426,62,33,161,4.9,21,29,265,9.1,7,13,4,19
2021,1,2021-09-03T02:30:00.000Z,401309835,Arizona State,41,427,58,40,228,5.7,14,18,199,11.1,5,11,2,22
2021,4,2021-09-26T02:30:00.000Z,401309862,Colorado,13,250,61,44,183,4.2,7,17,67,3.9,5,15,0,18
2021,4,2021-09-26T02:30:00.000Z,401309862,Arizona State,35,439,59,32,167,5.2,20,27,272,10.1,5,10,0,25
2021,5,2021-10-03T02:30:00.000Z,401309866,UCLA,23,434,84,52,199,3.8,21,32,235,7.3,9,20,1,23
2021,5,2021-10-03T02:30:00.000Z,401309866,Arizona State,42,464,52,33,178,5.4,13,19,286,15.1,5,10,1,17
2021,2,2021-09-12T02:30:00.000Z,401309847,Arizona State,37,465,76,47,290,6.2,20,29,175,6.0,8,14,1,29
2021,5,2021-10-02T16:00:00.000Z,401282090,Arkansas,0,162,45,29,75,2.6,10,16,87,5.4,3,12,0,9
2021,5,2021-10-02T16:00:00.000Z,401282090,Georgia,37,345,67,56,273,4.9,7,11,72,6.5,4,12,0,22
2021,13,2021-11-26T20:30:00.000Z,401282145,Missouri,17,316,76,50,251,5.0,10,26,65,2.5,7,19,1,19
2021,13,2021-11-26T20:30:00.000Z,401282145,Arkansas,34,425,53,33,163,4.9,15,20,262,13.1,4,11,1,14
2021,7,2021-10-16T16:00:00.000Z,401282104,Auburn,38,427,61,35,135,3.9,21,26,292,11.2,4,10,1,20
2021,7,2021-10-16T16:00:00.000Z,401282104,Arkansas,23,460,89,54,232,4.3,21,35,228,6.5,10,19,1,29
2021,11,2021-11-14T00:30:00.000Z,401282130,Arkansas,16,283,66,40,141,3.5,18,26,142,5.5,3,16,0,13
2021,11,2021-11-14T00:30:00.000Z,401282130,LSU,13,308,79,42,108,2.6,21,37,200,5.4,6,18,3,20
2021,6,2021-10-09T16:00:00.000Z,401282100,Arkansas,51,676,93,58,350,6.0,25,35,326,9.3,7,13,2,39
2021,6,2021-10-09T16:00:00.000Z,401282100,Ole Miss,52,611,70,49,324,6.6,14,21,287,13.7,5,14,0,22
2021,8,2021-10-23T16:00:00.000Z,401282112,Arkansas,45,504,63,41,291,7.1,11,22,213,9.7,2,9,2,25
2021,1,2021-09-04T18:00:00.000Z,401281943,Arkansas,38,373,65,44,245,5.6,12,21,128,6.1,3,11,1,18
2021,2,2021-09-11T23:00:00.000Z,401282057,Arkansas,40,471,66,47,333,7.1,14,19,138,7.3,5,11,1,21
2021,2,2021-09-11T23:00:00.000Z,401282057,Texas,21,257,64,41,139,3.4,13,23,118,5.1,4,13,1,15
2021,3,2021-09-18T20:00:00.000Z,401282069,Arkansas,45,633,73,48,269,5.6,14,25,364,14.6,7,15,0,27
2021,4,2021-09-25T19:30:00.000Z,401282082,Arkansas,20,443,68,49,197,4.0,9,19,246,12.9,3,13,0,20
2021,4,2021-09-25T19:30:00.000Z,401282082,Texas A&M,10,272,59,23,121,5.3,20,36,151,4.2,4,14,1,15
2021,10,2021-11-06T20:00:00.000Z,401282121,Arkansas,31,393,70,45,202,4.5,19,25,191,7.6,6,13,0,23
2021,10,2021-11-06T20:00:00.000Z,401282121,Mississippi State,28,486,74,26,69,2.7,36,48,417,8.7,6,12,1,28
2021,5,2021-10-03T01:00:00.000Z,401282092,Auburn,24,453,77,29,163,5.6,24,48,290,6.0,7,16,0,23
2021,5,2021-10-03T01:00:00.000Z,401282092,LSU,19,358,71,25,33,1.3,26,46,325,7.1,6,17,1,19
2021,6,2021-10-09T19:30:00.000Z,401282097,Auburn,10,318,72,29,46,1.6,24,43,272,6.3,5,18,1,17
2021,6,2021-10-09T19:30:00.000Z,401282097,Georgia,34,432,70,49,201,4.1,14,21,231,11.0,5,13,0,22
2021,12,2021-11-21T00:00:00.000Z,401282142,Auburn,17,379,65,33,191,5.8,17,32,188,5.9,6,14,1,22
2021,12,2021-11-21T00:00:00.000Z,401282142,South Carolina,21,306,56,41,149,3.6,10,15,157,10.5,1,9,1,15
2021,11,2021-11-13T17:00:00.000Z,401282128,Mississippi State,43,487,75,19,72,3.8,44,56,415,7.4,3,10,0,31
2021,11,2021-11-13T17:00:00.000Z,401282128,Auburn,34,483,70,27,106,3.9,27,43,377,8.8,6,12,1,22
2021,10,2021-11-06T19:30:00.000Z,401282126,Auburn,3,226,70,29,73,2.5,20,41,153,3.7,4,16,2,17
2021,10,2021-11-06T19:30:00.000Z,401282126,Texas A&M,20,409,64,35,217,6.2,15,29,192,6.6,3,13,1,18
2021,9,2021-10-30T23:00:00.000Z,401282116,Ole Miss,20,464,81,39,157,4.0,26,42,307,7.3,6,15,1,26
2021,9,2021-10-30T23:00:00.000Z,401282116,Auburn,31,483,77,46,207,4.5,22,31,276,8.9,4,11,2,30
2021,1,2021-09-04T23:00:00.000Z,401281944,Auburn,60,613,59,32,316,9.9,22,27,297,11.0,4,6,0,28
2021,3,2021-09-18T23:30:00.000Z,401282070,Penn State,28,386,66,33,84,2.5,29,33,302,9.2,5,10,1,22
2021,3,2021-09-18T23:30:00.000Z,401282070,Auburn,20,367,79,40,182,4.6,21,39,185,4.7,10,17,1,24
2021,4,2021-09-25T20:00:00.000Z,401282083,Auburn,34,419,78,35,166,4.7,22,43,253,5.9,9,20,1,21
2021,2,2021-09-11T16:00:00.000Z,401282058,Auburn,62,538,58,39,364,9.3,11,19,174,9.2,6,11,1,21
2021,9,2021-10-31T02:15:00.000Z,401282669,Virginia,49,588,64,25,216,8.6,24,39,372,9.5,4,10,3,27
2021,9,2021-10-31T02:15:00.000Z,401282669,BYU,66,734,83,46,385,8.4,22,37,349,9.4,6,11,0,36
2021,6,2021-10-09T19:30:00.000Z,401309913,BYU,17,413,64,27,111,4.1,22,37,302,8.2,4,10,4,24
2021,13,2021-11-28T03:30:00.000Z,401309910,USC,31,458,80,44,210,4.8,23,36,248,6.9,7,16,0,27
2021,13,2021-11-28T03:30:00.000Z,401309910,BYU,35,465,74,42,189,4.5,20,32,276,8.6,7,14,2,27
2021,5,2021-10-02T01:00:00.000Z,401309912,BYU,34,466,65,36,221,6.1,21,29,245,8.4,6,12,0,22
2021,12,2021-11-20T21:00:00.000Z,401309645,BYU,34,507,69,40,195,4.9,17,29,312,10.8,3,10,0,25
2021,7,2021-10-16T19:30:00.000Z,401287920,BYU,24,409,55,24,67,2.8,22,31,342,11.0,5,14,1,15
2021,7,2021-10-16T19:30:00.000Z,401287920,Baylor,38,534,75,47,303,6.4,18,28,231,8.3,7,15,1,22
2021,10,2021-11-06T19:30:00.000Z,401309914,BYU,59,560,76,38,173,4.6,25,38,387,10.2,8,13,2,28
2021,8,2021-10-23T19:30:00.000Z,401309881,BYU,21,385,69,48,238,5.0,16,21,147,7.0,8,13,0,23
2021,2,2021-09-12T02:15:00.000Z,401309848,BYU,26,380,76,46,231,5.0,18,30,149,5.0,11,19,0,21
2021,2,2021-09-12T02:15:00.000Z,401309848,Utah,17,340,51,25,193,7.7,15,26,147,5.7,2,9,2,15
2021,4,2021-09-26T02:15:00.000Z,401301009,BYU,35,448,50,25,143,5.7,20,25,305,12.2,2,7,0,21
2021,14,2021-12-04T17:00:00.000Z,401287953,Baylor,21,242,61,33,62,1.9,23,28,180,6.4,6,14,2,15
2021,14,2021-12-04T17:00:00.000Z,401287953,Oklahoma State,16,333,87,40,70,1.8,32,47,263,5.6,12,20,4,26
2021,11,2021-11-13T17:00:00.000Z,401287938,Oklahoma,14,260,53,29,82,2.8,13,24,178,7.4,2,9,2,17
2021,11,2021-11-13T17:00:00.000Z,401287938,Baylor,27,414,68,47,297,6.3,12,21,117,5.6,5,11,2,24
2021,5,2021-10-02T23:00:00.000Z,401287914,Oklahoma State,24,401,82,59,219,3.7,13,23,182,7.9,8,19,3,24
2021,5,2021-10-02T23:00:00.000Z,401287914,Baylor,14,280,56,29,107,3.7,13,27,173,6.4,3,15,0,10
2021,10,2021-11-06T19:30:00.000Z,401287936,Baylor,28,393,56,36,179,5.0,14,20,214,10.7,5,11,2,17
2021,10,2021-11-06T19:30:00.000Z,401287936,TCU,30,562,77,35,94,2.7,30,42,468,11.1,7,15,1,27
2021,13,2021-11-27T17:00:00.000Z,401287948,Texas Tech,24,386,52,28,124,4.4,15,24,262,10.9,3,8,2,16
2021,13,2021-11-27T17:00:00.000Z,401287948,Baylor,27,434,84,50,180,3.6,20,34,254,7.5,9,19,0,25
2021,9,2021-10-30T16:00:00.000Z,401287929,Texas,24,382,67,29,102,3.5,23,38,280,7.4,3,14,2,18
2021,9,2021-10-30T16:00:00.000Z,401287929,Baylor,31,427,74,43,231,5.4,18,31,196,6.3,5,12,2,23
2021,1,2021-09-04T23:00:00.000Z,401287893,Baylor,29,386,69,45,238,5.3,15,24,148,6.2,5,13,1,22
2021,2,2021-09-11T23:00:00.000Z,401287895,Baylor,66,714,69,43,419,9.7,19,26,295,11.3,5,9,0,33
2021,12,2021-11-20T22:30:00.000Z,401287943,Kansas State,10,263,51,21,105,5.0,15,30,158,5.3,4,13,2,12
2021,12,2021-11-20T22:30:00.000Z,401287943,Baylor,20,387,83,48,174,3.6,25,35,213,6.1,7,16,1,22
2021,6,2021-10-09T16:00:00.000Z,401287917,West Virginia,20,362,75,38,90,2.4,24,37,272,7.4,3,15,1,24
2021,6,2021-10-09T16:00:00.000Z,401287917,Baylor,45,525,63,32,171,5.3,20,31,354,11.4,3,11,0,21
2021,3,2021-09-18T19:30:00.000Z,401287904,Kansas,7,166,51,33,109,3.3,8,18,57,3.2,3,12,1,8
2021,3,2021-09-18T19:30:00.000Z,401287904,Baylor,45,576,69,45,307,6.8,19,24,269,11.2,6,11,2,29
2021,4,2021-09-25T19:30:00.000Z,401287907,Baylor,31,282,52,33,123,3.7,14,19,159,8.4,4,11,1,15
2021,4,2021-09-25T19:30:00.000Z,401287907,Iowa State,29,479,73,40,216,5.4,22,33,263,8.0,5,14,1,27
2021,10,2021-11-05T23:30:00.000Z,401282677,Virginia Tech,3,235,51,34,162,4.8,7,17,73,4.3,3,11,2,12
2021,10,2021-11-05T23:30:00.000Z,401282677,Boston College,17,346,67,54,234,4.3,7,13,112,8.6,6,13,1,22
2021,4,2021-09-25T16:00:00.000Z,401282086,Missouri,34,391,65,23,88,3.8,30,42,303,7.2,8,12,2,22
2021,4,2021-09-25T16:00:00.000Z,401282086,Boston College,41,450,78,49,275,5.6,18,29,175,6.0,10,16,1,23
2021,7,2021-10-16T23:30:00.000Z,401282658,NC State,33,381,58,34,130,3.8,16,24,251,10.5,5,13,0,16
2021,7,2021-10-16T23:30:00.000Z,401282658,Boston College,7,291,69,30,97,3.2,21,39,194,5.0,5,16,2,17
2021,11,2021-11-13T20:30:00.000Z,401282686,Boston College,41,505,58,38,195,5.1,13,20,310,15.5,4,8,1,26
2021,11,2021-11-13T20:30:00.000Z,401282686,Georgia Tech,30,343,69,40,213,5.3,18,29,130,4.5,6,11,2,25
2021,12,2021-11-20T17:00:00.000Z,401282692,Florida State,26,365,65,31,114,3.7,20,34,251,7.4,2,11,0,22
2021,12,2021-11-20T17:00:00.000Z,401282692,Boston College,23,318,75,51,170,3.3,10,24,148,6.2,7,17,1,21
2021,8,2021-10-23T20:00:00.000Z,401282664,Boston College,14,266,68,36,125,3.5,17,32,141,4.4,3,14,3,17
2021,8,2021-10-23T20:00:00.000Z,401282664,Louisville,28,438,64,47,331,7.0,9,17,107,6.3,4,10,4,22
2021,13,2021-11-27T17:00:00.000Z,401282700,Wake Forest,41,413,86,54,177,3.3,20,32,236,7.4,11,21,1,25
2021,13,2021-11-27T17:00:00.000Z,401282700,Boston College,10,182,41,29,163,5.6,3,12,19,1.6,1,10,3,9
2021,5,2021-10-02T23:30:00.000Z,401282647,Clemson,19,438,68,40,231,5.8,13,28,207,7.4,3,14,0,18
2021,5,2021-10-02T23:30:00.000Z,401282647,Boston College,13,357,74,34,46,1.4,23,40,311,7.8,5,15,3,19
2021,9,2021-10-30T19:30:00.000Z,401282675,Boston College,6,251,72,40,71,1.8,15,32,180,5.6,5,18,0,15
2021,9,2021-10-30T19:30:00.000Z,401282675,Syracuse,21,358,61,47,293,6.2,5,14,65,4.6,4,13,1,16
2021,2,2021-09-11T19:30:00.000Z,401282623,Boston College,45,475,59,41,254,6.2,14,18,221,12.3,10,13,2,24
2021,1,2021-09-04T16:00:00.000Z,401282609,Boston College,51,525,65,35,178,5.1,21,30,347,11.6,5,9,0,25
2021,3,2021-09-18T16:00:00.000Z,401282634,Boston College,28,238,53,38,179,4.7,7,15,59,3.9,3,10,1,13
2021,13,2021-11-28T03:30:00.000Z,401309907,California,14,217,63,32,92,2.9,16,31,125,4.0,4,13,2,16
2021,13,2021-11-28T03:30:00.000Z,401309907,UCLA,42,446,72,44,282,6.4,19,28,164,5.9,9,13,1,26
2021,14,2021-12-05T04:00:00.000Z,401387250,USC,14,409,79,40,144,3.6,25,39,265,6.8,11,19,2,25
2021,14,2021-12-05T04:00:00.000Z,401387250,California,24,265,52,31,88,2.8,18,21,177,8.4,3,10,0,13
2021,12,2021-11-21T00:00:00.000Z,401309900,California,41,636,63,34,352,10.4,19,29,284,9.8,6,12,2,22
2021,12,2021-11-21T00:00:00.000Z,401309900,Stanford,11,282,69,26,43,1.7,26,43,239,5.6,4,12,2,21
2021,7,2021-10-16T02:30:00.000Z,401309872,California,17,402,81,36,155,4.3,25,45,247,5.5,7,16,0,23
2021,7,2021-10-16T02:30:00.000Z,401309872,Oregon,24,454,63,35,210,6.0,20,28,244,8.7,5,11,2,23
2021,5,2021-10-02T21:30:00.000Z,401309863,California,6,269,64,34,117,3.4,14,30,152,5.1,3,15,1,14
2021,9,2021-10-30T23:00:00.000Z,401309882,California,39,517,73,47,255,5.4,17,26,262,10.1,13,19,0,25
2021,8,2021-10-23T19:30:00.000Z,401309878,Colorado,3,104,46,28,35,1.3,9,18,69,3.8,3,12,1,7
2021,8,2021-10-23T19:30:00.000Z,401309878,California,26,438,70,40,213,5.3,22,30,225,7.5,6,15,0,23
2021,1,2021-09-05T02:30:00.000Z,401309837,California,17,330,65,27,153,5.7,25,38,177,4.7,6,14,1,17
2021,2,2021-09-11T19:30:00.000Z,401287900,TCU,34,505,81,50,271,5.4,17,31,234,7.5,10,18,1,31
2021,2,2021-09-11T19:30:00.000Z,401287900,California,32,442,54,27,133,4.9,16,27,309,11.4,5,13,0,16
2021,3,2021-09-18T20:00:00.000Z,401309849,California,42,534,67,33,246,7.5,22,34,288,8.5,5,9,1,29
2021,4,2021-09-26T01:30:00.000Z,401309857,Washington,31,326,62,30,92,3.1,19,32,234,7.3,6,14,1,18
2021,4,2021-09-26T01:30:00.000Z,401309857,California,24,457,79,37,138,3.7,30,42,319,7.6,9,17,3,21
2021,10,2021-11-06T19:30:00.000Z,401301037,Cincinnati,28,380,58,35,106,3.0,15,23,274,11.9,7,12,3,18
2021,14,2021-12-04T21:00:00.000Z,401331162,Houston,20,336,73,47,86,1.8,17,26,250,9.6,5,15,1,22
2021,14,2021-12-04T21:00:00.000Z,401331162,Cincinnati,35,400,45,28,210,7.5,11,17,190,11.2,0,8,0,14
2021,8,2021-10-23T16:00:00.000Z,401301027,Cincinnati,27,271,51,21,95,4.5,18,30,176,5.9,6,12,1,14
2021,9,2021-10-30T16:00:00.000Z,401301032,Cincinnati,31,351,64,37,124,3.4,17,27,227,8.4,4,12,1,18
2021,7,2021-10-16T16:00:00.000Z,401301023,UCF,21,296,64,37,155,4.2,16,27,141,5.2,7,17,3,14
2021,7,2021-10-16T16:00:00.000Z,401301023,Cincinnati,56,476,65,42,336,8.0,13,23,140,6.1,7,12,1,23
2021,6,2021-10-08T23:00:00.000Z,401301018,Cincinnati,52,542,64,33,279,8.5,23,31,263,8.5,8,13,0,23
2021,5,2021-10-02T18:30:00.000Z,401282708,Cincinnati,24,390,62,30,93,3.1,19,32,297,9.3,2,11,1,16
2021,13,2021-11-26T20:30:00.000Z,401301051,Cincinnati,35,444,64,36,143,4.0,17,28,301,10.8,4,12,3,20
2021,12,2021-11-20T20:30:00.000Z,401301046,SMU,14,199,57,31,133,4.3,15,26,66,2.5,2,11,1,15
2021,12,2021-11-20T20:30:00.000Z,401301046,Cincinnati,48,544,71,41,249,6.1,21,30,295,9.8,6,13,0,24
2021,11,2021-11-12T23:00:00.000Z,401301040,Cincinnati,45,506,76,36,202,5.6,31,40,304,7.6,5,11,3,30
2021,1,2021-09-04T19:30:00.000Z,401300996,Cincinnati,49,542,57,31,247,8.0,20,26,295,11.3,3,6,3,27
2021,3,2021-09-18T16:00:00.000Z,401282725,Cincinnati,38,328,72,36,118,3.3,20,36,210,5.8,4,14,2,20
2021,3,2021-09-18T16:00:00.000Z,401282725,Indiana,24,376,77,37,152,4.1,17,40,224,5.6,6,16,4,20
2021,2,2021-09-11T19:30:00.000Z,401301002,Cincinnati,42,391,57,32,130,4.1,15,25,261,10.4,4,10,1,17
2021,11,2021-11-13T17:00:00.000Z,401282684,Clemson,44,476,99,42,129,3.1,27,57,347,6.1,5,22,2,26
2021,12,2021-11-20T17:00:00.000Z,401282693,Wake Forest,27,406,75,31,36,1.2,28,44,370,8.4,8,17,3,24
2021,12,2021-11-20T17:00:00.000Z,401282693,Clemson,48,543,74,54,333,6.2,12,20,210,10.5,7,11,3,25
2021,7,2021-10-15T23:00:00.000Z,401282657,Clemson,17,314,73,37,116,3.1,22,36,198,5.5,5,15,0,20
2021,7,2021-10-15T23:00:00.000Z,401282657,Syracuse,14,356,67,30,165,5.5,17,37,191,5.2,5,15,1,18
2021,8,2021-10-23T19:30:00.000Z,401282666,Clemson,17,315,62,30,164,5.5,15,32,151,4.7,4,11,2,19
2021,8,2021-10-23T19:30:00.000Z,401282666,Pittsburgh,27,464,82,43,162,3.8,25,39,302,7.7,10,19,1,26
2021,13,2021-11-28T00:30:00.000Z,401282152,Clemson,30,364,62,43,265,6.2,9,19,99,5.2,3,12,1,17
2021,13,2021-11-28T00:30:00.000Z,401282152,South Carolina,0,206,62,20,43,2.2,19,42,163,3.9,4,16,2,12
2021,10,2021-11-06T23:30:00.000Z,401282680,Clemson,30,345,67,36,125,3.5,18,31,220,7.1,5,14,1,22
2021,10,2021-11-06T23:30:00.000Z,401282680,Louisville,24,397,70,47,223,4.7,12,23,174,7.6,6,17,0,17
2021,9,2021-10-30T19:30:00.000Z,401282670,Florida State,20,241,56,34,65,1.9,14,22,176,8.0,4,13,2,12
2021,9,2021-10-30T19:30:00.000Z,401282670,Clemson,30,377,74,43,188,4.4,19,31,189,6.1,4,14,3,22
2021,1,2021-09-04T23:30:00.000Z,401281946,Clemson,3,180,60,23,2,0.1,19,37,178,4.8,5,16,1,14
2021,1,2021-09-04T23:30:00.000Z,401281946,Georgia,10,256,61,31,121,3.9,22,30,135,4.5,7,15,2,15
2021,2,2021-09-11T21:00:00.000Z,401282615,Clemson,49,504,75,36,242,6.7,23,39,262,6.7,8,13,3,26
2021,4,2021-09-25T19:30:00.000Z,401282643,Clemson,21,214,49,23,103,4.5,12,26,111,4.3,2,11,1,10
2021,4,2021-09-25T19:30:00.000Z,401282643,NC State,27,386,96,51,148,2.9,32,45,238,5.3,11,21,1,31
2021,3,2021-09-18T19:30:00.000Z,401282627,Clemson,14,284,66,41,158,3.9,18,25,126,5.0,9,15,1,19
2021,3,2021-09-18T19:30:00.000Z,401282627,Georgia Tech,8,298,72,38,95,2.5,20,34,203,6.0,3,14,1,20
2021,13,2021-11-26T21:00:00.000Z,401309906,Colorado,13,148,55,32,64,2.0,9,23,84,3.7,7,16,0,9
2021,13,2021-11-26T21:00:00.000Z,401309906,Utah,28,444,68,45,265,5.9,14,23,179,7.8,6,12,1,23
2021,12,2021-11-20T20:00:00.000Z,401309903,Washington,17,426,84,28,38,1.4,34,56,388,6.9,14,21,4,22
2021,12,2021-11-20T20:00:00.000Z,401309903,Colorado,20,183,52,27,71,2.6,14,25,112,4.5,2,14,0,9
2021,5,2021-10-02T18:00:00.000Z,401309867,Colorado,14,242,56,39,80,2.1,10,17,162,9.5,1,10,2,11
2021,5,2021-10-02T18:00:00.000Z,401309867,USC,37,494,64,35,218,6.2,19,29,276,9.5,5,12,1,20
2021,11,2021-11-14T02:00:00.000Z,401309898,Colorado,20,358,76,47,192,4.1,18,29,166,5.7,3,13,1,20
2021,11,2021-11-14T02:00:00.000Z,401309898,UCLA,44,501,67,41,244,6.0,18,26,257,9.9,4,10,1,27
2021,9,2021-10-30T19:30:00.000Z,401309884,Colorado,29,341,63,30,117,3.9,25,33,224,6.8,5,13,0,19
2021,9,2021-10-30T19:30:00.000Z,401309884,Oregon,52,568,72,36,256,7.1,26,36,312,8.7,7,10,1,32
2021,10,2021-11-06T23:00:00.000Z,401309891,Colorado,37,392,68,44,222,5.0,15,24,170,7.1,7,16,0,20
2021,2,2021-09-11T19:30:00.000Z,401282067,Colorado,7,260,63,38,171,4.5,13,25,89,3.6,4,14,1,14
2021,2,2021-09-11T19:30:00.000Z,401282067,Texas A&M,10,289,69,29,98,3.4,19,40,191,4.8,8,20,1,14
2021,3,2021-09-18T17:00:00.000Z,401282791,Colorado,0,63,45,21,-19,-0.9,12,24,82,3.4,2,12,2,6
2021,3,2021-09-18T17:00:00.000Z,401282791,Minnesota,30,441,70,53,277,5.2,11,17,164,9.6,3,11,0,22
2021,1,2021-09-04T01:00:00.000Z,401309836,Colorado,35,383,64,49,281,5.7,10,15,102,6.8,6,10,0,22
2021,7,2021-10-16T16:30:00.000Z,401282660,Duke,0,325,81,35,110,3.1,28,46,215,4.7,7,17,4,18
2021,7,2021-10-16T16:30:00.000Z,401282660,Virginia,48,528,79,33,164,5.0,25,46,364,7.9,3,11,1,29
2021,11,2021-11-13T20:30:00.000Z,401282689,Duke,17,343,77,49,196,4.0,13,28,147,5.3,5,17,1,20
2021,11,2021-11-13T20:30:00.000Z,401282689,Virginia Tech,48,573,59,41,297,7.2,11,18,276,15.3,4,10,1,23
2021,12,2021-11-19T00:30:00.000Z,401282691,Louisville,62,687,62,37,384,10.4,18,25,303,12.1,7,11,0,29
2021,12,2021-11-19T00:30:00.000Z,401282691,Duke,22,458,80,30,183,6.1,33,50,275,5.5,4,13,2,29
2021,13,2021-11-27T17:30:00.000Z,401282701,Miami,47,530,88,36,140,3.9,35,52,390,7.5,8,17,0,33
2021,13,2021-11-27T17:30:00.000Z,401282701,Duke,10,219,69,34,62,1.8,21,35,157,4.5,9,19,1,15
2021,9,2021-10-30T20:00:00.000Z,401282676,Duke,7,315,62,38,160,4.2,12,24,155,6.5,4,15,1,12
2021,9,2021-10-30T20:00:00.000Z,401282676,Wake Forest,45,677,83,42,266,6.3,25,41,411,10.0,12,18,1,29
2021,6,2021-10-09T16:30:00.000Z,401282652,Georgia Tech,31,440,64,39,143,3.7,12,25,297,11.9,4,13,2,17
2021,6,2021-10-09T16:30:00.000Z,401282652,Duke,27,489,91,62,197,3.2,22,29,292,10.1,9,21,1,27
2021,10,2021-11-06T16:00:00.000Z,401282678,Pittsburgh,54,636,86,42,220,5.2,28,44,416,9.5,9,14,2,30
2021,10,2021-11-06T16:00:00.000Z,401282678,Duke,29,376,88,50,135,2.7,23,38,241,6.3,8,19,2,26
2021,5,2021-10-02T16:00:00.000Z,401282650,North Carolina,38,456,70,38,135,3.6,18,32,321,10.0,9,17,0,21
2021,5,2021-10-02T16:00:00.000Z,401282650,Duke,7,314,63,39,130,3.3,17,24,184,7.7,2,15,2,15
2021,2,2021-09-11T00:00:00.000Z,401282616,Duke,45,433,71,38,150,3.9,22,33,283,8.6,9,15,0,24
2021,3,2021-09-18T20:00:00.000Z,401282628,Duke,30,558,98,53,208,3.9,32,45,350,7.8,11,22,3,26
2021,3,2021-09-18T20:00:00.000Z,401282628,Northwestern,23,417,71,32,157,4.9,19,39,260,6.7,5,13,5,22
2021,4,2021-09-25T20:00:00.000Z,401282639,Duke,52,607,81,52,279,5.4,22,29,328,11.3,10,16,2,27
2021,4,2021-09-25T20:00:00.000Z,401282639,Kansas,33,530,72,40,207,5.2,19,32,323,10.1,3,14,2,21
2021,1,2021-09-03T23:00:00.000Z,401282052,Duke,28,581,73,44,353,8.0,20,29,228,7.9,8,14,2,23
2021,5,2021-10-02T22:00:00.000Z,401282091,Florida,13,382,71,39,171,4.4,24,32,211,6.6,4,13,1,21
2021,5,2021-10-02T22:00:00.000Z,401282091,Kentucky,20,224,47,30,137,4.6,7,17,87,5.1,1,9,1,13
2021,7,2021-10-16T16:00:00.000Z,401282106,Florida,42,488,75,35,138,3.9,23,40,350,8.8,7,14,4,27
2021,7,2021-10-16T16:00:00.000Z,401282106,LSU,49,454,69,45,321,7.1,14,24,133,5.5,5,12,0,22
2021,13,2021-11-27T17:00:00.000Z,401282147,Florida State,21,348,66,33,145,4.4,20,33,203,6.2,5,12,3,23
2021,13,2021-11-27T17:00:00.000Z,401282147,Florida,24,357,77,46,139,3.0,21,31,218,7.0,11,19,3,23
2021,6,2021-10-09T16:00:00.000Z,401282098,Vanderbilt,0,287,79,34,88,2.6,24,45,199,4.4,8,20,2,18
2021,6,2021-10-09T16:00:00.000Z,401282098,Florida,42,479,62,34,181,5.3,18,28,298,10.6,2,9,2,18
2021,12,2021-11-20T21:00:00.000Z,401282141,Florida,23,360,71,38,93,2.4,21,33,267,8.1,5,18,0,17
2021,12,2021-11-20T21:00:00.000Z,401282141,Missouri,24,286,62,36,121,3.4,15,26,165,6.3,3,15,0,16
2021,11,2021-11-13T17:00:00.000Z,401282129,Florida,70,717,69,35,253,7.2,28,34,464,13.6,7,11,0,30
2021,10,2021-11-06T23:30:00.000Z,401282125,Florida,17,340,56,26,82,3.2,17,30,258,8.6,3,10,2,13
2021,10,2021-11-06T23:30:00.000Z,401282125,South Carolina,40,459,66,42,284,6.8,14,24,175,7.3,2,12,0,21
2021,9,2021-10-30T19:30:00.000Z,401282117,Georgia,34,354,52,33,193,5.8,10,19,161,8.5,4,9,3,18
2021,9,2021-10-30T19:30:00.000Z,401282117,Florida,7,355,74,39,161,4.1,22,35,194,5.5,4,13,3,20
2021,1,2021-09-04T23:30:00.000Z,401281945,Florida,35,553,81,46,400,8.7,20,35,153,4.4,10,16,2,26
2021,2,2021-09-11T17:00:00.000Z,401282059,Florida,42,666,69,44,363,8.3,17,25,303,12.1,4,12,2,26
2021,4,2021-09-25T23:00:00.000Z,401282084,Florida,38,505,68,40,283,7.1,22,28,222,7.9,9,14,1,25
2021,4,2021-09-25T23:00:00.000Z,401282084,Tennessee,14,423,68,37,148,4.0,15,31,275,8.9,5,13,0,20
2021,11,2021-11-13T20:30:00.000Z,401282685,Miami,28,359,70,23,43,1.9,25,47,316,6.7,6,16,3,18
2021,11,2021-11-13T20:30:00.000Z,401282685,Florida State,31,434,74,48,160,3.3,18,26,274,10.5,3,15,1,24
2021,8,2021-10-23T16:00:00.000Z,401282663,Florida State,59,586,60,45,365,8.1,10,15,221,14.7,6,9,1,25
2021,6,2021-10-09T19:30:00.000Z,401282654,Florida State,35,383,54,41,238,5.8,11,13,145,11.2,7,10,0,22
2021,6,2021-10-09T19:30:00.000Z,401282654,North Carolina,25,432,68,36,229,6.4,17,32,203,6.3,7,13,1,27
2021,5,2021-10-02T19:30:00.000Z,401282648,Florida State,33,378,69,37,247,6.7,22,32,131,4.1,6,15,2,22
2021,5,2021-10-02T19:30:00.000Z,401282648,Syracuse,30,389,63,40,239,6.0,13,23,150,6.5,2,12,1,18
2021,10,2021-11-06T20:00:00.000Z,401282679,NC State,28,400,69,37,86,2.3,21,32,314,9.8,8,18,1,16
2021,10,2021-11-06T20:00:00.000Z,401282679,Florida State,14,271,71,27,38,1.4,22,44,233,5.3,2,16,1,18
2021,3,2021-09-18T19:30:00.000Z,401282635,Wake Forest,35,484,89,58,225,3.9,22,31,259,8.4,8,18,2,27
2021,3,2021-09-18T19:30:00.000Z,401282635,Florida State,14,317,51,29,91,3.1,16,22,226,10.3,1,6,6,16
2021,1,2021-09-05T23:30:00.000Z,401282614,Florida State,38,442,74,48,264,5.5,14,26,178,6.8,7,16,3,19
2021,4,2021-09-25T19:30:00.000Z,401282640,Florida State,23,453,75,36,205,5.7,24,39,248,6.4,5,16,1,23
2021,4,2021-09-25T19:30:00.000Z,401282640,Louisville,31,395,81,41,131,3.2,25,40,264,6.6,9,19,0,21
2021,2,2021-09-12T00:00:00.000Z,401282617,Florida State,17,335,71,37,202,5.5,18,34,133,3.9,4,14,1,21
2021,7,2021-10-16T19:30:00.000Z,401282105,Kentucky,13,243,69,27,51,1.9,32,42,192,4.6,9,19,0,16
2021,7,2021-10-16T19:30:00.000Z,401282105,Georgia,30,416,47,27,166,6.1,14,20,250,12.5,2,7,0,20
2021,12,2021-11-20T17:00:00.000Z,401282136,Georgia,56,488,69,32,233,7.3,20,37,255,6.9,6,13,3,22
2021,13,2021-11-27T17:00:00.000Z,401282148,Georgia,45,463,51,31,208,6.7,14,20,255,12.8,2,5,0,21
2021,13,2021-11-27T17:00:00.000Z,401282148,Georgia Tech,0,166,51,35,98,2.8,8,16,68,4.3,5,14,0,9
2021,11,2021-11-13T20:30:00.000Z,401282133,Georgia,41,487,70,41,274,6.7,17,29,213,7.3,5,12,0,26
2021,11,2021-11-13T20:30:00.000Z,401282133,Tennessee,17,387,84,36,55,1.5,30,48,332,6.9,9,20,2,22
2021,10,2021-11-06T16:00:00.000Z,401282122,Missouri,6,273,67,35,121,3.5,20,32,152,4.8,6,17,0,15
2021,10,2021-11-06T16:00:00.000Z,401282122,Georgia,43,505,63,33,168,5.1,20,30,337,11.2,4,9,1,25
2021,3,2021-09-18T23:00:00.000Z,401282072,Georgia,40,491,66,31,184,5.9,24,35,307,8.8,9,12,3,26
2021,3,2021-09-18T23:00:00.000Z,401282072,South Carolina,13,304,63,34,90,2.6,14,29,214,7.4,8,17,2,13
2021,4,2021-09-25T16:00:00.000Z,401282088,Georgia,62,532,76,48,241,5.0,21,28,291,10.4,6,14,1,28
2021,4,2021-09-25T16:00:00.000Z,401282088,Vanderbilt,0,77,46,28,53,1.9,5,18,24,1.3,2,13,3,4
2021,2,2021-09-11T19:30:00.000Z,401282060,Georgia,56,539,60,38,163,4.3,14,22,376,17.1,6,11,1,23
2021,12,2021-11-20T19:30:00.000Z,401282697,Georgia Tech,0,224,63,35,128,3.7,14,28,96,3.4,3,15,2,11
2021,8,2021-10-23T23:30:00.000Z,401282667,Georgia Tech,40,570,78,34,270,7.9,27,44,300,6.8,6,13,1,28
2021,8,2021-10-23T23:30:00.000Z,401282667,Virginia,48,636,73,30,240,8.0,29,43,396,9.2,7,11,0,32
2021,10,2021-11-06T16:30:00.000Z,401282681,Georgia Tech,30,329,70,32,135,4.2,21,38,194,5.1,8,20,1,15
2021,10,2021-11-06T16:30:00.000Z,401282681,Miami,33,563,76,42,174,4.1,22,34,389,11.4,6,13,3,24
2021,9,2021-10-30T16:00:00.000Z,401282671,Virginia Tech,26,487,78,53,233,4.4,15,25,254,10.2,9,19,0,23
2021,9,2021-10-30T16:00:00.000Z,401282671,Georgia Tech,17,366,56,30,183,6.1,15,26,183,7.0,3,12,2,16
2021,5,2021-10-02T16:00:00.000Z,401282649,Pittsburgh,52,580,78,41,181,4.4,24,37,399,10.8,6,13,0,27
2021,5,2021-10-02T16:00:00.000Z,401282649,Georgia Tech,21,432,64,31,73,2.4,24,33,359,10.9,2,11,2,21
2021,2,2021-09-11T16:00:00.000Z,401282618,Georgia Tech,45,412,59,36,158,4.4,17,23,254,11.0,6,11,1,20
2021,4,2021-09-25T23:30:00.000Z,401282641,Georgia Tech,45,394,62,43,261,6.1,13,19,133,7.0,3,11,0,19
2021,4,2021-09-25T23:30:00.000Z,401282641,North Carolina,22,369,74,35,63,1.8,25,39,306,7.8,6,14,3,18
2021,1,2021-09-04T23:30:00.000Z,401282610,Georgia Tech,21,429,78,51,271,5.3,16,27,158,5.9,9,18,1,25
2021,8,2021-10-23T20:00:00.000Z,401301028,Houston,31,256,65,36,87,2.4,19,29,169,5.8,3,13,1,16
2021,9,2021-10-30T23:00:00.000Z,401301034,Houston,44,489,76,38,77,2.0,27,38,412,10.8,9,16,1,23
2021,9,2021-10-30T23:00:00.000Z,401301034,SMU,37,355,61,24,50,2.1,24,37,305,8.2,5,14,1,18
2021,12,2021-11-20T02:00:00.000Z,401301045,Houston,31,461,71,37,197,5.3,20,34,264,7.8,8,15,2,25
2021,6,2021-10-07T23:30:00.000Z,401301017,Houston,40,435,72,36,147,4.1,23,36,288,8.0,8,17,0,18
2021,10,2021-11-06T23:30:00.000Z,401301038,Houston,54,646,65,39,261,6.7,21,26,385,14.8,3,10,0,30
2021,11,2021-11-13T17:00:00.000Z,401301043,Houston,37,446,81,45,217,4.8,22,36,229,6.4,5,15,0,24
2021,13,2021-11-27T17:00:00.000Z,401301052,Houston,45,483,65,32,160,5.0,23,33,323,9.8,7,13,1,22
2021,4,2021-09-25T23:00:00.000Z,401301008,Houston,28,384,62,31,127,4.1,22,31,257,8.3,5,11,0,20
2021,3,2021-09-18T23:00:00.000Z,401301005,Houston,45,422,74,45,164,3.6,18,29,258,8.9,7,16,1,24
2021,1,2021-09-04T23:00:00.000Z,401287886,Houston,21,251,73,35,77,2.2,27,38,174,4.6,6,18,4,15
2021,1,2021-09-04T23:00:00.000Z,401287886,Texas Tech,38,376,52,28,145,5.2,17,24,231,9.6,4,10,1,15
2021,2,2021-09-11T22:30:00.000Z,401282189,Houston,44,393,68,35,144,4.1,23,33,249,7.5,8,13,0,23
2021,5,2021-10-01T23:30:00.000Z,401301012,Houston,45,405,62,33,144,4.4,19,29,261,9.0,3,11,1,22
2021,1,2021-09-04T23:30:00.000Z,401282179,Illinois,30,416,78,35,150,4.3,22,43,266,6.2,8,18,1,24
2021,12,2021-11-20T19:00:00.000Z,401282721,Illinois,23,312,61,25,64,2.6,16,36,248,6.9,4,16,2,11
2021,12,2021-11-20T19:00:00.000Z,401282721,Iowa,33,255,70,52,172,3.3,6,18,83,4.6,5,16,1,17
2021,8,2021-10-23T16:00:00.000Z,401282717,Illinois,20,395,88,67,357,5.3,8,21,38,1.8,9,18,3,26
2021,8,2021-10-23T16:00:00.000Z,401282717,Penn State,18,227,63,29,62,2.1,19,34,165,4.9,4,17,0,14
2021,6,2021-10-09T19:30:00.000Z,401282718,Wisconsin,24,491,80,61,391,6.4,10,19,100,5.3,7,13,2,30
2021,6,2021-10-09T19:30:00.000Z,401282718,Illinois,0,93,47,13,26,2.0,11,34,67,2.0,1,12,0,9
2021,10,2021-11-06T16:00:00.000Z,401282720,Illinois,14,265,58,48,185,3.9,7,10,80,8.0,5,12,0,17
2021,10,2021-11-06T16:00:00.000Z,401282720,Minnesota,6,289,64,35,89,2.5,16,29,200,6.9,3,13,2,19
2021,13,2021-11-27T20:30:00.000Z,401282722,Northwestern,14,241,73,48,118,2.5,12,25,123,4.9,6,19,2,14
2021,13,2021-11-27T20:30:00.000Z,401282722,Illinois,47,459,61,38,217,5.7,14,23,242,10.5,5,13,1,18
2021,9,2021-10-30T16:00:00.000Z,401282719,Rutgers,20,388,78,51,230,4.5,13,27,158,5.9,3,15,0,23
2021,9,2021-10-30T16:00:00.000Z,401282719,Illinois,14,297,49,30,107,3.6,14,19,190,10.0,3,12,0,10
2021,2,2021-09-11T15:00:00.000Z,401282624,Virginia,42,556,73,33,133,4.0,28,40,423,10.6,4,10,2,31
2021,2,2021-09-11T15:00:00.000Z,401282624,Illinois,14,337,72,27,116,4.3,24,45,221,4.9,6,17,2,20
2021,5,2021-10-02T16:00:00.000Z,401282219,Illinois,24,414,69,50,336,6.7,10,19,78,4.1,8,14,1,22
2021,4,2021-09-25T19:30:00.000Z,401282716,Purdue,13,315,66,26,38,1.5,24,40,277,6.9,7,14,2,17
2021,4,2021-09-25T19:30:00.000Z,401282716,Illinois,9,275,69,42,175,4.2,14,27,100,3.7,5,16,0,17
2021,1,2021-08-28T17:20:00.000Z,401282714,Illinois,30,326,67,48,167,3.5,15,19,159,8.4,6,13,1,18
2021,1,2021-08-28T17:20:00.000Z,401282714,Nebraska,22,392,71,39,160,4.1,16,32,232,7.3,5,14,1,19
2021,3,2021-09-18T01:00:00.000Z,401282715,Illinois,17,368,71,45,183,4.1,10,26,185,7.1,8,17,1,19
2021,3,2021-09-18T01:00:00.000Z,401282715,Maryland,20,481,70,27,131,4.9,32,43,350,8.1,2,10,2,24
2021,7,2021-10-16T16:00:00.000Z,401282731,Michigan State,20,241,62,35,100,2.9,15,27,141,5.2,5,16,2,14
2021,7,2021-10-16T16:00:00.000Z,401282731,Indiana,15,322,88,36,134,3.7,28,52,188,3.6,8,20,3,23
2021,11,2021-11-13T17:00:00.000Z,401282728,Rutgers,38,320,69,50,218,4.4,10,19,102,5.4,6,17,0,18
2021,11,2021-11-13T17:00:00.000Z,401282728,Indiana,3,259,74,32,82,2.6,18,42,177,4.2,1,14,6,18
2021,12,2021-11-20T20:30:00.000Z,401282732,Minnesota,35,391,68,48,195,4.1,14,20,196,9.8,7,13,0,20
2021,12,2021-11-20T20:30:00.000Z,401282732,Indiana,14,218,52,33,141,4.3,8,19,77,4.1,7,13,2,12
2021,8,2021-10-23T23:30:00.000Z,401282730,Ohio State,54,539,69,32,187,5.8,28,37,352,9.5,6,9,0,31
2021,8,2021-10-23T23:30:00.000Z,401282730,Indiana,7,128,54,37,48,1.3,8,17,80,4.7,5,14,0,10
2021,10,2021-11-06T23:30:00.000Z,401282727,Indiana,7,195,60,35,107,3.1,10,25,88,3.5,4,14,1,11
2021,10,2021-11-06T23:30:00.000Z,401282727,Michigan,29,411,66,38,188,4.9,15,28,223,8.0,3,12,1,19
2021,13,2021-11-27T20:30:00.000Z,401282753,Indiana,7,204,62,32,57,1.8,18,30,147,4.9,7,15,1,17
2021,13,2021-11-27T20:30:00.000Z,401282753,Purdue,44,447,61,28,167,6.0,27,33,280,8.5,2,8,0,25
2021,9,2021-10-30T16:00:00.000Z,401282726,Indiana,35,446,67,42,204,4.9,14,25,242,9.7,4,16,0,17
2021,9,2021-10-30T16:00:00.000Z,401282726,Maryland,38,498,86,46,79,1.7,26,40,419,10.5,7,15,0,30
2021,4,2021-09-26T00:00:00.000Z,401282214,Indiana,33,507,92,39,134,3.4,35,53,373,7.0,11,18,0,35
2021,2,2021-09-11T23:30:00.000Z,401282724,Indiana,56,338,70,50,179,3.6,13,20,159,8.0,7,15,0,20
2021,5,2021-10-02T23:30:00.000Z,401282729,Indiana,0,264,58,24,69,2.9,16,34,195,5.7,3,14,2,12
2021,5,2021-10-02T23:30:00.000Z,401282729,Penn State,24,408,76,42,209,5.0,18,34,199,5.9,6,16,1,20
2021,1,2021-09-04T19:30:00.000Z,401282723,Iowa,34,303,64,36,158,4.4,13,28,145,5.2,4,12,2,18
2021,1,2021-09-04T19:30:00.000Z,401282723,Indiana,6,233,64,31,77,2.5,14,33,156,4.7,6,18,3,11
2021,14,2021-12-05T01:00:00.000Z,401331447,Michigan,42,461,62,34,211,6.2,18,28,250,8.9,4,10,2,21
2021,14,2021-12-05T01:00:00.000Z,401331447,Iowa,3,279,71,33,104,3.2,19,38,175,4.6,5,19,1,15
2021,7,2021-10-16T19:30:00.000Z,401282760,Purdue,24,464,76,33,86,2.6,31,43,378,8.8,9,16,1,24
2021,7,2021-10-16T19:30:00.000Z,401282760,Iowa,7,271,62,30,76,2.5,17,32,195,6.1,7,13,4,17
2021,13,2021-11-26T18:30:00.000Z,401282761,Iowa,28,364,64,37,186,5.0,13,27,178,6.6,7,14,1,19
2021,13,2021-11-26T18:30:00.000Z,401282761,Nebraska,21,327,65,43,129,3.0,16,22,198,9.0,5,13,2,18
2021,10,2021-11-06T23:00:00.000Z,401282757,Iowa,17,361,70,38,185,4.9,20,32,176,5.5,2,14,0,19
2021,10,2021-11-06T23:00:00.000Z,401282757,Northwestern,12,363,75,31,93,3.0,25,44,270,6.1,6,18,3,20
2021,11,2021-11-13T20:30:00.000Z,401282762,Minnesota,22,409,83,50,189,3.8,15,33,220,6.7,7,19,0,23
2021,11,2021-11-13T20:30:00.000Z,401282762,Iowa,27,277,49,25,71,2.8,11,24,206,8.6,4,12,1,12
2021,9,2021-10-30T16:00:00.000Z,401282763,Iowa,7,156,55,30,24,0.8,12,25,132,5.3,2,13,3,9
2021,9,2021-10-30T16:00:00.000Z,401282763,Wisconsin,27,270,70,48,166,3.5,11,22,104,4.7,6,16,0,16
2021,5,2021-10-02T00:00:00.000Z,401282759,Iowa,51,428,80,42,145,3.5,23,38,283,7.4,5,13,0,24
2021,5,2021-10-02T00:00:00.000Z,401282759,Maryland,14,271,54,17,97,5.7,21,37,174,4.7,3,9,7,14
2021,6,2021-10-09T20:00:00.000Z,401282758,Iowa,23,305,76,45,110,2.4,17,31,195,6.3,7,19,1,18
2021,6,2021-10-09T20:00:00.000Z,401282758,Penn State,20,287,79,33,107,3.2,22,46,180,3.9,5,16,4,18
2021,2,2021-09-11T20:30:00.000Z,401282754,Iowa State,17,339,70,27,87,3.2,24,43,252,5.9,3,12,4,21
2021,2,2021-09-11T20:30:00.000Z,401282754,Iowa,27,173,60,39,67,1.7,11,21,106,5.0,4,15,0,11
2021,3,2021-09-18T19:30:00.000Z,401282755,Iowa,30,418,75,38,206,5.4,26,37,212,5.7,8,16,1,21
2021,4,2021-09-25T19:30:00.000Z,401282756,Iowa,24,278,55,32,54,1.7,15,23,224,9.7,4,13,1,12
2021,7,2021-10-16T23:30:00.000Z,401287922,Iowa State,33,418,60,35,210,6.0,22,25,208,8.3,9,15,0,19
2021,7,2021-10-16T23:30:00.000Z,401287922,Kansas State,20,342,56,33,136,4.1,15,23,206,9.0,6,11,1,21
2021,5,2021-10-02T23:00:00.000Z,401287912,Kansas,7,302,66,44,175,4.0,11,22,127,5.8,5,14,2,18
2021,5,2021-10-02T23:00:00.000Z,401287912,Iowa State,59,564,60,33,290,8.8,19,27,274,10.1,4,9,0,25
2021,11,2021-11-13T20:30:00.000Z,401287942,Iowa State,38,445,67,25,89,3.6,32,42,356,8.5,5,10,2,26
2021,11,2021-11-13T20:30:00.000Z,401287942,Texas Tech,41,529,67,34,207,6.1,25,33,322,9.8,8,14,1,23
2021,8,2021-10-23T19:30:00.000Z,401287925,Oklahoma State,21,332,56,32,107,3.3,15,24,225,9.4,2,10,0,16
2021,8,2021-10-23T19:30:00.000Z,401287925,Iowa State,24,374,66,33,67,2.0,27,33,307,9.3,5,14,0,18
2021,10,2021-11-06T23:30:00.000Z,401287934,Texas,7,207,64,35,104,3.0,16,29,103,3.6,5,16,2,11
2021,10,2021-11-06T23:30:00.000Z,401287934,Iowa State,30,476,73,34,175,5.1,28,39,301,7.7,3,13,1,23
2021,12,2021-11-20T17:00:00.000Z,401287944,Iowa State,21,361,87,35,51,1.5,35,52,310,6.0,4,18,3,25
2021,12,2021-11-20T17:00:00.000Z,401287944,Oklahoma,28,305,53,34,209,6.1,9,19,96,5.1,1,10,1,14
2021,13,2021-11-26T21:30:00.000Z,401287949,TCU,14,348,65,39,132,3.4,15,26,216,8.3,6,14,1,18
2021,13,2021-11-26T21:30:00.000Z,401287949,Iowa State,48,541,53,23,279,12.1,21,30,262,8.7,5,10,0,22
2021,3,2021-09-19T02:30:00.000Z,401287906,Iowa State,48,493,67,37,184,5.0,23,30,309,10.3,4,9,1,27
2021,1,2021-09-04T20:30:00.000Z,401287887,Iowa State,16,335,60,34,136,4.0,21,26,199,7.7,5,14,0,17
2021,9,2021-10-30T18:00:00.000Z,401287933,Iowa State,31,424,61,34,239,7.0,16,27,185,6.9,2,12,1,16
2021,9,2021-10-30T18:00:00.000Z,401287933,West Virginia,38,492,76,29,122,4.2,30,47,370,7.9,9,15,2,28
2021,7,2021-10-16T20:00:00.000Z,401287921,Texas Tech,41,438,67,42,244,5.8,18,25,194,7.8,9,11,2,23
2021,7,2021-10-16T20:00:00.000Z,401287921,Kansas,14,273,61,33,145,4.4,15,28,128,4.6,5,13,1,17
2021,11,2021-11-14T00:30:00.000Z,401287941,Kansas,57,420,74,43,218,5.1,21,31,202,6.5,11,17,0,22
2021,11,2021-11-14T00:30:00.000Z,401287941,Texas,56,574,81,32,164,5.1,33,49,410,8.4,7,11,4,30
2021,8,2021-10-23T16:00:00.000Z,401287926,Oklahoma,35,398,54,34,220,6.5,15,20,178,8.9,6,10,1,18
2021,8,2021-10-23T16:00:00.000Z,401287926,Kansas,23,412,65,42,166,4.0,17,23,246,10.7,9,13,1,23
2021,10,2021-11-06T16:00:00.000Z,401287935,Kansas State,35,504,57,30,242,8.1,21,27,262,9.7,6,9,0,22
2021,10,2021-11-06T16:00:00.000Z,401287935,Kansas,10,274,59,30,88,2.9,19,29,186,6.4,3,13,0,15
2021,13,2021-11-28T00:00:00.000Z,401287950,West Virginia,34,436,72,50,261,5.2,17,22,175,8.0,5,14,2,23
2021,13,2021-11-28T00:00:00.000Z,401287950,Kansas,28,336,59,27,87,3.2,22,32,249,7.8,4,12,2,15
2021,9,2021-10-30T23:00:00.000Z,401287932,Kansas,3,143,51,33,99,3.0,9,18,44,2.4,0,13,3,7
2021,9,2021-10-30T23:00:00.000Z,401287932,Oklahoma State,55,535,79,47,292,6.2,20,32,243,7.6,7,14,0,31
2021,12,2021-11-20T21:00:00.000Z,401287945,Kansas,28,379,61,31,124,4.0,22,30,255,8.5,4,11,1,21
2021,12,2021-11-20T21:00:00.000Z,401287945,TCU,31,492,65,49,326,6.7,10,16,166,10.4,7,14,2,19
2021,2,2021-09-10T23:30:00.000Z,401287896,Kansas,22,412,67,38,174,4.6,15,29,238,8.2,7,15,0,16
2021,1,2021-09-04T00:00:00.000Z,401287888,Kansas,17,245,67,41,82,2.0,17,26,163,6.3,5,17,0,13
2021,8,2021-10-23T16:00:00.000Z,401287928,Texas Tech,24,318,56,37,170,4.6,10,19,148,7.8,2,11,1,14
2021,8,2021-10-23T16:00:00.000Z,401287928,Kansas State,25,377,59,29,71,2.4,24,30,306,10.2,5,13,2,17
2021,13,2021-11-26T17:00:00.000Z,401287952,Kansas State,17,293,48,35,228,6.5,9,13,65,5.0,1,9,0,13
2021,13,2021-11-26T17:00:00.000Z,401287952,Texas,22,381,68,44,209,4.8,18,24,172,7.2,8,16,1,20
2021,11,2021-11-13T17:00:00.000Z,401287939,West Virginia,17,345,71,26,77,3.0,27,45,268,6.0,5,14,3,20
2021,11,2021-11-13T17:00:00.000Z,401287939,Kansas State,34,299,59,40,161,4.0,14,19,138,7.3,7,14,0,15
2021,9,2021-10-30T19:30:00.000Z,401287930,TCU,12,340,69,41,156,3.8,18,28,184,6.6,6,16,2,17
2021,9,2021-10-30T19:30:00.000Z,401287930,Kansas State,31,388,55,34,146,4.3,13,21,242,11.5,6,12,1,16
2021,5,2021-10-02T19:30:00.000Z,401287913,Oklahoma,37,392,60,32,131,4.1,23,28,261,9.3,4,7,1,22
2021,5,2021-10-02T19:30:00.000Z,401287913,Kansas State,31,420,68,27,100,3.7,29,41,320,7.8,8,15,1,22
2021,1,2021-09-04T16:00:00.000Z,401287889,Kansas State,24,344,45,31,200,6.5,9,14,144,10.3,2,7,1,15
2021,1,2021-09-04T16:00:00.000Z,401287889,Stanford,7,233,52,22,39,1.8,23,30,194,6.5,4,12,2,14
2021,3,2021-09-18T18:00:00.000Z,401287905,Kansas State,38,398,61,48,269,5.6,9,13,129,9.9,5,9,0,21
2021,2,2021-09-11T23:00:00.000Z,401287897,Kansas State,31,380,70,49,208,4.2,11,21,172,8.2,4,10,4,24
2021,4,2021-09-25T23:00:00.000Z,401287909,Oklahoma State,31,481,77,43,137,3.2,22,34,344,10.1,8,17,0,25
2021,4,2021-09-25T23:00:00.000Z,401287909,Kansas State,20,260,56,25,62,2.5,14,31,198,6.4,2,12,2,13
2021,12,2021-11-20T17:00:00.000Z,401282137,Kentucky,56,707,71,36,248,6.9,24,35,459,13.1,6,9,4,29
2021,13,2021-11-28T00:30:00.000Z,401282149,Kentucky,52,511,68,49,362,7.4,15,19,149,7.8,6,10,0,29
2021,13,2021-11-28T00:30:00.000Z,401282149,Louisville,21,352,59,31,144,4.6,19,28,208,7.4,3,10,1,21
2021,6,2021-10-09T23:30:00.000Z,401282099,LSU,21,408,73,35,147,4.2,22,38,261,6.9,7,15,1,22
2021,6,2021-10-09T23:30:00.000Z,401282099,Kentucky,42,475,62,45,330,7.3,14,17,145,8.5,2,7,0,24
2021,11,2021-11-14T00:00:00.000Z,401282134,Kentucky,34,413,58,36,236,6.6,14,22,177,8.0,3,9,1,21
2021,11,2021-11-14T00:00:00.000Z,401282134,Vanderbilt,17,266,59,30,96,3.2,20,29,170,5.9,5,13,1,16
2021,10,2021-11-06T23:00:00.000Z,401282123,Tennessee,45,461,47,27,145,5.4,15,20,316,15.8,3,8,1,17
2021,10,2021-11-06T23:00:00.000Z,401282123,Kentucky,42,612,99,49,225,4.6,32,50,387,7.7,12,17,1,35
2021,9,2021-10-30T23:00:00.000Z,401282118,Kentucky,17,216,48,20,66,3.3,17,28,150,5.4,6,11,4,13
2021,9,2021-10-30T23:00:00.000Z,401282118,Mississippi State,31,438,74,35,94,2.7,36,39,344,8.8,7,12,0,24
2021,1,2021-09-04T16:00:00.000Z,401281947,Kentucky,45,564,67,34,145,4.3,22,33,419,12.7,6,11,3,24
2021,3,2021-09-18T16:00:00.000Z,401282073,Kentucky,28,356,62,27,102,3.8,23,35,254,7.3,5,11,3,20
2021,4,2021-09-25T23:00:00.000Z,401282087,Kentucky,16,332,66,44,230,5.2,15,22,102,4.6,6,12,3,22
2021,4,2021-09-25T23:00:00.000Z,401282087,South Carolina,10,216,51,26,58,2.2,17,25,158,6.3,3,12,0,12
2021,2,2021-09-11T23:30:00.000Z,401282061,Kentucky,35,520,70,52,341,6.6,10,18,179,9.9,8,12,2,26
2021,2,2021-09-11T23:30:00.000Z,401282061,Missouri,28,398,76,24,104,4.3,34,52,294,5.7,9,15,1,25
2021,8,2021-10-23T19:30:00.000Z,401282113,LSU,17,326,68,35,77,2.2,20,33,249,7.5,4,12,3,20
2021,8,2021-10-23T19:30:00.000Z,401282113,Ole Miss,31,470,74,49,265,5.4,20,25,205,8.2,5,13,1,25
2021,13,2021-11-28T00:00:00.000Z,401282150,Texas A&M,24,296,63,28,54,1.9,20,35,242,6.9,3,14,0,16
2021,13,2021-11-28T00:00:00.000Z,401282150,LSU,27,412,74,36,106,2.9,22,38,306,8.1,5,17,0,22
2021,1,2021-09-05T00:30:00.000Z,401281948,UCLA,38,470,63,47,210,4.5,9,16,260,16.3,7,13,1,19
2021,1,2021-09-05T00:30:00.000Z,401281948,LSU,27,378,71,25,48,1.9,26,46,330,7.2,6,15,1,24
2021,12,2021-11-21T02:00:00.000Z,401282138,LSU,27,411,72,38,92,2.4,22,34,319,9.4,9,18,1,17
2021,3,2021-09-18T23:30:00.000Z,401282074,LSU,49,484,63,24,84,3.5,27,39,400,10.3,6,11,1,23
2021,4,2021-09-25T16:00:00.000Z,401282085,Mississippi State,25,486,88,26,115,4.4,47,62,371,6.0,12,18,2,29
2021,4,2021-09-25T16:00:00.000Z,401282085,LSU,28,343,54,27,63,2.3,17,27,280,10.4,5,13,1,15
2021,2,2021-09-12T00:00:00.000Z,401282062,LSU,34,305,73,36,124,3.4,21,37,181,4.9,4,16,0,17
2021,9,2021-10-30T23:30:00.000Z,401282672,Louisville,13,434,70,41,215,5.2,11,29,219,7.6,6,15,1,17
2021,9,2021-10-30T23:30:00.000Z,401282672,NC State,28,361,60,24,44,1.8,25,36,317,8.8,6,13,0,19
2021,11,2021-11-13T17:00:00.000Z,401282687,Syracuse,3,184,57,39,138,3.5,10,18,46,2.6,3,14,1,13
2021,11,2021-11-13T17:00:00.000Z,401282687,Louisville,41,382,54,32,163,5.1,15,22,219,10.0,5,11,0,17
2021,6,2021-10-09T19:00:00.000Z,401282653,Virginia,34,522,86,25,35,1.4,40,61,487,8.0,9,19,2,26
2021,6,2021-10-09T19:00:00.000Z,401282653,Louisville,33,503,62,34,233,6.9,17,28,270,9.6,3,13,1,20
2021,5,2021-10-02T16:30:00.000Z,401282651,Wake Forest,37,501,84,44,177,4.0,23,40,324,8.1,10,20,1,26
2021,5,2021-10-02T16:30:00.000Z,401282651,Louisville,34,517,70,43,208,4.8,19,27,309,11.4,4,12,2,25
2021,2,2021-09-11T23:00:00.000Z,401282619,Louisville,30,442,64,38,158,4.2,16,26,284,10.9,4,14,1,18
2021,3,2021-09-17T23:30:00.000Z,401282626,Louisville,42,501,76,37,191,5.2,24,39,310,7.9,6,15,1,24
2021,3,2021-09-17T23:30:00.000Z,401282626,UCF,35,416,64,34,212,6.2,23,30,204,6.8,2,10,1,22
2021,1,2021-09-07T00:00:00.000Z,401282055,Ole Miss,43,569,73,41,188,4.6,22,32,381,11.9,2,9,0,31
2021,1,2021-09-07T00:00:00.000Z,401282055,Louisville,24,355,77,39,155,4.0,23,38,200,5.3,6,16,2,22
2021,12,2021-11-20T20:30:00.000Z,401282770,Michigan,59,503,75,35,151,4.3,29,40,352,8.8,7,13,0,24
2021,12,2021-11-20T20:30:00.000Z,401282770,Maryland,18,359,77,44,181,4.1,19,33,178,5.4,3,14,1,20
2021,8,2021-10-23T19:30:00.000Z,401282767,Maryland,16,268,50,23,79,3.4,17,27,189,7.0,5,11,1,14
2021,8,2021-10-23T19:30:00.000Z,401282767,Minnesota,34,451,69,56,326,5.8,8,13,125,9.6,7,12,0,26
2021,6,2021-10-09T16:00:00.000Z,401282769,Maryland,17,335,75,36,56,1.6,28,39,279,7.2,5,15,2,22
2021,6,2021-10-09T16:00:00.000Z,401282769,Ohio State,66,598,71,33,166,5.0,26,38,432,11.4,7,11,0,29
2021,10,2021-11-06T19:30:00.000Z,401282768,Penn State,31,456,80,33,93,2.8,27,47,363,7.7,10,18,0,23
2021,10,2021-11-06T19:30:00.000Z,401282768,Maryland,14,419,85,27,48,1.8,41,58,371,6.4,4,15,2,29
2021,11,2021-11-13T21:00:00.000Z,401282771,Maryland,21,447,73,25,97,3.9,29,48,350,7.3,3,13,1,24
2021,11,2021-11-13T21:00:00.000Z,401282771,Michigan State,40,481,74,44,194,4.4,22,30,287,9.6,8,13,2,29
2021,13,2021-11-27T17:00:00.000Z,401282766,Maryland,40,575,75,45,263,5.8,21,30,312,10.4,9,15,0,27
2021,13,2021-11-27T17:00:00.000Z,401282766,Rutgers,16,327,64,34,164,4.8,16,30,163,5.4,2,11,1,15
2021,2,2021-09-11T23:30:00.000Z,401286207,Maryland,62,574,81,49,227,4.6,27,32,347,10.8,9,15,0,32
2021,4,2021-09-25T19:30:00.000Z,401282765,Maryland,37,526,69,28,142,5.1,31,41,384,9.4,4,11,2,23
2021,1,2021-09-04T19:30:00.000Z,401282764,West Virginia,24,325,61,21,48,2.3,24,40,277,6.9,6,14,4,18
2021,1,2021-09-04T19:30:00.000Z,401282764,Maryland,30,496,80,44,164,3.7,26,36,332,9.2,8,20,0,22
2021,5,2021-09-30T23:30:00.000Z,401282646,Virginia,30,449,79,35,181,5.2,25,44,268,6.1,9,18,1,23
2021,5,2021-09-30T23:30:00.000Z,401282646,Miami,28,372,69,40,169,4.2,15,29,203,7.0,5,15,0,18
2021,7,2021-10-16T19:30:00.000Z,401282659,Miami,42,421,79,34,157,4.6,20,45,264,5.9,8,16,3,30
2021,7,2021-10-16T19:30:00.000Z,401282659,North Carolina,45,382,74,48,228,4.8,17,26,154,5.9,7,16,1,23
2021,8,2021-10-23T23:30:00.000Z,401282665,NC State,30,421,64,22,111,5.0,24,42,310,7.4,3,14,0,18
2021,8,2021-10-23T23:30:00.000Z,401282665,Miami,31,420,71,38,95,2.5,25,33,325,9.8,6,17,0,18
2021,9,2021-10-30T16:00:00.000Z,401282674,Miami,38,490,71,29,64,2.2,32,42,426,10.1,4,12,1,27
2021,9,2021-10-30T16:00:00.000Z,401282674,Pittsburgh,34,587,79,23,68,3.0,39,56,519,9.3,6,14,2,30
2021,2,2021-09-11T23:00:00.000Z,401282620,Miami,25,375,76,43,175,4.1,20,33,200,6.1,5,16,0,25
2021,3,2021-09-18T16:00:00.000Z,401282629,Miami,17,440,84,24,52,2.2,38,60,388,6.5,6,17,4,29
2021,3,2021-09-18T16:00:00.000Z,401282629,Michigan State,38,454,72,41,193,4.7,18,31,261,8.4,7,15,0,23
2021,4,2021-09-25T16:30:00.000Z,401282642,Miami,69,739,70,45,322,7.2,21,25,417,16.7,7,9,0,31
2021,12,2021-11-21T00:30:00.000Z,401282694,Miami,38,411,63,30,54,1.8,19,33,357,10.8,6,12,0,21
2021,12,2021-11-21T00:30:00.000Z,401282694,Virginia Tech,26,375,71,43,227,5.3,19,28,148,5.3,5,14,1,18
2021,1,2021-09-04T16:00:00.000Z,401282772,Michigan,47,551,60,43,335,7.8,13,17,216,12.7,8,13,0,22
2021,8,2021-10-23T16:00:00.000Z,401282779,Northwestern,7,233,55,23,100,4.3,16,32,133,4.2,4,14,2,10
2021,8,2021-10-23T16:00:00.000Z,401282779,Michigan,33,457,86,54,294,5.4,23,32,163,5.1,12,20,2,28
2021,11,2021-11-13T17:00:00.000Z,401282780,Michigan,21,361,70,41,144,3.5,19,29,217,7.5,6,15,1,21
2021,11,2021-11-13T17:00:00.000Z,401282780,Penn State,17,332,86,42,109,2.6,24,44,223,5.1,7,21,1,20
2021,13,2021-11-27T17:00:00.000Z,401282781,Ohio State,27,458,79,30,64,2.1,34,49,394,8.0,8,18,0,23
2021,13,2021-11-27T17:00:00.000Z,401282781,Michigan,42,487,61,41,297,7.2,14,20,190,9.5,5,8,1,24
2021,9,2021-10-30T16:00:00.000Z,401282777,Michigan,33,552,82,34,146,4.3,31,48,406,8.5,8,17,2,26
2021,9,2021-10-30T16:00:00.000Z,401282777,Michigan State,37,395,66,36,199,5.5,19,30,196,6.5,4,13,2,20
2021,5,2021-10-02T16:00:00.000Z,401282776,Wisconsin,17,210,55,32,43,1.3,11,23,167,7.3,3,14,3,12
2021,5,2021-10-02T16:00:00.000Z,401282776,Michigan,38,365,74,44,112,2.5,18,30,253,8.4,6,19,1,15
2021,6,2021-10-09T23:30:00.000Z,401282778,Michigan,32,459,81,42,204,4.9,22,39,255,6.5,6,15,1,26
2021,6,2021-10-09T23:30:00.000Z,401282778,Nebraska,29,431,60,32,140,4.4,18,28,291,10.4,3,11,2,19
2021,2,2021-09-12T00:00:00.000Z,401282773,Michigan,31,387,71,56,343,6.1,7,15,44,2.9,7,16,0,20
2021,2,2021-09-12T00:00:00.000Z,401282773,Washington,10,343,69,32,50,1.6,20,37,293,7.9,7,17,1,19
2021,3,2021-09-18T16:00:00.000Z,401282774,Michigan,63,606,65,48,373,7.8,12,17,233,13.7,3,6,0,28
2021,4,2021-09-25T19:30:00.000Z,401282775,Michigan,20,275,54,38,112,2.9,9,16,163,10.2,4,11,0,15
2021,4,2021-09-25T19:30:00.000Z,401282775,Rutgers,13,352,73,42,196,4.7,18,31,156,5.0,7,16,1,21
2021,12,2021-11-20T17:00:00.000Z,401282786,Michigan State,7,224,59,21,66,3.1,16,38,158,4.2,5,16,1,12
2021,12,2021-11-20T17:00:00.000Z,401282786,Ohio State,56,655,86,43,206,4.8,36,43,449,10.4,6,10,1,36
2021,10,2021-11-06T19:30:00.000Z,401282787,Michigan State,29,458,63,33,182,5.5,20,30,276,9.2,6,13,2,21
2021,10,2021-11-06T19:30:00.000Z,401282787,Purdue,40,594,85,31,58,1.9,40,54,536,9.9,11,18,1,29
2021,6,2021-10-09T16:00:00.000Z,401282788,Michigan State,31,588,65,38,249,6.6,16,27,339,12.6,4,13,3,20
2021,6,2021-10-09T16:00:00.000Z,401282788,Rutgers,13,377,77,36,111,3.1,22,41,266,6.5,5,17,1,19
2021,5,2021-10-02T23:30:00.000Z,401282223,Michigan State,48,519,73,43,192,4.5,20,30,327,10.9,5,11,0,26
2021,13,2021-11-27T20:30:00.000Z,401282785,Penn State,27,374,60,26,61,2.3,23,34,313,9.2,5,13,2,19
2021,13,2021-11-27T20:30:00.000Z,401282785,Michigan State,30,451,77,47,183,3.9,19,30,268,8.9,9,18,1,21
2021,4,2021-09-25T23:00:00.000Z,401282784,Michigan State,23,254,53,30,71,2.4,14,23,183,8.0,1,11,1,12
2021,4,2021-09-25T23:00:00.000Z,401282784,Nebraska,20,442,86,50,194,3.9,25,36,248,6.9,7,20,2,26
2021,2,2021-09-11T16:00:00.000Z,401282783,Michigan State,42,595,66,38,272,7.2,20,28,323,11.5,4,10,1,25
2021,1,2021-09-04T01:00:00.000Z,401282782,Northwestern,21,400,81,38,117,3.1,30,43,283,6.6,8,19,0,20
2021,1,2021-09-04T01:00:00.000Z,401282782,Michigan State,38,511,63,37,326,8.8,15,26,185,7.1,4,10,1,23
2021,4,2021-09-25T16:00:00.000Z,401282792,Minnesota,10,241,58,45,182,4.0,5,13,59,4.5,5,14,3,12
2021,7,2021-10-16T16:00:00.000Z,401282796,Nebraska,23,377,64,31,136,4.4,18,33,241,7.3,4,12,0,19
2021,7,2021-10-16T16:00:00.000Z,401282796,Minnesota,30,396,68,43,182,4.2,21,25,214,8.6,3,9,2,22
2021,5,2021-10-02T16:00:00.000Z,401282793,Purdue,13,448,86,34,77,2.3,34,52,371,7.1,7,18,2,28
2021,5,2021-10-02T16:00:00.000Z,401282793,Minnesota,20,294,53,35,125,3.6,9,18,169,9.4,5,13,0,12
2021,13,2021-11-27T21:00:00.000Z,401282794,Wisconsin,13,233,60,22,62,2.8,21,38,171,4.5,4,14,1,17
2021,13,2021-11-27T21:00:00.000Z,401282794,Minnesota,23,274,53,37,75,2.0,11,16,199,12.4,5,11,1,16
2021,9,2021-10-30T19:30:00.000Z,401282795,Minnesota,41,442,70,53,308,5.8,12,17,134,7.9,10,14,1,27
2021,9,2021-10-30T19:30:00.000Z,401282795,Northwestern,14,241,53,31,143,4.6,11,22,98,4.5,4,11,1,13
2021,2,2021-09-11T16:00:00.000Z,401282790,Minnesota,31,287,63,46,175,3.8,8,17,112,6.6,7,14,0,19
2021,1,2021-09-03T00:00:00.000Z,401282789,Ohio State,45,495,48,26,201,7.7,13,22,294,13.4,4,8,1,17
2021,1,2021-09-03T00:00:00.000Z,401282789,Minnesota,31,408,75,50,203,4.1,14,25,205,8.2,8,14,2,24
2021,1,2021-09-04T20:00:00.000Z,401281949,Mississippi State,35,435,66,19,65,3.4,39,47,370,7.9,2,8,4,22
2021,13,2021-11-26T00:30:00.000Z,401282151,Ole Miss,31,388,78,44,154,3.5,26,34,234,6.9,11,18,1,23
2021,13,2021-11-26T00:30:00.000Z,401282151,Mississippi State,21,420,80,21,84,4.0,38,59,336,5.7,4,14,0,30
2021,12,2021-11-20T17:00:00.000Z,401282140,Mississippi State,55,600,61,15,107,7.1,36,46,493,10.7,5,10,2,23
2021,8,2021-10-23T20:00:00.000Z,401282115,Mississippi State,45,522,86,22,61,2.8,46,64,461,7.2,10,15,2,29
2021,8,2021-10-23T20:00:00.000Z,401282115,Vanderbilt,6,155,42,17,9,0.5,17,25,146,5.8,1,11,1,5
2021,5,2021-10-02T23:00:00.000Z,401282095,Texas A&M,22,297,52,32,162,5.1,12,20,135,6.8,4,11,1,15
2021,5,2021-10-02T23:00:00.000Z,401282095,Mississippi State,26,438,76,17,30,1.8,46,59,408,6.9,3,10,0,27
2021,3,2021-09-18T20:00:00.000Z,401282076,Mississippi State,29,468,83,16,49,3.1,50,67,419,6.3,9,17,0,26
2021,2,2021-09-11T23:00:00.000Z,401282064,Mississippi State,24,316,64,15,22,1.5,33,49,294,6.0,3,13,0,15
2021,2,2021-09-11T23:00:00.000Z,401282064,NC State,10,337,76,25,34,1.4,30,51,303,5.9,6,20,3,16
2021,7,2021-10-16T16:00:00.000Z,401282108,Texas A&M,35,431,67,42,283,6.7,13,25,148,5.9,2,8,1,29
2021,7,2021-10-16T16:00:00.000Z,401282108,Missouri,14,328,73,30,98,3.3,29,43,230,5.3,6,17,2,19
2021,6,2021-10-09T20:00:00.000Z,401282101,Missouri,48,474,73,39,306,7.8,22,34,168,4.9,9,16,0,22
2021,9,2021-10-30T19:00:00.000Z,401282119,Missouri,37,502,72,44,284,6.5,22,28,218,7.8,4,12,1,23
2021,9,2021-10-30T19:00:00.000Z,401282119,Vanderbilt,28,380,65,37,258,7.0,14,28,122,4.4,4,12,1,20
2021,11,2021-11-13T21:00:00.000Z,401282132,South Carolina,28,250,65,35,57,1.6,16,30,193,6.4,6,13,3,19
2021,11,2021-11-13T21:00:00.000Z,401282132,Missouri,31,438,69,46,258,5.6,15,23,180,7.8,7,14,3,20
2021,3,2021-09-18T16:00:00.000Z,401282077,Missouri,59,675,73,34,231,6.8,29,39,444,11.4,11,15,0,26
2021,5,2021-10-02T16:00:00.000Z,401282093,Tennessee,62,683,78,59,458,7.8,15,19,225,11.8,6,10,0,35
2021,5,2021-10-02T16:00:00.000Z,401282093,Missouri,24,396,74,30,74,2.5,27,44,322,7.3,7,16,2,21
2021,1,2021-09-04T20:00:00.000Z,401281950,Missouri,34,468,68,36,211,5.9,21,32,257,8.0,1,11,0,26
2021,11,2021-11-14T00:30:00.000Z,401282690,NC State,42,482,77,18,74,4.1,37,59,408,6.9,3,14,3,25
2021,11,2021-11-14T00:30:00.000Z,401282690,Wake Forest,45,406,91,44,116,2.6,20,47,290,6.2,10,19,3,27
2021,12,2021-11-20T21:00:00.000Z,401282695,Syracuse,17,236,54,33,170,5.2,9,21,66,3.1,3,12,1,16
2021,12,2021-11-20T21:00:00.000Z,401282695,NC State,41,399,54,30,96,3.2,17,24,303,12.6,4,9,0,19
2021,13,2021-11-27T00:00:00.000Z,401282699,North Carolina,30,444,68,41,297,7.2,14,27,147,5.4,4,14,1,22
2021,13,2021-11-27T00:00:00.000Z,401282699,NC State,34,360,60,29,113,3.9,19,31,247,8.0,2,10,1,21
2021,5,2021-10-02T22:00:00.000Z,401282220,NC State,34,418,67,31,167,5.4,22,36,251,7.0,4,12,0,23
2021,3,2021-09-18T23:30:00.000Z,401282630,NC State,45,505,68,31,218,7.0,28,37,287,7.8,8,13,1,25
2021,1,2021-09-02T23:30:00.000Z,401282607,NC State,45,525,66,40,293,7.3,17,26,232,8.9,8,13,1,27
2021,12,2021-11-20T20:30:00.000Z,401282803,Nebraska,28,452,70,35,101,2.9,23,35,351,10.0,4,9,2,22
2021,12,2021-11-20T20:30:00.000Z,401282803,Wisconsin,35,397,49,31,252,8.1,12,18,145,8.1,3,9,0,15
2021,5,2021-10-02T23:30:00.000Z,401282800,Nebraska,56,657,74,53,427,8.1,15,21,230,11.0,5,9,0,28
2021,5,2021-10-02T23:30:00.000Z,401282800,Northwestern,7,293,66,26,37,1.4,25,40,256,6.4,5,14,1,17
2021,9,2021-10-30T19:30:00.000Z,401282801,Purdue,28,349,86,41,116,2.8,34,45,233,5.2,6,17,0,23
2021,9,2021-10-30T19:30:00.000Z,401282801,Nebraska,23,399,58,29,130,4.5,14,29,269,9.3,4,10,4,19
2021,10,2021-11-06T16:00:00.000Z,401282799,Ohio State,26,495,84,30,90,3.0,36,54,405,7.5,9,19,2,25
2021,10,2021-11-06T16:00:00.000Z,401282799,Nebraska,17,361,65,34,113,3.3,16,31,248,8.0,2,13,1,18
2021,1,2021-09-04T16:00:00.000Z,401327913,Nebraska,52,633,95,65,329,5.1,21,30,304,10.1,12,19,2,34
2021,2,2021-09-11T19:30:00.000Z,401282797,Nebraska,28,516,61,41,220,5.4,14,20,296,14.8,8,15,1,19
2021,3,2021-09-18T16:00:00.000Z,401282798,Oklahoma,23,408,69,35,194,5.5,24,34,214,6.3,6,11,0,21
2021,3,2021-09-18T16:00:00.000Z,401282798,Nebraska,16,384,63,38,95,2.5,19,25,289,11.6,6,14,1,18
2021,12,2021-11-20T17:00:00.000Z,401282696,North Carolina,34,519,67,39,305,7.8,18,28,214,7.6,4,9,0,30
2021,11,2021-11-12T00:30:00.000Z,401282683,North Carolina,23,384,71,38,88,2.3,22,33,296,9.0,5,16,1,16
2021,11,2021-11-12T00:30:00.000Z,401282683,Pittsburgh,30,441,76,31,95,3.1,25,45,346,7.7,9,17,1,24
2021,10,2021-11-06T16:00:00.000Z,401282682,Wake Forest,55,615,90,39,217,5.6,25,51,398,7.8,7,18,2,35
2021,10,2021-11-06T16:00:00.000Z,401282682,North Carolina,58,546,78,52,330,6.3,16,26,216,8.3,8,16,1,31
2021,3,2021-09-18T23:30:00.000Z,401282631,Virginia,39,577,79,22,24,1.1,40,57,553,9.7,8,14,2,27
2021,3,2021-09-18T23:30:00.000Z,401282631,North Carolina,59,699,68,47,392,8.3,14,21,307,14.6,7,9,1,34
2021,9,2021-10-30T23:30:00.000Z,401282673,North Carolina,34,564,73,40,223,5.6,24,33,341,10.3,6,11,1,28
2021,1,2021-09-03T22:00:00.000Z,401309937,Virginia Tech,17,296,62,43,127,3.0,12,19,169,8.9,6,13,2,17
2021,1,2021-09-03T22:00:00.000Z,401309937,North Carolina,10,354,63,30,146,4.9,17,33,208,6.3,2,10,3,18
2021,2,2021-09-11T23:30:00.000Z,401282621,North Carolina,59,607,71,40,201,5.0,23,31,406,13.1,5,10,1,28
2021,2,2021-09-11T16:00:00.000Z,401282804,Northwestern,24,275,62,46,209,4.5,9,16,66,4.1,5,13,2,18
2021,7,2021-10-16T16:00:00.000Z,401282807,Rutgers,7,222,66,34,63,1.9,19,32,159,5.0,5,17,1,13
2021,7,2021-10-16T16:00:00.000Z,401282807,Northwestern,21,402,81,48,135,2.8,18,33,267,8.1,5,17,0,21
2021,12,2021-11-20T17:00:00.000Z,401282808,Purdue,32,473,62,23,50,2.2,29,39,423,10.8,7,15,0,22
2021,12,2021-11-20T17:00:00.000Z,401282808,Northwestern,14,303,69,44,144,3.3,18,25,159,6.4,5,12,1,19
2021,11,2021-11-13T17:00:00.000Z,401282806,Northwestern,7,239,60,34,114,3.4,13,26,125,4.8,3,13,4,12
2021,11,2021-11-13T17:00:00.000Z,401282806,Wisconsin,35,497,69,44,268,6.1,19,25,229,9.2,6,11,3,24
2021,4,2021-09-25T16:00:00.000Z,401282805,Northwestern,35,461,71,51,373,7.3,12,20,88,4.4,8,15,1,22
2021,2,2021-09-11T16:00:00.000Z,401282809,Ohio State,28,612,85,31,128,4.1,35,54,484,9.0,6,15,1,32
2021,2,2021-09-11T16:00:00.000Z,401282809,Oregon,35,505,73,38,269,7.1,17,35,236,6.7,8,16,0,27
2021,11,2021-11-13T20:30:00.000Z,401282812,Ohio State,59,624,69,31,263,8.5,31,38,361,9.5,4,7,0,30
2021,11,2021-11-13T20:30:00.000Z,401282812,Purdue,31,481,71,19,91,4.8,40,52,390,7.5,5,10,2,28
2021,5,2021-10-02T19:30:00.000Z,401282813,Rutgers,13,346,71,31,111,3.6,28,40,235,5.9,4,15,3,18
2021,5,2021-10-02T19:30:00.000Z,401282813,Ohio State,52,541,64,37,208,5.6,18,27,333,12.3,8,13,0,25
2021,9,2021-10-30T23:30:00.000Z,401282814,Penn State,24,394,81,29,33,1.1,35,52,361,6.9,11,16,3,27
2021,9,2021-10-30T23:30:00.000Z,401282814,Ohio State,33,466,68,34,161,4.7,22,34,305,9.0,5,14,1,22
2021,3,2021-09-18T19:30:00.000Z,401282810,Ohio State,41,508,66,41,323,7.9,15,25,185,7.4,6,11,2,24
2021,4,2021-09-25T23:30:00.000Z,401282811,Ohio State,59,622,61,35,237,6.8,18,26,385,14.8,8,11,1,26
2021,7,2021-10-16T23:30:00.000Z,401287923,TCU,31,529,67,37,183,4.9,20,30,346,11.5,7,14,1,21
2021,7,2021-10-16T23:30:00.000Z,401287923,Oklahoma,52,525,58,35,230,6.6,18,23,295,12.8,4,9,1,25
2021,6,2021-10-09T16:00:00.000Z,401287918,Oklahoma,55,662,81,41,339,8.3,24,40,323,8.1,9,19,2,26
2021,6,2021-10-09T16:00:00.000Z,401287918,Texas,48,516,61,27,128,4.7,20,34,388,11.4,4,12,1,19
2021,13,2021-11-28T00:30:00.000Z,401287951,Oklahoma,33,441,83,44,189,4.3,20,39,252,6.5,5,18,2,21
2021,13,2021-11-28T00:30:00.000Z,401287951,Oklahoma State,37,354,66,36,140,3.9,19,30,214,7.1,3,11,3,21
2021,9,2021-10-30T19:30:00.000Z,401287931,Texas Tech,21,373,66,32,104,3.3,24,34,269,7.9,4,13,3,22
2021,9,2021-10-30T19:30:00.000Z,401287931,Oklahoma,52,541,55,20,72,3.6,28,35,469,13.4,4,6,0,25
2021,1,2021-09-04T16:00:00.000Z,401287894,Oklahoma,40,430,75,35,116,3.3,31,40,314,7.9,3,12,2,24
2021,2,2021-09-11T23:00:00.000Z,401287898,Oklahoma,76,624,76,38,277,7.3,27,38,347,9.1,8,12,0,31
2021,4,2021-09-25T23:30:00.000Z,401287908,West Virginia,13,247,63,29,68,2.3,23,34,179,5.3,4,14,1,18
2021,4,2021-09-25T23:30:00.000Z,401287908,Oklahoma,16,313,64,28,57,2.0,26,36,256,7.1,5,13,1,18
2021,7,2021-10-16T16:00:00.000Z,401287924,Oklahoma State,32,398,82,49,220,4.5,19,33,178,5.4,6,18,1,25
2021,7,2021-10-16T16:00:00.000Z,401287924,Texas,24,317,60,33,138,4.2,15,27,179,6.6,4,14,2,16
2021,11,2021-11-14T01:00:00.000Z,401287940,TCU,17,273,53,32,108,3.4,12,21,165,7.9,2,13,0,12
2021,11,2021-11-14T01:00:00.000Z,401287940,Oklahoma State,63,682,87,62,447,7.2,17,25,235,9.4,11,15,2,35
2021,10,2021-11-06T19:30:00.000Z,401287937,Oklahoma State,24,285,63,32,103,3.2,21,31,182,5.9,4,13,1,17
2021,10,2021-11-06T19:30:00.000Z,401287937,West Virginia,3,133,57,33,17,0.5,16,24,116,4.8,2,14,2,11
2021,12,2021-11-21T01:00:00.000Z,401287946,Oklahoma State,23,427,86,48,188,3.9,19,38,239,6.3,8,19,0,27
2021,12,2021-11-21T01:00:00.000Z,401287946,Texas Tech,0,108,58,26,25,1.0,10,32,83,2.6,3,15,1,10
2021,3,2021-09-19T01:00:00.000Z,401287903,Oklahoma State,21,328,70,57,246,4.3,6,13,82,6.3,9,19,1,15
2021,1,2021-09-04T23:00:00.000Z,401287890,Oklahoma State,23,369,68,28,54,1.9,22,40,315,7.9,7,16,2,16
2021,2,2021-09-11T16:00:00.000Z,401287899,Oklahoma State,28,313,69,43,140,3.3,15,26,173,6.7,6,15,1,19
2021,7,2021-10-16T23:30:00.000Z,401282110,Ole Miss,31,510,101,62,279,4.5,21,39,231,5.9,11,21,1,28
2021,7,2021-10-16T23:30:00.000Z,401282110,Tennessee,26,467,79,50,222,4.4,18,29,245,8.4,9,17,1,29
2021,12,2021-11-21T00:30:00.000Z,401282139,Vanderbilt,17,454,93,49,213,4.3,22,44,241,5.5,9,21,1,25
2021,12,2021-11-21T00:30:00.000Z,401282139,Ole Miss,31,470,65,28,139,5.0,28,37,331,8.9,1,8,1,23
2021,11,2021-11-14T00:00:00.000Z,401282131,Texas A&M,19,378,71,29,141,4.9,24,42,237,5.6,4,14,2,20
2021,11,2021-11-14T00:00:00.000Z,401282131,Ole Miss,29,504,93,56,257,4.6,24,37,247,6.7,5,16,1,32
2021,10,2021-11-06T16:00:00.000Z,401282124,Ole Miss,27,466,55,28,142,5.1,20,27,324,12.0,2,9,0,20
2021,2,2021-09-11T23:30:00.000Z,401282063,Ole Miss,54,630,82,43,336,7.8,24,39,294,7.5,5,14,1,29
2021,3,2021-09-19T00:00:00.000Z,401282075,Ole Miss,61,707,94,61,372,6.1,23,33,335,10.2,9,18,1,41
2021,14,2021-12-04T01:00:00.000Z,401331159,Oregon,10,221,53,29,74,2.6,13,24,147,6.1,3,12,2,13
2021,14,2021-12-04T01:00:00.000Z,401331159,Utah,38,361,64,40,191,4.8,15,24,170,7.1,6,13,2,20
2021,13,2021-11-27T20:30:00.000Z,401309908,Oregon,38,506,69,41,231,5.6,23,28,275,9.8,10,13,0,26
2021,12,2021-11-21T00:30:00.000Z,401309901,Oregon,7,294,58,23,63,2.7,17,35,231,6.6,6,14,0,18
2021,12,2021-11-21T00:30:00.000Z,401309901,Utah,38,386,68,50,208,4.2,10,18,178,9.9,11,14,0,24
2021,5,2021-10-02T19:30:00.000Z,401309864,Stanford,31,354,71,35,124,3.5,20,36,230,6.4,5,14,0,23
2021,5,2021-10-02T19:30:00.000Z,401309864,Oregon,24,414,79,53,228,4.3,14,26,186,7.2,6,16,1,21
2021,10,2021-11-06T23:30:00.000Z,401309890,Oregon,26,427,76,56,329,5.9,10,20,98,4.9,9,16,1,22
2021,10,2021-11-06T23:30:00.000Z,401309890,Washington,16,166,51,24,55,2.3,15,27,111,4.1,3,12,1,7
2021,11,2021-11-14T03:30:00.000Z,401309895,Oregon,38,441,69,47,306,6.5,17,22,135,6.1,8,12,2,25
2021,3,2021-09-18T23:30:00.000Z,401309850,Oregon,48,436,69,40,182,4.6,21,29,254,8.8,3,10,0,26
2021,8,2021-10-23T19:30:00.000Z,401309879,Oregon,34,417,63,24,121,5.0,29,39,296,7.6,7,9,3,22
2021,8,2021-10-23T19:30:00.000Z,401309879,UCLA,31,352,91,45,110,2.4,24,46,242,5.3,10,19,3,28
2021,1,2021-09-04T18:00:00.000Z,401309838,Oregon,31,358,73,49,186,3.8,15,24,172,7.2,7,16,1,20
2021,12,2021-11-20T17:00:00.000Z,401282818,Rutgers,0,160,60,32,67,2.1,13,28,93,3.3,4,16,1,10
2021,12,2021-11-20T17:00:00.000Z,401282818,Penn State,28,407,74,42,149,3.5,17,32,258,8.1,5,15,0,21
2021,2,2021-09-11T19:30:00.000Z,401282816,Penn State,44,493,79,48,240,5.0,22,31,253,8.2,6,13,0,32
2021,4,2021-09-25T16:00:00.000Z,401282817,Penn State,38,509,65,34,80,2.4,22,31,429,13.8,3,12,1,20
2021,1,2021-09-04T16:00:00.000Z,401282815,Wisconsin,10,365,95,58,180,3.1,22,37,185,5.0,7,22,3,29
2021,1,2021-09-04T16:00:00.000Z,401282815,Penn State,16,297,51,18,50,2.8,18,33,247,7.5,3,13,0,11
2021,14,2021-12-05T01:00:00.000Z,401331163,Pittsburgh,45,385,72,38,112,2.9,21,34,273,8.0,4,14,0,22
2021,14,2021-12-05T01:00:00.000Z,401331163,Wake Forest,21,295,85,39,82,2.1,21,46,213,4.6,7,19,4,24
2021,7,2021-10-16T19:30:00.000Z,401282661,Pittsburgh,28,411,81,44,208,4.7,22,37,203,5.5,7,19,0,22
2021,7,2021-10-16T19:30:00.000Z,401282661,Virginia Tech,7,224,60,28,90,3.2,11,32,134,4.2,4,14,1,13
2021,12,2021-11-20T20:30:00.000Z,401282698,Virginia,38,514,75,24,27,1.1,36,51,487,9.5,5,13,1,27
2021,12,2021-11-20T20:30:00.000Z,401282698,Pittsburgh,48,509,80,38,169,4.4,26,42,340,8.1,5,14,2,28
2021,13,2021-11-28T00:30:00.000Z,401282702,Pittsburgh,31,333,72,34,124,3.6,28,38,209,5.5,8,16,1,20
2021,13,2021-11-28T00:30:00.000Z,401282702,Syracuse,14,242,54,30,25,0.8,17,24,217,9.0,3,12,1,14
2021,2,2021-09-11T16:00:00.000Z,401282066,Tennessee,34,374,66,33,136,4.1,22,33,238,7.2,6,13,3,20
2021,2,2021-09-11T16:00:00.000Z,401282066,Pittsburgh,41,397,82,45,96,2.1,25,37,301,8.1,8,20,0,24
2021,1,2021-09-04T20:00:00.000Z,401282612,Pittsburgh,51,598,86,41,223,5.4,34,45,375,8.3,8,13,2,35
2021,3,2021-09-18T16:00:00.000Z,401282632,Pittsburgh,41,508,58,24,93,3.9,25,34,415,12.2,1,8,3,25
2021,4,2021-09-25T16:00:00.000Z,401282644,Pittsburgh,77,707,82,49,252,5.1,29,33,455,13.8,7,11,0,35
2021,8,2021-10-23T19:00:00.000Z,401282821,Wisconsin,30,342,59,51,290,5.7,5,8,52,6.5,1,11,2,14
2021,8,2021-10-23T19:00:00.000Z,401282821,Purdue,13,206,62,24,-13,-0.5,27,38,219,5.8,3,12,5,17
2021,1,2021-09-04T23:00:00.000Z,401282819,Purdue,30,401,75,33,88,2.7,29,42,313,7.5,7,16,1,24
2021,2,2021-09-11T19:00:00.000Z,401282820,Purdue,49,562,78,42,187,4.5,30,36,375,10.4,8,12,0,29
2021,3,2021-09-18T18:30:00.000Z,401282706,Purdue,13,348,79,25,57,2.3,36,54,291,5.4,4,16,2,19
2021,10,2021-11-06T19:30:00.000Z,401282824,Wisconsin,52,579,70,51,305,6.0,13,19,274,14.4,6,12,1,27
2021,10,2021-11-06T19:30:00.000Z,401282824,Rutgers,3,207,57,30,95,3.2,13,27,112,4.1,1,11,4,11
2021,1,2021-09-04T16:00:00.000Z,401282822,Rutgers,61,365,80,51,220,4.3,16,29,145,5.0,6,16,0,21
2021,2,2021-09-11T18:00:00.000Z,401282622,Syracuse,7,258,62,30,67,2.2,19,32,191,6.0,2,14,3,14
2021,2,2021-09-11T18:00:00.000Z,401282622,Rutgers,17,195,70,42,50,1.2,22,28,145,5.2,3,15,0,16
2021,3,2021-09-18T19:30:00.000Z,401282823,Rutgers,45,493,67,38,163,4.3,23,29,330,11.4,10,14,0,25
2021,8,2021-10-21T23:30:00.000Z,401301025,SMU,55,612,82,38,174,4.6,31,44,438,10.0,7,14,0,31
2021,6,2021-10-09T19:30:00.000Z,401301021,SMU,31,404,69,29,80,2.8,30,40,324,8.1,2,11,2,22
2021,11,2021-11-13T17:00:00.000Z,401301041,UCF,28,333,65,28,124,4.4,20,37,209,5.6,6,17,1,15
2021,11,2021-11-13T17:00:00.000Z,401301041,SMU,55,631,94,36,241,6.7,39,58,390,6.7,13,20,1,36
2021,5,2021-10-02T20:00:00.000Z,401301016,SMU,41,463,82,40,162,4.1,29,42,301,7.2,9,16,1,30
2021,10,2021-11-06T16:00:00.000Z,401301039,SMU,25,323,57,29,61,2.1,19,28,262,9.4,6,14,3,16
2021,13,2021-11-27T21:00:00.000Z,401301055,SMU,31,405,83,36,107,3.0,26,47,298,6.3,5,17,2,23
2021,2,2021-09-11T23:00:00.000Z,401282187,SMU,35,536,64,31,225,7.3,21,33,311,9.4,3,11,4,20
2021,3,2021-09-18T19:30:00.000Z,401282199,SMU,39,578,88,38,183,4.8,36,50,395,7.9,8,16,0,31
2021,4,2021-09-25T16:00:00.000Z,401287910,TCU,34,446,58,30,170,5.7,16,28,276,9.9,6,12,1,20
2021,4,2021-09-25T16:00:00.000Z,401287910,SMU,42,595,80,52,350,6.7,17,28,245,8.8,8,12,3,29
2021,1,2021-09-04T23:00:00.000Z,401300998,SMU,56,490,73,38,171,4.5,26,35,319,9.1,5,12,0,26
2021,7,2021-10-16T20:00:00.000Z,401282109,Vanderbilt,20,314,61,40,108,2.7,11,21,206,9.8,5,14,2,15
2021,7,2021-10-16T20:00:00.000Z,401282109,South Carolina,21,429,67,32,112,3.5,22,35,317,9.1,7,13,4,17
2021,6,2021-10-09T16:00:00.000Z,401282102,Tennessee,45,472,72,49,247,5.0,17,23,225,9.8,12,17,0,24
2021,6,2021-10-09T16:00:00.000Z,401282102,South Carolina,20,370,75,41,153,3.7,21,34,217,6.4,7,16,2,22
2021,8,2021-10-23T23:30:00.000Z,401282114,South Carolina,14,185,57,31,71,2.3,15,26,114,4.4,3,13,3,13
2021,8,2021-10-23T23:30:00.000Z,401282114,Texas A&M,44,477,79,53,290,5.5,12,26,187,7.2,6,14,1,26
2021,2,2021-09-11T16:00:00.000Z,401282065,South Carolina,20,325,63,39,100,2.6,13,24,225,9.4,2,12,3,15
2021,1,2021-09-04T23:00:00.000Z,401281951,South Carolina,46,439,74,47,254,5.4,18,27,185,6.9,7,13,1,22
2021,5,2021-10-02T19:30:00.000Z,401282094,South Carolina,23,356,62,28,101,3.6,20,34,255,7.5,4,13,3,19
2021,10,2021-11-06T02:30:00.000Z,401309888,Utah,52,581,68,46,441,9.6,13,22,140,6.4,7,11,1,31
2021,10,2021-11-06T02:30:00.000Z,401309888,Stanford,7,167,55,32,82,2.6,15,23,85,3.7,3,13,2,11
2021,7,2021-10-16T23:30:00.000Z,401309873,Stanford,31,349,67,35,76,2.2,23,32,273,8.5,5,13,2,20
2021,11,2021-11-13T22:30:00.000Z,401309894,Stanford,14,230,49,27,136,5.0,10,22,94,4.3,4,11,3,15
2021,9,2021-10-31T02:30:00.000Z,401309883,Washington,20,375,67,42,229,5.5,17,25,146,5.8,5,13,0,21
2021,9,2021-10-31T02:30:00.000Z,401309883,Stanford,13,265,59,27,71,2.6,21,32,194,6.1,4,12,3,17
2021,3,2021-09-19T00:00:00.000Z,401282080,Vanderbilt,23,398,84,44,247,5.6,18,40,151,3.8,5,18,1,23
2021,3,2021-09-19T00:00:00.000Z,401282080,Stanford,41,422,56,27,204,7.6,19,29,218,7.5,2,9,0,20
2021,4,2021-09-25T22:00:00.000Z,401309858,UCLA,35,455,80,51,204,4.0,18,29,251,8.7,9,17,0,24
2021,4,2021-09-25T22:00:00.000Z,401309858,Stanford,24,360,54,22,67,3.0,19,32,293,9.2,5,14,0,11
2021,13,2021-11-28T01:00:00.000Z,401282711,Stanford,14,227,47,22,55,2.5,20,25,172,6.9,3,11,2,11
2021,2,2021-09-12T02:30:00.000Z,401309843,USC,28,408,75,33,185,5.6,27,42,223,5.3,6,14,1,24
2021,2,2021-09-12T02:30:00.000Z,401309843,Stanford,42,375,53,30,141,4.7,16,23,234,10.2,5,10,0,17
2021,8,2021-10-23T16:30:00.000Z,401282668,Syracuse,41,550,79,45,314,7.0,16,34,236,6.9,7,16,0,25
2021,8,2021-10-23T16:30:00.000Z,401282668,Virginia Tech,36,437,64,44,260,5.9,10,20,177,8.9,5,12,0,21
2021,6,2021-10-09T19:30:00.000Z,401282655,Wake Forest,40,425,69,37,95,2.6,19,32,330,10.3,6,14,1,21
2021,6,2021-10-09T19:30:00.000Z,401282655,Syracuse,37,514,85,58,354,6.1,15,27,160,5.9,7,15,1,33
2021,4,2021-09-25T00:00:00.000Z,401282637,Syracuse,24,305,68,53,228,4.3,6,15,77,5.1,4,13,0,22
2021,3,2021-09-18T16:00:00.000Z,401282633,Syracuse,62,623,66,42,286,6.8,17,24,337,14.0,3,8,2,24
2021,1,2021-09-04T23:00:00.000Z,401282611,Syracuse,29,383,62,44,283,6.4,12,18,100,5.6,8,12,0,21
2021,8,2021-10-23T23:30:00.000Z,401287927,West Virginia,29,487,70,41,229,5.6,22,29,258,8.9,6,14,0,24
2021,8,2021-10-23T23:30:00.000Z,401287927,TCU,17,393,60,34,149,4.4,16,26,244,9.4,4,12,3,19
2021,6,2021-10-09T23:00:00.000Z,401287919,TCU,52,498,57,47,394,8.4,8,10,104,10.4,9,14,0,18
2021,6,2021-10-09T23:00:00.000Z,401287919,Texas Tech,31,558,78,37,214,5.8,23,41,344,8.4,4,13,1,25
2021,5,2021-10-02T16:00:00.000Z,401287915,TCU,27,351,69,41,169,4.1,20,28,182,6.5,6,13,3,24
2021,5,2021-10-02T16:00:00.000Z,401287915,Texas,32,414,75,53,272,5.1,12,22,142,6.5,6,15,1,25
2021,1,2021-09-05T00:00:00.000Z,401287891,TCU,45,431,62,38,178,4.7,18,24,253,10.5,6,11,1,26
2021,12,2021-11-21T00:30:00.000Z,401282143,Tennessee,60,561,72,43,250,5.8,24,29,311,10.7,8,11,0,28
2021,13,2021-11-27T20:45:00.000Z,401282153,Vanderbilt,21,321,75,43,115,2.7,17,32,206,6.4,4,17,1,18
2021,13,2021-11-27T20:45:00.000Z,401282153,Tennessee,45,441,60,42,285,6.8,10,18,156,8.7,2,8,1,25
2021,1,2021-09-03T00:00:00.000Z,401281952,Tennessee,38,475,88,64,331,5.2,12,24,144,6.0,7,15,2,31
2021,3,2021-09-18T16:00:00.000Z,401282078,Tennessee,56,417,79,47,202,4.3,20,32,215,6.7,4,13,1,24
2021,1,2021-09-04T20:30:00.000Z,401287892,Texas,38,435,68,42,170,4.0,18,26,265,10.2,10,15,0,21
2021,12,2021-11-20T17:00:00.000Z,401287947,Texas,23,355,58,28,203,7.3,14,30,152,5.1,2,10,1,16
2021,12,2021-11-20T17:00:00.000Z,401287947,West Virginia,31,459,87,43,158,3.7,28,44,301,6.8,12,20,0,28
2021,4,2021-09-25T16:00:00.000Z,401287911,Texas Tech,35,520,67,33,128,3.9,26,34,392,11.5,5,13,2,20
2021,4,2021-09-25T16:00:00.000Z,401287911,Texas,70,639,75,52,336,6.5,18,23,303,13.2,10,14,1,27
2021,3,2021-09-19T00:00:00.000Z,401282202,Texas,58,620,62,41,427,10.4,17,21,193,9.2,7,10,1,26
2021,12,2021-11-20T17:00:00.000Z,401282144,Texas A&M,52,447,63,44,279,6.3,12,19,168,8.8,6,10,1,24
2021,1,2021-09-05T00:00:00.000Z,401282053,Texas A&M,41,595,76,42,303,7.2,21,34,292,8.6,9,13,5,29
2021,3,2021-09-18T16:00:00.000Z,401282079,Texas A&M,34,429,67,34,154,4.5,19,33,275,8.3,5,14,1,21
2021,5,2021-10-02T19:30:00.000Z,401287916,Texas Tech,23,346,65,30,80,2.7,23,35,266,7.6,8,14,1,20
2021,5,2021-10-02T19:30:00.000Z,401287916,West Virginia,20,424,62,27,94,3.5,26,35,330,9.4,5,11,1,22
2021,2,2021-09-11T23:00:00.000Z,401287901,Texas Tech,28,364,50,28,190,6.8,12,22,174,7.9,5,10,4,11
2021,3,2021-09-18T23:00:00.000Z,401282197,Texas Tech,54,584,74,37,177,4.8,27,37,407,11.0,6,12,1,31
2021,10,2021-11-06T20:00:00.000Z,401301036,UCF,14,277,57,31,48,1.5,19,26,229,8.8,4,14,1,13
2021,12,2021-11-20T21:00:00.000Z,401286293,UCF,49,537,67,35,280,8.0,24,32,257,8.0,4,11,1,23
2021,8,2021-10-22T23:00:00.000Z,401301026,UCF,24,295,62,41,215,5.2,13,21,80,3.8,3,12,1,17
2021,6,2021-10-09T22:00:00.000Z,401301019,UCF,20,359,66,31,165,5.3,23,35,194,5.5,5,15,1,16
2021,5,2021-10-02T19:30:00.000Z,401301013,UCF,30,326,56,29,148,5.1,16,27,178,6.6,2,10,2,17
2021,13,2021-11-26T20:30:00.000Z,401301050,UCF,17,285,54,27,173,6.4,15,27,112,4.1,5,13,0,12
2021,9,2021-10-30T16:00:00.000Z,401301031,UCF,49,428,65,43,199,4.6,15,22,229,10.4,6,11,2,24
2021,2,2021-09-11T22:30:00.000Z,401301001,UCF,63,671,86,42,290,6.9,28,44,381,8.7,6,11,0,37
2021,1,2021-09-02T23:00:00.000Z,401300995,UCF,36,573,85,48,255,5.3,25,37,318,8.6,10,17,2,29
2021,7,2021-10-17T00:30:00.000Z,401309874,UCLA,24,420,67,40,237,5.9,21,27,183,6.8,3,12,0,22
2021,7,2021-10-17T00:30:00.000Z,401309874,Washington,17,267,61,31,83,2.7,20,30,184,6.1,9,14,2,19
2021,12,2021-11-20T21:00:00.000Z,401309904,UCLA,62,609,66,44,260,5.9,16,22,349,15.9,6,9,2,29
2021,12,2021-11-20T21:00:00.000Z,401309904,USC,33,484,86,39,159,4.1,27,47,325,6.9,9,19,2,27
2021,9,2021-10-31T02:00:00.000Z,401309887,UCLA,24,411,79,35,146,4.2,27,44,265,6.0,4,16,1,24
2021,9,2021-10-31T02:00:00.000Z,401309887,Utah,44,469,71,44,290,6.6,17,27,179,6.6,8,12,0,26
2021,1,2021-08-28T19:30:00.000Z,401309833,UCLA,44,392,65,43,244,5.7,12,22,148,6.7,4,12,0,20
2021,3,2021-09-19T02:45:00.000Z,401309855,UCLA,37,395,53,29,117,4.0,14,24,278,11.6,4,10,2,17
2021,6,2021-10-10T00:00:00.000Z,401309871,Utah,42,486,63,35,180,5.1,22,28,306,10.9,5,11,0,23
2021,6,2021-10-10T00:00:00.000Z,401309871,USC,26,493,78,25,92,3.7,33,53,401,7.6,5,14,1,27
2021,8,2021-10-23T23:30:00.000Z,401282709,USC,16,428,70,33,129,3.9,27,37,299,8.1,6,13,2,25
2021,1,2021-09-04T21:00:00.000Z,401309842,USC,30,416,70,34,160,4.7,24,36,256,7.1,7,15,1,23
2021,3,2021-09-18T19:30:00.000Z,401309852,USC,45,447,73,25,48,1.9,31,48,399,8.3,7,15,3,24
2021,4,2021-09-26T02:30:00.000Z,401309860,USC,27,431,71,22,76,3.5,31,49,355,7.2,7,13,4,32
2021,3,2021-09-18T23:00:00.000Z,401309856,Utah,31,327,89,31,70,2.3,33,58,257,4.4,7,22,1,21
2021,4,2021-09-25T18:30:00.000Z,401309861,Utah,24,350,56,33,213,6.5,13,23,137,6.0,3,8,3,20
2021,1,2021-09-02T23:30:00.000Z,401309834,Utah,40,450,60,31,188,6.1,21,29,262,9.0,2,8,2,28
2021,8,2021-10-23T23:30:00.000Z,401309880,Utah,34,455,77,41,188,4.6,22,36,267,7.4,7,15,0,28
2021,2,2021-09-12T02:00:00.000Z,401282068,Vanderbilt,24,342,79,37,104,2.8,27,42,238,5.7,6,18,1,21
2021,5,2021-10-02T23:30:00.000Z,401282096,Vanderbilt,30,439,73,33,106,3.2,27,40,333,8.3,6,16,2,23
2021,1,2021-09-05T00:00:00.000Z,401282054,Vanderbilt,3,321,75,31,85,2.7,24,44,236,5.4,5,15,3,23
2021,11,2021-11-14T00:30:00.000Z,401282688,Virginia,3,278,64,30,82,2.7,18,34,196,5.8,5,14,2,17
2021,13,2021-11-27T20:45:00.000Z,401282703,Virginia Tech,29,464,63,47,320,6.8,7,16,144,9.0,5,12,1,20
2021,13,2021-11-27T20:45:00.000Z,401282703,Virginia,24,490,71,23,76,3.3,32,48,414,8.6,5,10,2,26
2021,4,2021-09-24T23:00:00.000Z,401282638,Virginia,17,506,86,27,99,3.7,33,59,407,6.9,8,16,2,31
2021,4,2021-09-24T23:00:00.000Z,401282638,Wake Forest,37,473,74,45,203,4.5,17,29,270,9.3,7,16,0,24
2021,1,2021-09-04T23:30:00.000Z,401282613,Virginia,43,545,64,32,206,6.4,21,32,339,10.6,6,13,0,22
2021,6,2021-10-09T23:30:00.000Z,401282656,Virginia Tech,29,321,71,37,134,3.6,17,34,187,5.5,8,17,2,21
2021,2,2021-09-11T18:00:00.000Z,401282186,Virginia Tech,35,383,67,39,224,5.7,17,28,159,5.7,7,12,0,24
2021,4,2021-09-25T16:00:00.000Z,401282645,Virginia Tech,21,318,62,33,106,3.2,17,29,212,7.3,6,13,1,20
2021,3,2021-09-18T16:00:00.000Z,401282636,Virginia Tech,21,333,72,41,110,2.7,19,31,223,7.2,6,16,0,20
2021,3,2021-09-18T16:00:00.000Z,401282636,West Virginia,27,366,60,33,173,5.2,15,27,193,7.1,3,12,2,18
2021,8,2021-10-23T16:00:00.000Z,401282662,Wake Forest,70,638,52,23,180,7.8,23,29,458,15.8,7,8,0,22
2021,2,2021-09-11T16:00:00.000Z,401282625,Wake Forest,41,413,60,31,161,5.2,18,29,252,8.7,6,12,1,22
2021,1,2021-09-03T23:00:00.000Z,401282608,Wake Forest,42,352,70,41,164,4.0,18,29,188,6.5,8,16,1,20
2021,1,2021-09-05T00:00:00.000Z,401309839,Washington,7,291,73,27,65,2.4,27,46,226,4.9,4,14,3,21
2021,13,2021-11-27T01:00:00.000Z,401309905,Washington,13,200,45,14,10,0.7,17,31,190,6.1,4,11,4,11
2021,5,2021-10-03T01:00:00.000Z,401309865,Washington,24,318,61,35,176,5.0,17,26,142,5.5,6,14,2,15
2021,3,2021-09-18T20:15:00.000Z,401309605,Washington,52,598,83,39,200,5.1,25,44,398,9.0,8,14,3,30
2021,2,2021-09-11T21:00:00.000Z,401287902,West Virginia,66,542,87,55,198,3.6,20,32,344,10.8,11,16,1,29
2021,7,2021-10-17T00:00:00.000Z,401282826,Wisconsin,20,310,58,43,198,4.6,8,15,112,7.5,3,10,1,18
2021,4,2021-09-25T16:00:00.000Z,401282707,Wisconsin,13,318,69,28,78,2.8,18,41,240,5.9,1,14,5,16
2021,2,2021-09-11T23:00:00.000Z,401282825,Wisconsin,34,518,75,55,352,6.4,16,20,166,8.3,5,12,1,26
2022,1,2022-09-03T23:30:00.000Z,401403854,Alabama,55,559,72,32,278,8.7,27,40,281,7.0,6,10,1,30
2022,13,2022-11-26T20:30:00.000Z,401403957,Alabama,49,516,64,34,173,5.1,20,30,343,11.4,6,9,1,26
2022,13,2022-11-26T20:30:00.000Z,401403957,Auburn,27,395,66,43,318,7.4,11,23,77,3.3,4,14,2,21
2022,3,2022-09-17T20:00:00.000Z,401403880,Alabama,63,509,59,39,273,7.0,13,20,236,11.8,1,6,2,23
2022,4,2022-09-24T23:30:00.000Z,401403892,Alabama,55,628,77,34,228,6.7,30,43,400,9.3,7,12,1,34
2022,4,2022-09-24T23:30:00.000Z,401403892,Vanderbilt,3,129,52,26,14,0.5,13,26,115,4.4,1,13,0,9
2022,2,2022-09-10T16:00:00.000Z,401403868,Alabama,20,374,63,24,161,6.7,27,39,213,5.5,5,15,0,16
2022,2,2022-09-10T16:00:00.000Z,401403868,Texas,19,371,67,33,79,2.4,23,34,292,8.6,3,12,0,25
2022,12,2022-11-19T17:00:00.000Z,401403946,Alabama,34,527,75,45,263,5.8,22,30,264,8.8,5,12,3,27
2022,5,2022-10-01T19:30:00.000Z,401403902,Alabama,49,555,64,42,317,7.5,11,22,238,10.8,9,14,1,17
2022,5,2022-10-01T19:30:00.000Z,401403902,Arkansas,26,377,85,51,187,3.7,17,34,190,5.6,5,17,1,27
2022,6,2022-10-09T00:00:00.000Z,401403909,Texas A&M,20,323,72,25,70,2.8,25,47,253,5.4,5,17,1,18
2022,6,2022-10-09T00:00:00.000Z,401403909,Alabama,24,399,70,51,288,5.6,12,19,111,5.8,5,14,4,24
2022,10,2022-11-05T23:00:00.000Z,401403934,Alabama,31,465,81,30,137,4.6,25,51,328,6.4,6,16,1,25
2022,10,2022-11-05T23:00:00.000Z,401403934,LSU,32,367,66,34,185,5.4,22,32,182,5.7,5,12,0,22
2022,7,2022-10-15T19:30:00.000Z,401403921,Tennessee,52,567,70,39,182,4.7,21,31,385,12.4,5,10,2,29
2022,7,2022-10-15T19:30:00.000Z,401403921,Alabama,49,569,83,31,114,3.7,35,52,455,8.8,6,13,1,32
2022,8,2022-10-22T23:00:00.000Z,401403922,Alabama,30,290,64,27,29,1.1,22,37,261,7.1,8,17,0,21
2022,8,2022-10-22T23:00:00.000Z,401403922,Mississippi State,6,293,87,26,62,2.4,30,61,231,3.8,7,22,1,20
2022,11,2022-11-12T20:30:00.000Z,401403943,Ole Miss,24,403,81,49,191,3.9,18,32,212,6.6,8,16,1,22
2022,11,2022-11-12T20:30:00.000Z,401403943,Alabama,30,317,69,36,108,3.0,21,33,209,6.3,6,14,1,18
2022,2,2022-09-11T03:00:00.000Z,401403875,Arizona,17,316,76,22,40,1.8,27,54,276,5.1,4,14,3,19
2022,2,2022-09-11T03:00:00.000Z,401403875,Mississippi State,39,426,74,24,106,4.4,40,50,320,6.4,5,12,3,27
2022,1,2022-09-03T19:30:00.000Z,401403967,Arizona,38,461,74,39,162,4.2,22,35,299,8.5,6,13,2,25
2022,9,2022-10-29T23:00:00.000Z,401404022,USC,45,621,77,32,210,6.6,31,45,411,9.1,11,17,0,26
2022,9,2022-10-29T23:00:00.000Z,401404022,Arizona,37,543,69,26,163,6.3,26,43,380,8.8,6,13,1,28
2022,10,2022-11-05T23:30:00.000Z,401404027,Arizona,20,387,55,25,156,6.2,15,30,231,7.7,3,11,4,14
2022,10,2022-11-05T23:30:00.000Z,401404027,Utah,45,457,80,55,306,5.6,13,25,151,6.0,8,12,2,27
2022,13,2022-11-25T20:00:00.000Z,401404045,Arizona,38,480,51,28,280,10.0,12,23,200,8.7,5,10,1,18
2022,13,2022-11-25T20:00:00.000Z,401404045,Arizona State,35,537,87,38,161,4.2,37,49,376,7.7,6,11,5,39
2022,6,2022-10-09T01:00:00.000Z,401404008,Oregon,49,580,70,41,306,7.5,23,29,274,9.4,4,8,0,29
2022,6,2022-10-09T01:00:00.000Z,401404008,Arizona,22,356,67,25,115,4.6,24,42,241,5.7,10,17,3,23
2022,3,2022-09-18T03:00:00.000Z,401403985,Arizona,31,394,64,36,165,4.6,20,28,229,8.2,5,11,0,23
2022,5,2022-10-02T01:30:00.000Z,401404002,Arizona,43,673,83,34,178,5.2,34,49,495,10.1,9,14,0,36
2022,5,2022-10-02T01:30:00.000Z,401404002,Colorado,20,340,61,31,154,5.0,14,30,186,6.2,5,12,1,19
2022,12,2022-11-19T19:00:00.000Z,401404039,Arizona,20,441,68,22,84,3.8,28,46,357,7.8,2,11,4,19
2022,11,2022-11-13T03:30:00.000Z,401404034,UCLA,28,465,76,37,220,5.9,26,39,245,6.3,4,12,1,26
2022,11,2022-11-13T03:30:00.000Z,401404034,Arizona,34,436,65,36,124,3.4,23,29,312,10.8,5,12,0,22
2022,4,2022-09-24T21:30:00.000Z,401403996,California,49,599,66,38,354,9.3,18,28,245,8.8,4,9,0,27
2022,4,2022-09-24T21:30:00.000Z,401403996,Arizona,31,536,71,26,135,5.2,27,45,401,8.9,3,10,3,31
2022,7,2022-10-15T21:30:00.000Z,401404013,Washington,49,595,73,29,79,2.7,36,44,516,11.7,6,10,0,31
2022,7,2022-10-15T21:30:00.000Z,401404013,Arizona,39,526,68,33,126,3.8,25,35,400,11.4,4,11,0,31
2022,1,2022-09-02T02:00:00.000Z,401403965,Arizona State,40,419,67,49,267,5.4,13,18,152,8.4,4,13,1,24
2022,8,2022-10-22T20:00:00.000Z,401404018,Arizona State,14,355,60,34,128,3.8,14,26,227,8.7,4,13,1,19
2022,8,2022-10-22T20:00:00.000Z,401404018,Stanford,15,398,83,25,78,3.1,33,58,320,5.5,9,19,1,28
2022,2,2022-09-10T23:30:00.000Z,401403975,Arizona State,17,354,60,37,131,3.5,12,23,223,9.7,2,13,1,13
2022,2,2022-09-10T23:30:00.000Z,401403975,Oklahoma State,34,465,84,46,197,4.3,21,38,268,7.1,6,15,1,30
2022,3,2022-09-18T03:00:00.000Z,401403986,Arizona State,21,352,55,23,170,7.4,20,32,182,5.7,4,9,1,18
2022,12,2022-11-19T19:15:00.000Z,401404040,Arizona State,7,276,57,25,154,6.2,20,32,122,3.8,5,14,1,13
2022,4,2022-09-25T02:30:00.000Z,401403997,Arizona State,13,267,56,20,6,0.3,21,36,261,7.3,3,11,3,15
2022,4,2022-09-25T02:30:00.000Z,401403997,Utah,34,465,74,45,205,4.6,19,29,260,9.0,5,15,1,26
2022,5,2022-10-02T02:30:00.000Z,401404003,USC,42,485,67,30,137,4.6,27,37,348,9.4,8,9,1,29
2022,5,2022-10-02T02:30:00.000Z,401404003,Arizona State,25,331,61,29,88,3.0,23,32,243,7.6,7,13,1,20
2022,6,2022-10-08T20:00:00.000Z,401404009,Arizona State,45,397,62,32,156,4.9,22,30,241,8.0,9,13,1,23
2022,6,2022-10-08T20:00:00.000Z,401404009,Washington,38,458,87,33,134,4.1,34,54,324,6.0,7,14,1,32
2022,9,2022-10-29T23:30:00.000Z,401404023,Colorado,34,359,69,35,137,3.9,13,34,222,6.5,9,18,1,20
2022,9,2022-10-29T23:30:00.000Z,401404023,Arizona State,42,557,76,33,122,3.7,32,43,435,10.1,7,14,1,22
2022,10,2022-11-06T02:30:00.000Z,401404028,Arizona State,36,468,80,31,119,3.8,38,49,349,7.1,5,13,1,30
2022,10,2022-11-06T02:30:00.000Z,401404028,UCLA,50,571,62,42,402,9.6,13,20,169,8.5,9,11,2,24
2022,11,2022-11-12T20:30:00.000Z,401404035,Arizona State,18,333,67,34,121,3.6,18,33,212,6.4,3,14,1,18
2022,4,2022-09-24T23:00:00.000Z,401403893,Arkansas,21,415,73,54,244,4.5,12,19,171,9.0,6,15,1,24
2022,4,2022-09-24T23:00:00.000Z,401403893,Texas A&M,23,343,55,34,192,5.6,11,21,151,7.2,4,12,0,16
2022,11,2022-11-12T17:00:00.000Z,401403939,Arkansas,10,249,68,46,133,2.9,12,22,116,5.3,6,17,2,15
2022,11,2022-11-12T17:00:00.000Z,401403939,LSU,13,284,66,51,198,3.9,8,15,86,5.7,4,14,2,15
2022,12,2022-11-20T00:30:00.000Z,401403947,Ole Miss,27,703,89,53,463,8.7,21,36,240,6.7,7,16,3,32
2022,12,2022-11-20T00:30:00.000Z,401403947,Arkansas,42,503,65,43,335,7.8,17,22,168,7.6,5,12,0,24
2022,2,2022-09-10T16:00:00.000Z,401403869,Arkansas,44,457,86,65,295,4.5,18,21,162,7.7,9,16,0,28
2022,2,2022-09-10T16:00:00.000Z,401403869,South Carolina,30,416,68,29,40,1.4,24,39,376,9.6,3,10,3,22
2022,1,2022-09-03T19:30:00.000Z,401403855,Arkansas,31,447,71,45,224,5.0,18,26,223,8.6,8,16,1,23
2022,1,2022-09-03T19:30:00.000Z,401403855,Cincinnati,24,438,74,31,113,3.6,26,43,325,7.6,8,16,2,24
2022,9,2022-10-29T16:00:00.000Z,401403927,Auburn,27,468,71,38,183,4.8,24,33,285,8.6,11,19,0,20
2022,9,2022-10-29T16:00:00.000Z,401403927,Arkansas,41,520,72,48,286,6.0,16,24,234,9.8,8,14,1,23
2022,13,2022-11-25T20:30:00.000Z,401403961,Missouri,29,468,65,39,226,5.8,16,26,242,9.3,5,14,0,19
2022,13,2022-11-25T20:30:00.000Z,401403961,Arkansas,27,325,66,38,113,3.0,20,28,212,7.6,5,12,2,22
2022,10,2022-11-05T20:00:00.000Z,401403932,Arkansas,19,428,79,42,144,3.4,23,37,284,7.7,4,16,2,22
2022,3,2022-09-17T23:00:00.000Z,401403881,Arkansas,38,597,67,36,212,5.9,19,31,385,12.4,5,13,3,22
2022,7,2022-10-15T19:30:00.000Z,401403916,BYU,35,471,71,30,115,3.8,26,41,356,8.7,7,13,3,27
2022,7,2022-10-15T19:30:00.000Z,401403916,Arkansas,52,644,82,42,277,6.6,29,40,367,9.2,12,15,1,34
2022,6,2022-10-08T16:00:00.000Z,401403914,Mississippi State,40,568,85,37,173,4.7,31,48,395,8.2,5,13,0,33
2022,6,2022-10-08T16:00:00.000Z,401403914,Arkansas,17,483,67,44,241,5.5,10,23,242,10.5,8,16,2,18
2022,1,2022-09-03T23:00:00.000Z,401403856,Auburn,42,497,62,41,285,7.0,13,21,212,10.1,4,8,2,22
2022,4,2022-09-24T16:00:00.000Z,401403894,Missouri,14,312,63,39,133,3.4,14,24,179,7.5,4,13,2,14
2022,4,2022-09-24T16:00:00.000Z,401403894,Auburn,17,217,66,45,82,1.8,14,21,135,6.4,3,16,0,15
2022,2,2022-09-10T23:30:00.000Z,401403870,Auburn,24,378,61,38,210,5.5,14,23,168,7.3,4,11,2,18
2022,11,2022-11-13T00:30:00.000Z,401403940,Texas A&M,10,215,60,24,94,3.9,14,36,121,3.4,5,16,1,12
2022,11,2022-11-13T00:30:00.000Z,401403940,Auburn,13,330,68,55,270,4.9,6,13,60,4.6,5,17,3,18
2022,12,2022-11-19T21:00:00.000Z,401426613,Auburn,41,374,62,42,252,6.0,9,20,122,6.1,6,14,0,18
2022,7,2022-10-15T16:00:00.000Z,401403920,Auburn,34,441,65,48,301,6.3,8,17,140,8.2,5,14,3,18
2022,7,2022-10-15T16:00:00.000Z,401403920,Ole Miss,48,578,88,69,448,6.5,9,19,130,6.8,12,19,1,29
2022,3,2022-09-17T19:30:00.000Z,401403882,Auburn,12,415,74,36,119,3.3,21,38,296,7.8,5,15,4,23
2022,3,2022-09-17T19:30:00.000Z,401403882,Penn State,41,477,62,39,245,6.3,17,23,232,10.1,5,11,0,18
2022,5,2022-10-01T23:00:00.000Z,401403903,Auburn,17,438,70,31,101,3.3,19,39,337,8.6,6,15,4,20
2022,5,2022-10-01T23:00:00.000Z,401403903,LSU,21,270,75,49,185,3.8,10,26,85,3.3,5,15,1,19
2022,6,2022-10-08T19:30:00.000Z,401403911,Georgia,42,500,71,39,292,7.5,22,32,208,6.5,6,14,1,22
2022,6,2022-10-08T19:30:00.000Z,401403911,Auburn,10,258,63,25,93,3.7,13,38,165,4.3,5,17,1,10
2022,10,2022-11-05T23:30:00.000Z,401403935,Mississippi State,39,370,80,18,13,0.7,42,62,357,5.8,4,16,3,21
2022,10,2022-11-05T23:30:00.000Z,401403935,Auburn,33,331,68,46,256,5.6,7,22,75,3.4,6,18,1,14
2022,5,2022-09-30T00:00:00.000Z,401415226,BYU,38,397,60,32,117,3.7,18,28,280,10.0,4,12,0,20
2022,9,2022-10-29T00:00:00.000Z,401415645,BYU,24,388,67,42,244,5.8,18,25,144,5.8,6,13,0,22
2022,13,2022-11-27T04:00:00.000Z,401404049,BYU,35,451,62,50,358,7.2,7,12,93,7.8,6,9,0,27
2022,13,2022-11-27T04:00:00.000Z,401404049,Stanford,26,371,61,19,53,2.8,32,42,318,7.6,7,13,0,20
2022,1,2022-09-03T20:00:00.000Z,401415612,BYU,50,573,69,37,312,8.4,25,32,261,8.2,7,13,1,27
2022,3,2022-09-17T19:30:00.000Z,401403989,Oregon,41,439,64,44,212,4.8,14,20,227,11.4,4,12,1,23
2022,3,2022-09-17T19:30:00.000Z,401403989,BYU,20,366,65,24,61,2.5,29,41,305,7.4,8,15,0,21
2022,4,2022-09-25T02:15:00.000Z,401415223,BYU,38,525,63,30,188,6.3,26,33,337,10.2,7,13,0,19
2022,8,2022-10-22T19:30:00.000Z,401404163,BYU,14,258,50,16,71,4.4,16,34,187,5.5,3,11,0,12
2022,12,2022-11-19T20:30:00.000Z,401420863,BYU,52,676,76,41,220,5.4,23,35,456,13.0,5,11,2,30
2022,6,2022-10-08T23:30:00.000Z,401404127,BYU,20,280,46,29,160,5.5,9,17,120,7.1,3,9,1,13
2022,2,2022-09-11T02:15:00.000Z,401404062,BYU,26,366,73,33,83,2.5,24,40,283,7.1,3,14,0,24
2022,2,2022-09-11T02:15:00.000Z,401404062,Baylor,20,289,80,52,152,2.9,18,28,137,4.9,9,18,0,22
2022,10,2022-11-05T23:00:00.000Z,401415250,BYU,31,532,74,32,155,4.8,29,42,377,9.0,7,12,2,27
2022,3,2022-09-17T16:00:00.000Z,401404071,Baylor,42,501,65,37,293,7.9,17,28,208,7.4,4,11,3,23
2022,4,2022-09-24T16:00:00.000Z,401404080,Baylor,31,361,68,42,123,2.9,19,26,238,9.2,5,13,0,23
2022,4,2022-09-24T16:00:00.000Z,401404080,Iowa State,24,350,63,27,66,2.4,23,36,284,7.9,8,15,2,17
2022,1,2022-09-03T23:00:00.000Z,401424416,Baylor,69,573,68,41,259,6.3,22,27,314,11.6,7,11,0,29
2022,7,2022-10-13T23:00:00.000Z,401404092,Baylor,40,590,72,35,169,4.8,21,37,421,11.4,4,11,4,28
2022,7,2022-10-13T23:00:00.000Z,401404092,West Virginia,43,500,74,37,217,5.9,24,37,283,7.6,7,13,1,26
2022,10,2022-11-05T19:00:00.000Z,401404104,Oklahoma,35,499,79,45,238,5.3,22,34,261,7.7,10,15,3,29
2022,10,2022-11-05T19:00:00.000Z,401404104,Baylor,38,413,71,48,281,5.9,14,23,132,5.7,4,13,1,24
2022,13,2022-11-25T17:00:00.000Z,401404119,Texas,38,402,64,48,208,4.3,12,16,194,12.1,4,9,4,22
2022,13,2022-11-25T17:00:00.000Z,401404119,Baylor,27,280,75,39,101,2.6,18,36,179,5.0,5,18,1,18
2022,12,2022-11-19T17:00:00.000Z,401404114,Baylor,28,501,76,46,232,5.0,21,30,269,9.0,6,14,1,25
2022,12,2022-11-19T17:00:00.000Z,401404114,TCU,29,442,63,27,115,4.3,24,36,327,9.1,4,10,1,20
2022,11,2022-11-13T00:00:00.000Z,401404109,Baylor,3,306,61,23,103,4.5,22,38,203,5.3,4,12,2,17
2022,11,2022-11-13T00:00:00.000Z,401404109,Kansas State,31,405,79,44,184,4.2,26,35,221,6.3,8,13,0,30
2022,5,2022-10-01T19:30:00.000Z,401404083,Baylor,25,457,70,30,112,3.7,28,40,345,8.6,3,11,2,21
2022,5,2022-10-01T19:30:00.000Z,401404083,Oklahoma State,36,379,76,46,166,3.6,21,30,213,7.1,6,15,1,23
2022,8,2022-10-22T16:00:00.000Z,401404096,Kansas,23,288,49,22,56,2.5,16,27,232,8.6,6,11,2,11
2022,8,2022-10-22T16:00:00.000Z,401404096,Baylor,35,437,83,57,273,4.8,17,26,164,6.3,9,16,3,28
2022,9,2022-10-29T23:30:00.000Z,401404101,Baylor,45,442,89,59,231,3.9,19,30,211,7.0,12,20,1,26
2022,9,2022-10-29T23:30:00.000Z,401404101,Texas Tech,17,308,74,36,149,4.1,12,38,159,4.2,8,15,5,23
2022,3,2022-09-17T23:30:00.000Z,401411110,Boston College,38,431,70,33,111,3.4,25,37,320,8.6,6,14,0,22
2022,5,2022-10-01T16:00:00.000Z,401411124,Boston College,34,448,57,36,144,4.0,18,21,304,14.5,2,9,3,17
2022,5,2022-10-01T16:00:00.000Z,401411124,Louisville,33,352,75,39,147,3.8,20,36,205,5.7,7,16,1,23
2022,9,2022-10-29T16:00:00.000Z,401404154,Boston College,3,335,68,30,76,2.5,21,38,259,6.8,3,13,5,18
2022,10,2022-11-04T23:00:00.000Z,401411151,Duke,38,390,65,41,232,5.7,16,24,158,6.6,5,12,0,20
2022,10,2022-11-04T23:00:00.000Z,401411151,Boston College,31,405,73,28,75,2.7,27,45,330,7.3,4,14,0,21
2022,2,2022-09-11T00:00:00.000Z,401411108,Virginia Tech,27,284,70,45,144,3.2,16,25,140,5.6,5,17,0,14
2022,2,2022-09-11T00:00:00.000Z,401411108,Boston College,10,155,60,26,4,0.2,19,34,151,4.4,2,15,1,11
2022,1,2022-09-03T16:00:00.000Z,401405069,Rutgers,22,322,64,42,212,5.0,13,22,110,5.0,4,14,1,17
2022,1,2022-09-03T16:00:00.000Z,401405069,Boston College,21,312,69,28,29,1.0,23,41,283,6.9,7,16,3,18
2022,12,2022-11-19T19:30:00.000Z,401404132,Boston College,0,173,58,36,56,1.6,9,22,117,5.3,6,14,5,10
2022,6,2022-10-08T23:30:00.000Z,401411131,Boston College,3,254,72,30,34,1.1,20,42,220,5.2,5,18,1,13
2022,6,2022-10-08T23:30:00.000Z,401411131,Clemson,31,364,63,32,144,4.5,18,31,220,7.1,5,14,1,18
2022,8,2022-10-22T19:30:00.000Z,401411145,Boston College,15,315,68,23,56,2.4,24,45,259,5.8,6,17,1,15
2022,8,2022-10-22T19:30:00.000Z,401411145,Wake Forest,43,428,75,35,115,3.3,25,40,313,7.8,7,12,2,29
2022,13,2022-11-27T00:30:00.000Z,401411173,Syracuse,32,443,65,38,158,4.2,21,27,285,10.6,3,9,1,23
2022,13,2022-11-27T00:30:00.000Z,401411173,Boston College,23,341,74,36,89,2.5,29,38,252,6.6,7,14,2,22
2022,4,2022-09-25T00:00:00.000Z,401411118,Florida State,44,530,66,35,180,5.1,19,31,350,11.3,5,12,0,21
2022,4,2022-09-25T00:00:00.000Z,401411118,Boston College,14,235,63,34,95,2.8,18,29,140,4.8,4,13,2,17
2022,11,2022-11-12T20:30:00.000Z,401411161,NC State,20,335,68,44,200,4.5,12,24,135,5.6,2,12,4,21
2022,11,2022-11-12T20:30:00.000Z,401411161,Boston College,21,329,71,23,-1,0.0,29,48,330,6.9,5,17,3,17
2022,1,2022-09-03T20:00:00.000Z,401403968,California,34,415,69,34,147,4.3,23,35,268,7.7,7,13,1,24
2022,2,2022-09-10T20:00:00.000Z,401403976,California,20,370,71,32,92,2.9,28,39,278,7.1,5,15,1,25
2022,3,2022-09-17T18:30:00.000Z,401403987,California,17,296,68,31,112,3.6,16,37,184,5.0,4,15,0,18
2022,9,2022-10-29T19:30:00.000Z,401404024,Oregon,42,586,75,40,174,4.4,27,35,412,11.8,5,10,2,29
2022,9,2022-10-29T19:30:00.000Z,401404024,California,24,402,70,26,74,2.8,28,44,328,7.5,4,15,2,21
2022,13,2022-11-25T21:30:00.000Z,401404046,UCLA,35,541,94,64,352,5.5,21,30,189,6.3,7,17,0,33
2022,13,2022-11-25T21:30:00.000Z,401404046,California,28,361,52,18,67,3.7,24,34,294,8.6,3,10,2,15
2022,11,2022-11-13T02:00:00.000Z,401404036,California,10,156,50,16,9,0.6,22,34,147,4.3,4,13,1,10
2022,5,2022-10-01T21:30:00.000Z,401404004,California,9,311,61,24,31,1.3,24,37,280,7.6,5,16,0,13
2022,12,2022-11-19T22:30:00.000Z,401404041,Stanford,20,400,80,32,129,4.0,29,48,271,5.6,4,15,2,22
2022,12,2022-11-19T22:30:00.000Z,401404041,California,27,393,65,22,113,5.1,23,43,280,6.5,4,14,2,19
2022,7,2022-10-15T18:00:00.000Z,401404014,Colorado,20,328,69,35,118,3.4,22,34,210,6.2,8,17,3,17
2022,7,2022-10-15T18:00:00.000Z,401404014,California,13,297,74,22,35,1.6,29,52,262,5.0,5,17,2,19
2022,10,2022-11-06T02:30:00.000Z,401404029,USC,41,515,69,28,155,5.5,26,41,360,8.8,5,12,1,24
2022,10,2022-11-06T02:30:00.000Z,401404029,California,35,469,73,24,63,2.6,35,49,406,8.3,8,15,1,22
2022,8,2022-10-23T02:30:00.000Z,401404019,California,21,306,65,31,61,2.0,21,34,245,7.2,6,15,0,18
2022,8,2022-10-23T02:30:00.000Z,401404019,Washington,28,476,83,32,102,3.2,36,51,374,7.3,10,17,0,28
2022,3,2022-09-17T16:00:00.000Z,401415623,Cincinnati,38,478,72,36,137,3.8,27,36,341,9.5,7,14,3,25
2022,8,2022-10-22T16:00:00.000Z,401415641,SMU,27,259,71,31,80,2.6,21,40,179,4.5,2,15,1,21
2022,8,2022-10-22T16:00:00.000Z,401415641,Cincinnati,29,379,77,42,179,4.3,18,35,200,5.7,10,22,0,16
2022,11,2022-11-12T01:00:00.000Z,401415654,Cincinnati,27,310,57,26,66,2.5,14,31,244,7.9,6,14,1,13
2022,5,2022-10-01T23:00:00.000Z,401415627,Cincinnati,31,364,59,32,198,6.2,15,27,166,6.1,2,14,1,15
2022,6,2022-10-08T18:30:00.000Z,401415633,Cincinnati,28,414,60,37,221,6.0,16,23,193,8.4,2,7,2,22
2022,9,2022-10-29T19:30:00.000Z,401415644,UCF,25,505,84,52,258,5.0,22,32,247,7.7,7,15,2,30
2022,9,2022-10-29T19:30:00.000Z,401415644,Cincinnati,21,333,64,18,35,1.9,25,46,298,6.5,4,14,0,18
2022,10,2022-11-05T20:00:00.000Z,401415650,Cincinnati,20,354,55,20,55,2.8,25,35,299,8.5,3,11,0,18
2022,13,2022-11-25T17:00:00.000Z,401415665,Cincinnati,24,337,69,43,235,5.5,10,26,102,3.9,5,15,1,19
2022,2,2022-09-10T19:30:00.000Z,401415619,Cincinnati,63,525,55,30,232,7.7,21,25,293,11.7,5,8,1,24
2022,12,2022-11-19T21:00:00.000Z,401415663,Cincinnati,23,388,78,43,131,3.0,21,35,257,7.3,7,17,0,22
2022,4,2022-09-24T19:30:00.000Z,401405096,Cincinnati,45,394,70,30,40,1.3,24,40,354,8.9,5,16,1,15
2022,4,2022-09-24T19:30:00.000Z,401405096,Indiana,24,348,104,38,68,1.8,31,66,280,4.2,12,25,3,27
2022,8,2022-10-22T16:00:00.000Z,401411142,Clemson,27,450,85,60,293,4.9,15,25,157,6.3,5,15,4,27
2022,8,2022-10-22T16:00:00.000Z,401411142,Syracuse,21,291,54,28,124,4.4,18,26,167,6.4,3,11,1,17
2022,2,2022-09-10T19:30:00.000Z,401411102,Clemson,35,376,59,28,147,5.3,22,31,229,7.4,5,10,2,22
2022,4,2022-09-24T16:00:00.000Z,401411123,Wake Forest,45,447,68,39,110,2.8,20,29,337,11.6,5,12,0,28
2022,4,2022-09-24T16:00:00.000Z,401411123,Clemson,51,559,87,46,188,4.1,26,41,371,9.0,16,23,0,25
2022,5,2022-10-01T23:30:00.000Z,401411125,Clemson,30,354,68,38,145,3.8,21,30,209,7.0,6,14,0,20
2022,5,2022-10-01T23:30:00.000Z,401411125,NC State,20,279,69,21,34,1.6,28,48,245,5.1,5,14,2,20
2022,7,2022-10-15T23:30:00.000Z,401411138,Clemson,34,370,67,44,167,3.8,15,23,203,8.8,9,17,0,18
2022,7,2022-10-15T23:30:00.000Z,401411138,Florida State,28,460,76,34,206,6.1,24,42,254,6.0,7,13,1,28
2022,14,2022-12-04T01:00:00.000Z,401437009,North Carolina,10,384,79,36,111,3.1,27,43,273,6.3,9,16,3,26
2022,14,2022-12-04T01:00:00.000Z,401437009,Clemson,39,385,56,21,68,3.2,28,35,317,9.1,4,9,0,17
2022,13,2022-11-26T17:00:00.000Z,401403962,South Carolina,31,414,70,31,54,1.7,25,39,360,9.2,3,13,2,14
2022,13,2022-11-26T17:00:00.000Z,401403962,Clemson,30,336,66,37,237,6.4,8,29,99,3.4,7,16,3,17
2022,1,2022-09-06T00:00:00.000Z,401411101,Clemson,41,378,78,40,119,3.0,23,38,259,6.8,7,16,1,22
2022,1,2022-09-06T00:00:00.000Z,401411101,Georgia Tech,10,237,66,30,73,2.4,23,36,164,4.6,2,16,1,13
2022,10,2022-11-05T23:30:00.000Z,401404130,Clemson,14,281,65,25,90,3.6,27,40,191,4.8,4,11,2,21
2022,11,2022-11-12T20:30:00.000Z,401411158,Clemson,31,439,73,45,248,5.5,20,28,191,6.8,4,13,3,26
2022,11,2022-11-12T20:30:00.000Z,401411158,Louisville,16,400,67,30,150,5.0,23,37,250,6.8,3,14,2,15
2022,12,2022-11-19T20:30:00.000Z,401411165,Miami,10,98,42,24,30,1.3,9,18,68,3.8,3,11,2,6
2022,12,2022-11-19T20:30:00.000Z,401411165,Clemson,40,447,84,48,207,4.3,24,36,240,6.7,14,19,3,27
2022,3,2022-09-18T00:00:00.000Z,401426556,Clemson,48,521,74,39,280,7.2,20,35,241,6.9,7,15,1,25
2022,2,2022-09-10T19:30:00.000Z,401403977,Colorado,10,162,53,32,111,3.5,5,21,51,2.4,1,11,3,8
2022,11,2022-11-12T02:30:00.000Z,401404033,Colorado,17,259,56,35,135,3.9,11,21,124,5.9,3,12,2,14
2022,11,2022-11-12T02:30:00.000Z,401404033,USC,55,531,74,41,185,4.5,20,33,346,10.5,9,12,1,27
2022,10,2022-11-05T19:30:00.000Z,401404030,Oregon,49,479,66,39,195,5.0,22,27,284,10.5,5,11,0,21
2022,10,2022-11-05T19:30:00.000Z,401404030,Colorado,10,367,70,36,120,3.3,17,34,247,7.3,8,15,3,20
2022,1,2022-09-03T02:00:00.000Z,401403966,Colorado,13,348,70,29,113,3.9,26,41,235,5.7,6,15,0,20
2022,1,2022-09-03T02:00:00.000Z,401403966,TCU,38,413,53,30,275,9.2,15,23,138,6.0,5,11,0,17
2022,4,2022-09-24T18:00:00.000Z,401403998,Colorado,17,309,76,34,51,1.5,26,42,258,6.1,5,17,2,19
2022,4,2022-09-24T18:00:00.000Z,401403998,UCLA,45,515,63,34,249,7.3,22,29,266,9.2,4,9,0,25
2022,3,2022-09-17T19:30:00.000Z,401403988,Minnesota,49,500,72,52,334,6.4,12,20,166,8.3,13,15,1,29
2022,3,2022-09-17T19:30:00.000Z,401403988,Colorado,7,226,58,34,136,4.0,10,24,90,3.8,1,12,1,14
2022,13,2022-11-26T21:00:00.000Z,401404048,Utah,63,662,67,43,383,8.9,21,24,279,11.6,2,6,1,32
2022,13,2022-11-26T21:00:00.000Z,401404048,Colorado,21,185,53,25,62,2.5,15,28,123,4.4,1,12,0,12
2022,8,2022-10-23T00:00:00.000Z,401404020,Colorado,9,290,57,28,84,3.0,13,29,206,7.1,2,11,4,17
2022,12,2022-11-20T02:00:00.000Z,401404042,Washington,54,575,81,43,280,6.5,23,38,295,7.8,6,11,1,29
2022,12,2022-11-20T02:00:00.000Z,401404042,Colorado,7,202,55,33,79,2.4,7,22,123,5.6,3,12,2,10
2022,2,2022-09-10T16:00:00.000Z,401405073,Northwestern,23,511,94,34,76,2.2,36,60,435,7.3,5,17,3,29
2022,2,2022-09-10T16:00:00.000Z,401405073,Duke,31,461,59,35,221,6.3,13,24,240,10.0,4,10,1,21
2022,4,2022-09-24T16:00:00.000Z,401404079,Duke,27,463,71,35,139,4.0,24,36,324,9.0,5,15,0,23
2022,4,2022-09-24T16:00:00.000Z,401404079,Kansas,35,528,62,39,204,5.2,19,23,324,14.1,6,10,1,23
2022,6,2022-10-08T20:00:00.000Z,401411132,Georgia Tech,23,412,73,37,180,4.9,24,36,232,6.4,5,15,0,24
2022,6,2022-10-08T20:00:00.000Z,401411132,Duke,20,278,74,33,142,4.3,20,41,136,3.3,6,17,1,20
2022,8,2022-10-22T16:30:00.000Z,401411144,Miami,21,327,68,31,48,1.5,24,37,279,7.5,4,12,8,18
2022,8,2022-10-22T16:30:00.000Z,401411144,Duke,45,336,67,42,200,4.8,13,25,136,5.4,7,16,2,14
2022,11,2022-11-12T17:00:00.000Z,401411159,Duke,24,427,72,41,165,4.0,19,31,262,8.5,8,16,1,20
2022,11,2022-11-12T17:00:00.000Z,401411159,Virginia Tech,7,281,54,26,104,4.0,16,28,177,6.3,4,12,1,13
2022,1,2022-09-02T23:30:00.000Z,401411094,Duke,30,500,65,35,172,4.9,24,30,328,10.9,1,9,0,25
2022,13,2022-11-26T20:30:00.000Z,401411174,Wake Forest,31,461,74,32,114,3.6,26,42,347,8.3,9,15,1,26
2022,13,2022-11-26T20:30:00.000Z,401411174,Duke,34,507,71,30,116,3.9,29,41,391,9.5,6,13,1,26
2022,3,2022-09-17T22:00:00.000Z,401411112,Duke,49,420,53,35,222,6.3,16,18,198,11.0,7,9,1,20
2022,7,2022-10-16T00:00:00.000Z,401411137,North Carolina,38,536,74,35,156,4.5,28,39,380,9.7,8,13,2,29
2022,7,2022-10-16T00:00:00.000Z,401411137,Duke,35,542,73,42,297,7.1,20,31,245,7.9,4,9,1,27
2022,12,2022-11-19T17:00:00.000Z,401411169,Duke,26,353,72,27,63,2.3,24,45,290,6.4,7,18,2,18
2022,12,2022-11-19T17:00:00.000Z,401411169,Pittsburgh,28,310,65,33,120,3.6,15,32,190,5.9,6,15,2,16
2022,5,2022-10-01T23:30:00.000Z,401411126,Duke,38,377,72,48,248,5.2,18,24,129,5.4,5,13,0,26
2022,5,2022-10-01T23:30:00.000Z,401411126,Virginia,17,295,62,25,93,3.7,19,37,202,5.5,8,14,2,19
2022,10,2022-11-05T16:00:00.000Z,401403937,Florida,41,492,78,50,291,5.8,17,28,201,7.2,4,12,0,28
2022,10,2022-11-05T16:00:00.000Z,401403937,Texas A&M,24,413,70,25,134,5.4,23,45,279,6.2,4,13,2,23
2022,3,2022-09-17T23:30:00.000Z,401403883,Florida,31,329,48,30,217,7.2,10,18,112,6.2,3,8,2,17
2022,1,2022-09-03T23:00:00.000Z,401403857,Florida,29,451,63,39,283,7.3,17,24,168,7.0,7,12,1,23
2022,1,2022-09-03T23:00:00.000Z,401403857,Utah,26,446,71,39,230,5.9,22,32,216,6.8,8,13,1,25
2022,4,2022-09-24T19:30:00.000Z,401403901,Tennessee,38,576,70,42,227,5.4,22,28,349,12.5,6,9,2,27
2022,4,2022-09-24T19:30:00.000Z,401403901,Florida,33,594,87,42,141,3.4,24,45,453,10.1,7,15,2,31
2022,12,2022-11-19T17:00:00.000Z,401403955,Florida,24,445,64,21,45,2.1,25,43,400,9.3,4,15,2,20
2022,12,2022-11-19T17:00:00.000Z,401403955,Vanderbilt,31,283,62,46,175,3.8,10,16,108,6.8,7,14,2,18
2022,13,2022-11-26T00:30:00.000Z,401403958,Florida,38,460,73,46,262,5.7,9,27,198,7.3,8,16,1,22
2022,13,2022-11-26T00:30:00.000Z,401403958,Florida State,45,497,74,44,227,5.2,13,30,270,9.0,9,16,1,26
2022,7,2022-10-15T23:00:00.000Z,401403917,Florida,35,395,59,33,210,6.4,15,26,185,7.1,7,12,0,19
2022,7,2022-10-15T23:00:00.000Z,401403917,LSU,45,528,70,38,179,4.7,23,32,349,10.9,8,12,1,28
2022,9,2022-10-29T19:30:00.000Z,401403928,Georgia,42,555,78,40,239,6.0,19,38,316,8.3,6,12,3,26
2022,9,2022-10-29T19:30:00.000Z,401403928,Florida,20,371,71,34,100,2.9,18,37,271,7.3,4,16,0,16
2022,2,2022-09-10T23:00:00.000Z,401403871,Florida,16,279,65,30,136,4.5,14,35,143,4.1,4,16,2,12
2022,2,2022-09-10T23:00:00.000Z,401403871,Kentucky,26,272,62,38,70,1.8,13,24,202,8.4,4,13,1,17
2022,5,2022-10-02T16:00:00.000Z,401403904,Florida,52,666,50,28,274,9.8,16,22,392,17.8,3,6,1,20
2022,6,2022-10-08T16:00:00.000Z,401403910,Florida,24,297,46,32,231,7.2,8,14,66,4.7,3,11,2,13
2022,6,2022-10-08T16:00:00.000Z,401403910,Missouri,17,370,72,42,150,3.6,22,30,220,7.3,9,17,2,21
2022,11,2022-11-12T21:00:00.000Z,401403941,Florida,38,515,79,54,374,6.9,13,25,141,5.6,9,15,1,26
2022,11,2022-11-12T21:00:00.000Z,401403941,South Carolina,6,237,50,23,44,1.9,19,27,193,7.1,3,11,3,11
2022,1,2022-08-27T21:00:00.000Z,401411090,Florida State,47,638,76,54,406,7.5,14,22,232,10.5,5,10,1,33
2022,5,2022-10-01T19:30:00.000Z,401411127,Florida State,21,393,63,28,112,4.0,23,35,281,8.0,4,11,1,21
2022,5,2022-10-01T19:30:00.000Z,401411127,Wake Forest,31,405,85,51,171,3.4,22,34,234,6.9,10,18,0,28
2022,9,2022-10-29T16:00:00.000Z,401411147,Florida State,41,642,82,43,246,5.7,24,39,396,10.2,9,15,2,31
2022,9,2022-10-29T16:00:00.000Z,401411147,Georgia Tech,16,264,61,30,66,2.2,20,31,198,6.4,2,13,0,16
2022,12,2022-11-19T17:00:00.000Z,401411166,Florida State,49,440,66,45,251,5.6,13,21,189,9.0,11,15,0,23
2022,3,2022-09-16T23:30:00.000Z,401411109,Louisville,31,495,78,44,252,5.7,21,34,243,7.1,5,14,3,25
2022,3,2022-09-16T23:30:00.000Z,401411109,Florida State,35,455,64,37,189,5.1,19,27,266,9.9,6,14,2,21
2022,6,2022-10-09T00:00:00.000Z,401411134,NC State,19,307,69,46,182,4.0,11,23,125,5.4,2,13,1,19
2022,6,2022-10-09T00:00:00.000Z,401411134,Florida State,17,387,58,28,206,7.4,15,30,181,6.0,5,13,2,15
2022,1,2022-09-04T23:30:00.000Z,401403867,Florida State,24,392,71,38,132,3.5,20,33,260,7.9,11,17,1,23
2022,1,2022-09-04T23:30:00.000Z,401403867,LSU,23,348,65,30,139,4.6,25,35,209,6.0,5,11,2,25
2022,10,2022-11-05T23:30:00.000Z,401411153,Miami,3,188,52,33,126,3.8,10,19,62,3.3,4,13,4,13
2022,10,2022-11-05T23:30:00.000Z,401411153,Florida State,45,454,65,49,229,4.7,13,16,225,14.1,6,11,1,22
2022,11,2022-11-13T01:00:00.000Z,401411162,Syracuse,3,160,48,31,95,3.1,6,17,65,3.8,1,11,1,9
2022,11,2022-11-13T01:00:00.000Z,401411162,Florida State,38,420,71,40,230,5.8,25,31,190,6.1,3,9,1,25
2022,3,2022-09-17T16:00:00.000Z,401403888,South Carolina,7,306,64,30,92,3.1,19,34,214,6.3,4,13,3,17
2022,3,2022-09-17T16:00:00.000Z,401403888,Georgia,48,547,65,35,208,5.9,21,30,339,11.3,5,9,0,30
2022,4,2022-09-24T16:00:00.000Z,401403895,Georgia,39,529,77,41,257,6.3,27,36,272,7.6,7,12,3,29
2022,1,2022-09-03T19:30:00.000Z,401403858,Georgia,49,571,62,25,132,5.3,30,37,439,11.9,9,10,0,26
2022,1,2022-09-03T19:30:00.000Z,401403858,Oregon,3,313,68,31,140,4.5,21,37,173,4.7,7,15,2,21
2022,13,2022-11-26T17:00:00.000Z,401403959,Georgia,37,407,61,41,264,6.4,11,20,143,7.2,6,13,1,16
2022,13,2022-11-26T17:00:00.000Z,401403959,Georgia Tech,14,255,64,28,40,1.4,20,36,215,6.0,3,13,1,15
2022,12,2022-11-19T20:30:00.000Z,401403949,Kentucky,6,295,56,25,89,3.6,20,31,206,6.6,3,11,1,17
2022,12,2022-11-19T20:30:00.000Z,401403949,Georgia,16,363,65,46,247,5.4,13,19,116,6.1,6,12,1,20
2022,2,2022-09-10T20:00:00.000Z,401403872,Georgia,33,479,75,32,127,4.0,29,43,352,8.2,5,13,0,25
2022,10,2022-11-05T19:30:00.000Z,401403933,Tennessee,13,289,75,42,94,2.2,23,33,195,5.9,2,14,2,21
2022,10,2022-11-05T19:30:00.000Z,401403933,Georgia,27,387,62,37,130,3.5,17,25,257,10.3,7,12,2,18
2022,7,2022-10-15T19:30:00.000Z,401403918,Georgia,55,579,79,38,192,5.1,32,41,387,9.4,8,13,0,30
2022,7,2022-10-15T19:30:00.000Z,401403918,Vanderbilt,0,150,47,23,45,2.0,12,24,105,4.4,5,13,1,10
2022,5,2022-10-01T23:30:00.000Z,401403907,Missouri,22,294,53,21,102,4.9,20,32,192,6.0,3,13,0,14
2022,5,2022-10-01T23:30:00.000Z,401403907,Georgia,26,481,79,36,169,4.7,24,43,312,7.3,4,13,2,28
2022,11,2022-11-13T00:00:00.000Z,401403944,Mississippi State,19,308,67,15,47,3.1,29,52,261,5.0,3,14,0,18
2022,11,2022-11-13T00:00:00.000Z,401403944,Georgia,45,468,70,33,179,5.4,25,37,289,7.8,6,13,2,21
2022,14,2022-12-03T21:00:00.000Z,401437036,Georgia,50,529,73,44,255,5.8,23,29,274,9.4,7,13,1,27
2022,14,2022-12-03T21:00:00.000Z,401437036,LSU,30,549,72,20,47,2.4,31,52,502,9.7,4,13,3,23
2022,3,2022-09-17T19:30:00.000Z,401403886,Georgia Tech,0,214,66,34,53,1.6,18,32,161,5.0,6,18,0,13
2022,3,2022-09-17T19:30:00.000Z,401403886,Ole Miss,42,547,81,62,316,5.1,12,19,231,12.2,7,15,1,31
2022,8,2022-10-20T23:30:00.000Z,401411141,Georgia Tech,9,206,73,37,60,1.6,16,36,146,4.1,6,21,2,13
2022,8,2022-10-20T23:30:00.000Z,401411141,Virginia,16,410,73,38,155,4.1,20,35,255,7.3,2,14,4,17
2022,10,2022-11-05T16:30:00.000Z,401411157,Virginia Tech,27,304,66,39,138,3.5,15,27,166,6.1,4,12,4,20
2022,10,2022-11-05T16:30:00.000Z,401411157,Georgia Tech,28,463,77,45,210,4.7,19,32,253,7.9,5,16,1,22
2022,2,2022-09-10T23:00:00.000Z,401411104,Georgia Tech,35,343,51,34,243,7.1,8,17,100,5.9,5,11,1,15
2022,4,2022-09-24T20:00:00.000Z,401411122,UCF,27,333,73,56,284,5.1,8,17,49,2.9,5,16,2,24
2022,4,2022-09-24T20:00:00.000Z,401411122,Georgia Tech,10,438,63,31,124,4.0,21,32,314,9.8,4,13,2,22
2022,12,2022-11-19T22:30:00.000Z,401411168,North Carolina,17,365,63,33,163,4.9,16,30,202,6.7,4,14,1,16
2022,12,2022-11-19T22:30:00.000Z,401411168,Georgia Tech,21,373,72,49,186,3.8,15,23,187,8.1,8,15,1,19
2022,5,2022-10-02T00:00:00.000Z,401411129,Pittsburgh,21,411,76,31,106,3.4,26,45,305,6.8,2,12,3,25
2022,5,2022-10-02T00:00:00.000Z,401411129,Georgia Tech,26,334,71,44,232,5.3,11,27,102,3.8,5,17,0,17
2022,11,2022-11-12T20:30:00.000Z,401411160,Georgia Tech,14,363,70,27,129,4.8,24,43,234,5.4,4,12,4,23
2022,11,2022-11-12T20:30:00.000Z,401411160,Miami,35,353,63,44,217,4.9,14,19,136,7.2,7,12,0,21
2022,1,2022-09-03T19:30:00.000Z,401426542,Houston,37,346,76,44,140,3.2,22,32,206,6.4,13,21,1,20
2022,2,2022-09-10T20:00:00.000Z,401404063,Texas Tech,33,468,103,44,117,2.7,36,59,351,5.9,5,18,3,35
2022,2,2022-09-10T20:00:00.000Z,401404063,Houston,30,354,68,29,88,3.0,20,39,266,6.8,5,16,2,15
2022,13,2022-11-27T00:30:00.000Z,401415668,Houston,30,506,70,23,120,5.2,26,47,386,8.2,3,13,1,24
2022,4,2022-09-24T22:00:00.000Z,401426570,Houston,34,427,58,32,178,5.6,19,26,249,9.6,6,12,1,19
2022,5,2022-09-30T23:00:00.000Z,401415625,Houston,24,383,81,48,175,3.6,22,33,208,6.3,9,18,1,22
2022,3,2022-09-17T20:00:00.000Z,401404068,Houston,30,446,70,39,174,4.5,22,31,272,8.8,7,13,2,26
2022,3,2022-09-17T20:00:00.000Z,401404068,Kansas,48,438,66,43,280,6.5,14,23,158,6.9,7,12,0,24
2022,11,2022-11-12T20:00:00.000Z,401415655,Houston,43,485,66,26,196,7.5,29,40,289,7.2,7,13,2,25
2022,6,2022-10-07T23:30:00.000Z,401415630,Houston,33,463,81,23,97,4.2,36,58,366,6.3,6,16,1,25
2022,8,2022-10-22T16:00:00.000Z,401415640,Houston,38,441,64,34,180,5.3,21,30,261,8.7,7,12,3,23
2022,9,2022-10-29T16:00:00.000Z,401415643,Houston,42,490,64,25,103,4.1,33,39,387,9.9,7,11,1,23
2022,10,2022-11-05T23:00:00.000Z,401415652,Houston,63,710,71,17,182,10.7,37,54,528,9.8,1,5,3,34
2022,10,2022-11-05T23:00:00.000Z,401415652,SMU,77,642,83,46,263,5.7,28,37,379,10.2,10,14,0,31
2022,12,2022-11-19T19:00:00.000Z,401415660,Houston,42,515,68,24,80,3.3,32,44,435,9.9,6,12,1,27
2022,1,2022-08-27T20:00:00.000Z,401405058,Illinois,38,477,81,41,260,6.3,30,40,217,5.4,7,16,0,26
2022,9,2022-10-29T19:30:00.000Z,401405124,Nebraska,9,248,49,25,60,2.4,11,24,188,7.8,2,12,4,9
2022,9,2022-10-29T19:30:00.000Z,401405124,Illinois,26,367,70,48,188,3.9,20,22,179,8.1,7,15,1,18
2022,2,2022-09-10T20:00:00.000Z,401405070,Illinois,24,394,70,45,198,4.4,17,25,196,7.8,5,14,4,18
2022,2,2022-09-10T20:00:00.000Z,401405070,Virginia,3,222,64,29,42,1.4,13,35,180,5.1,0,16,3,11
2022,4,2022-09-23T00:30:00.000Z,401421129,Illinois,31,502,71,37,167,4.5,25,34,335,9.9,7,15,1,21
2022,10,2022-11-05T19:30:00.000Z,401405127,Michigan State,23,294,58,29,112,3.9,19,29,182,6.3,3,11,1,17
2022,10,2022-11-05T19:30:00.000Z,401405127,Illinois,15,441,84,47,153,3.3,25,37,288,7.8,6,17,1,25
2022,1,2022-09-03T00:00:00.000Z,401405061,Indiana,23,362,78,26,32,1.2,28,52,330,6.3,10,19,2,20
2022,1,2022-09-03T00:00:00.000Z,401405061,Illinois,20,451,90,54,216,4.0,21,36,235,6.5,9,17,4,29
2022,5,2022-10-01T16:00:00.000Z,401405099,Wisconsin,10,208,57,24,2,0.1,17,33,206,6.2,4,14,3,12
2022,5,2022-10-01T16:00:00.000Z,401405099,Illinois,34,304,66,42,137,3.3,18,24,167,7.0,3,13,0,19
2022,7,2022-10-15T16:00:00.000Z,401405112,Illinois,26,472,86,54,220,4.1,25,32,252,7.9,6,17,0,27
2022,7,2022-10-15T16:00:00.000Z,401405112,Minnesota,14,180,42,24,142,5.9,6,18,38,2.1,2,7,3,12
2022,6,2022-10-08T23:30:00.000Z,401405106,Illinois,9,316,75,45,200,4.4,19,30,116,3.9,4,16,3,18
2022,6,2022-10-08T23:30:00.000Z,401405106,Iowa,6,222,66,30,52,1.7,18,36,170,4.7,5,17,1,13
2022,13,2022-11-26T20:30:00.000Z,401405149,Northwestern,3,321,80,49,154,3.1,17,31,167,5.4,6,16,6,22
2022,13,2022-11-26T20:30:00.000Z,401405149,Illinois,41,292,54,36,156,4.3,12,18,136,7.6,4,9,1,16
2022,12,2022-11-19T17:00:00.000Z,401405145,Michigan,19,376,74,40,168,4.2,18,34,208,6.1,7,19,1,18
2022,12,2022-11-19T17:00:00.000Z,401405145,Illinois,17,326,64,34,148,4.4,21,30,178,5.9,5,13,0,20
2022,11,2022-11-12T17:00:00.000Z,401405134,Illinois,24,303,65,33,102,3.1,18,32,201,6.3,5,13,1,18
2022,11,2022-11-12T17:00:00.000Z,401405134,Purdue,31,379,73,33,142,4.3,25,40,237,5.9,5,13,1,25
2022,3,2022-09-17T16:00:00.000Z,401426563,Indiana,33,484,90,35,120,3.4,33,55,364,6.6,7,18,1,28
2022,7,2022-10-15T19:30:00.000Z,401405114,Indiana,33,351,75,32,36,1.1,30,43,315,7.3,4,13,3,23
2022,7,2022-10-15T19:30:00.000Z,401405114,Maryland,38,442,82,40,172,4.3,25,42,270,6.4,8,17,0,25
2022,8,2022-10-22T16:00:00.000Z,401405121,Indiana,17,272,60,19,62,3.3,23,41,210,5.1,2,12,1,17
2022,8,2022-10-22T16:00:00.000Z,401405121,Rutgers,24,305,74,50,192,3.8,12,24,113,4.7,5,17,0,17
2022,11,2022-11-12T17:00:00.000Z,401405139,Ohio State,56,662,73,43,340,7.9,19,30,322,10.7,7,14,1,27
2022,11,2022-11-12T17:00:00.000Z,401405139,Indiana,14,269,64,40,150,3.8,9,24,119,5.0,3,17,0,11
2022,10,2022-11-05T19:30:00.000Z,401405132,Penn State,45,483,84,49,179,3.7,24,35,304,8.7,7,16,1,27
2022,10,2022-11-05T19:30:00.000Z,401405132,Indiana,14,196,63,34,65,1.9,16,29,131,4.5,4,15,3,11
2022,2,2022-09-11T00:00:00.000Z,401405075,Indiana,35,436,65,36,239,6.6,16,29,197,6.8,7,13,2,21
2022,12,2022-11-19T17:00:00.000Z,401405146,Michigan State,31,540,90,48,242,5.0,27,42,298,7.1,9,18,1,29
2022,12,2022-11-19T17:00:00.000Z,401405146,Indiana,39,288,51,44,257,5.8,2,7,31,4.4,3,12,0,11
2022,5,2022-10-01T23:30:00.000Z,401405102,Nebraska,35,385,78,51,115,2.3,18,27,270,10.0,7,16,2,22
2022,5,2022-10-01T23:30:00.000Z,401405102,Indiana,21,290,67,23,67,2.9,22,44,223,5.1,2,15,1,14
2022,13,2022-11-26T20:30:00.000Z,401405151,Purdue,30,388,51,22,98,4.5,18,29,290,10.0,2,9,0,20
2022,13,2022-11-26T20:30:00.000Z,401405151,Indiana,16,421,87,44,215,4.9,25,43,206,4.8,6,18,1,26
2022,6,2022-10-08T16:00:00.000Z,401405108,Indiana,10,222,74,25,19,0.8,25,49,203,4.1,5,15,1,21
2022,6,2022-10-08T16:00:00.000Z,401405108,Michigan,31,469,76,40,165,4.1,28,36,304,8.4,7,14,1,26
2022,9,2022-10-29T19:30:00.000Z,401405122,Northwestern,13,177,67,37,18,0.5,23,30,159,5.3,7,17,1,16
2022,9,2022-10-29T19:30:00.000Z,401405122,Iowa,33,398,65,35,178,5.1,21,30,220,7.3,5,11,0,24
2022,1,2022-09-03T16:00:00.000Z,401405062,Iowa,7,166,61,36,57,1.6,11,25,109,4.4,4,17,2,10
2022,2,2022-09-10T20:00:00.000Z,401404064,Iowa,7,150,52,25,58,2.3,12,27,92,3.4,3,11,3,11
2022,2,2022-09-10T20:00:00.000Z,401404064,Iowa State,10,313,79,41,129,3.1,25,38,184,4.8,10,20,3,21
2022,8,2022-10-22T16:00:00.000Z,401405119,Ohio State,54,360,62,30,66,2.2,22,32,294,9.2,3,13,2,16
2022,8,2022-10-22T16:00:00.000Z,401405119,Iowa,10,158,59,35,77,2.2,11,24,81,3.4,1,13,6,8
2022,4,2022-09-24T23:00:00.000Z,401405091,Rutgers,10,361,74,24,61,2.5,29,50,300,6.0,5,16,3,20
2022,4,2022-09-24T23:00:00.000Z,401405091,Iowa,27,277,55,38,129,3.4,11,17,148,8.7,1,9,0,15
2022,5,2022-10-01T16:00:00.000Z,401405100,Iowa,14,281,55,24,35,1.5,21,31,246,7.9,4,11,0,16
2022,5,2022-10-01T16:00:00.000Z,401405100,Michigan,27,327,66,42,172,4.1,18,24,155,6.5,4,11,0,24
2022,10,2022-11-05T16:00:00.000Z,401405130,Purdue,3,255,74,31,87,2.8,20,43,168,3.9,2,16,2,17
2022,10,2022-11-05T16:00:00.000Z,401405130,Iowa,24,376,58,35,184,5.3,13,23,192,8.3,4,14,0,15
2022,11,2022-11-12T20:30:00.000Z,401405135,Iowa,24,146,68,45,52,1.2,14,23,94,4.1,6,19,1,11
2022,11,2022-11-12T20:30:00.000Z,401405135,Wisconsin,10,227,66,31,51,1.6,16,35,176,5.0,6,17,3,11
2022,12,2022-11-19T21:00:00.000Z,401405141,Minnesota,10,399,65,50,312,6.2,7,15,87,5.8,7,16,2,17
2022,12,2022-11-19T21:00:00.000Z,401405141,Iowa,13,280,52,28,59,2.1,15,24,221,9.2,3,11,0,13
2022,13,2022-11-25T21:00:00.000Z,401405148,Iowa,17,274,72,33,124,3.8,17,39,150,3.8,6,16,4,18
2022,13,2022-11-25T21:00:00.000Z,401405148,Nebraska,24,329,65,35,51,1.5,20,30,278,9.3,5,14,1,17
2022,3,2022-09-17T23:30:00.000Z,401405082,Iowa,27,337,61,35,162,4.6,14,26,175,6.7,7,16,0,15
2022,1,2022-09-03T18:00:00.000Z,401404057,Iowa State,42,469,67,36,176,4.9,25,31,293,9.5,8,12,1,26
2022,3,2022-09-17T18:00:00.000Z,401404069,Iowa State,43,463,74,32,163,5.1,32,42,300,7.1,5,14,1,22
2022,5,2022-10-01T19:30:00.000Z,401404084,Kansas,14,213,46,31,112,3.6,8,15,101,6.7,3,10,1,10
2022,5,2022-10-01T19:30:00.000Z,401404084,Iowa State,11,303,79,31,16,0.5,30,48,287,6.0,5,18,2,20
2022,6,2022-10-08T23:30:00.000Z,401404088,Iowa State,9,276,62,24,78,3.3,22,38,198,5.2,5,15,0,13
2022,6,2022-10-08T23:30:00.000Z,401404088,Kansas State,10,388,58,38,131,3.4,13,20,257,12.9,4,13,1,16
2022,7,2022-10-15T16:00:00.000Z,401404093,Texas,24,363,69,43,191,4.4,17,26,172,6.6,6,13,0,23
2022,7,2022-10-15T16:00:00.000Z,401404093,Iowa State,21,403,64,28,74,2.6,25,36,329,9.1,9,15,2,20
2022,10,2022-11-05T19:30:00.000Z,401404105,West Virginia,14,200,49,22,76,3.5,12,27,124,4.6,2,12,1,11
2022,10,2022-11-05T19:30:00.000Z,401404105,Iowa State,31,391,74,38,172,4.5,24,36,219,6.1,4,13,0,26
2022,9,2022-10-29T16:00:00.000Z,401404100,Oklahoma,27,332,74,47,182,3.9,16,27,150,5.6,7,17,1,18
2022,9,2022-10-29T16:00:00.000Z,401404100,Iowa State,13,374,84,27,66,2.4,37,57,308,5.4,7,20,3,20
2022,12,2022-11-20T00:00:00.000Z,401404115,Iowa State,10,422,79,43,128,3.0,23,36,294,8.2,9,19,0,22
2022,12,2022-11-20T00:00:00.000Z,401404115,Texas Tech,14,246,59,38,105,2.8,15,21,141,6.7,3,13,1,14
2022,13,2022-11-26T21:00:00.000Z,401404120,TCU,62,377,68,38,131,3.4,22,30,246,8.2,5,13,0,21
2022,13,2022-11-26T21:00:00.000Z,401404120,Iowa State,14,330,69,31,159,5.1,19,38,171,4.5,4,13,3,19
2022,11,2022-11-12T20:30:00.000Z,401404110,Oklahoma State,20,244,60,35,57,1.6,14,25,187,7.5,1,14,2,11
2022,11,2022-11-12T20:30:00.000Z,401404110,Iowa State,14,333,79,36,59,1.6,28,43,274,6.4,6,17,5,19
2022,1,2022-09-03T00:00:00.000Z,401404052,Kansas,56,502,49,30,297,9.9,16,19,205,10.8,6,8,3,21
2022,2,2022-09-10T22:00:00.000Z,401404065,West Virginia,42,501,78,38,146,3.8,28,40,355,8.9,8,15,2,27
2022,2,2022-09-10T22:00:00.000Z,401404065,Kansas,55,419,65,36,200,5.6,18,29,219,7.6,11,15,0,23
2022,7,2022-10-15T16:00:00.000Z,401404094,Kansas,42,430,62,35,165,4.7,16,27,265,9.8,5,11,2,22
2022,7,2022-10-15T16:00:00.000Z,401404094,Oklahoma,52,701,100,57,298,5.2,29,43,403,9.4,16,21,3,36
2022,10,2022-11-05T19:30:00.000Z,401404106,Kansas,37,554,69,46,351,7.6,18,23,203,8.8,6,14,0,23
2022,10,2022-11-05T19:30:00.000Z,401404106,Oklahoma State,16,415,75,35,111,3.2,27,40,304,7.6,5,11,4,25
2022,13,2022-11-27T01:00:00.000Z,401404121,Kansas,27,307,63,30,127,4.2,21,33,180,5.5,6,12,2,20
2022,13,2022-11-27T01:00:00.000Z,401404121,Kansas State,47,443,63,42,230,5.5,11,21,213,10.1,7,13,1,20
2022,11,2022-11-13T00:00:00.000Z,401404111,Texas Tech,43,510,82,48,264,5.5,20,34,246,7.2,7,15,0,26
2022,11,2022-11-13T00:00:00.000Z,401404111,Kansas,28,525,65,32,242,7.6,20,33,283,8.6,6,13,2,20
2022,6,2022-10-08T16:00:00.000Z,401404089,Kansas,31,540,72,38,189,5.0,21,34,351,10.3,5,14,2,22
2022,6,2022-10-08T16:00:00.000Z,401404089,TCU,38,452,64,31,144,4.6,23,33,308,9.3,5,11,2,21
2022,12,2022-11-19T20:30:00.000Z,401404116,Kansas,14,346,59,30,104,3.5,18,29,242,8.3,4,11,1,15
2022,12,2022-11-19T20:30:00.000Z,401404116,Texas,55,539,79,57,427,7.5,13,22,112,5.1,6,14,0,28
2022,1,2022-09-03T23:00:00.000Z,401404056,Kansas State,34,392,64,45,297,6.6,15,19,95,5.0,5,14,0,19
2022,2,2022-09-10T16:00:00.000Z,401403876,Missouri,12,222,66,35,94,2.7,15,31,128,4.1,5,16,4,14
2022,2,2022-09-10T16:00:00.000Z,401403876,Kansas State,40,336,63,43,235,5.5,9,20,101,5.1,4,13,1,18
2022,5,2022-10-01T16:00:00.000Z,401404085,Kansas State,37,459,58,39,343,8.8,12,19,116,6.1,4,13,1,15
2022,5,2022-10-01T16:00:00.000Z,401404085,Texas Tech,28,473,82,34,114,3.4,34,48,359,7.5,5,14,4,26
2022,8,2022-10-23T00:00:00.000Z,401404097,Kansas State,28,390,53,30,158,5.3,14,23,232,10.1,3,9,2,15
2022,8,2022-10-23T00:00:00.000Z,401404097,TCU,38,495,82,56,215,3.8,17,26,280,10.8,10,19,0,25
2022,12,2022-11-19T19:00:00.000Z,401404117,West Virginia,31,369,62,34,153,4.5,16,28,216,7.7,2,10,2,21
2022,12,2022-11-19T19:00:00.000Z,401404117,Kansas State,48,437,69,42,143,3.4,19,27,294,10.9,9,14,1,21
2022,4,2022-09-25T00:00:00.000Z,401404081,Oklahoma,34,550,73,34,220,6.5,26,39,330,8.5,4,13,0,26
2022,4,2022-09-25T00:00:00.000Z,401404081,Kansas State,41,509,83,49,275,5.6,21,34,234,6.9,8,17,0,28
2022,9,2022-10-29T19:30:00.000Z,401404102,Kansas State,48,495,74,37,199,5.4,21,37,296,8.0,5,15,0,21
2022,9,2022-10-29T19:30:00.000Z,401404102,Oklahoma State,0,217,63,30,54,1.8,15,33,163,4.9,5,15,3,14
2022,14,2022-12-03T17:00:00.000Z,401437030,TCU,28,469,73,37,218,5.9,18,36,251,7.0,2,15,2,18
2022,14,2022-12-03T17:00:00.000Z,401437030,Kansas State,31,404,75,44,205,4.7,18,31,199,6.4,5,16,1,20
2022,3,2022-09-17T19:00:00.000Z,401404074,Kansas State,10,336,73,42,186,4.4,21,31,150,4.8,2,15,0,15
2022,10,2022-11-05T23:00:00.000Z,401404107,Kansas State,27,468,71,35,139,4.0,24,36,329,9.1,5,12,2,25
2022,10,2022-11-05T23:00:00.000Z,401404107,Texas,34,466,71,40,269,6.7,18,31,197,6.4,8,15,2,22
2022,10,2022-11-05T16:00:00.000Z,401403936,Kentucky,21,252,60,41,82,2.0,13,19,170,8.9,6,16,0,15
2022,10,2022-11-05T16:00:00.000Z,401403936,Missouri,17,232,60,34,89,2.6,18,26,143,5.5,2,13,2,12
2022,3,2022-09-17T16:00:00.000Z,401403884,Kentucky,31,480,71,36,103,2.9,27,35,377,10.8,6,11,3,26
2022,4,2022-09-24T23:00:00.000Z,401403896,Kentucky,31,406,61,35,103,2.9,18,26,303,11.7,10,16,1,18
2022,7,2022-10-15T23:30:00.000Z,401403919,Kentucky,27,478,73,48,239,5.0,19,25,239,9.6,6,15,2,24
2022,7,2022-10-15T23:30:00.000Z,401403919,Mississippi State,17,225,47,10,22,2.2,25,37,203,5.5,3,11,1,13
2022,1,2022-09-03T23:00:00.000Z,401403859,Kentucky,37,353,58,26,50,1.9,21,32,303,9.5,2,8,1,20
2022,5,2022-10-01T16:00:00.000Z,401403905,Ole Miss,22,399,68,39,186,4.8,15,29,213,7.3,7,14,1,19
2022,5,2022-10-01T16:00:00.000Z,401403905,Kentucky,19,328,61,37,108,2.9,18,24,220,9.2,7,14,2,17
2022,6,2022-10-08T23:30:00.000Z,401403912,Kentucky,14,299,63,36,121,3.4,15,27,178,6.6,3,12,2,18
2022,6,2022-10-08T23:30:00.000Z,401403912,South Carolina,24,356,61,42,179,4.3,14,19,177,9.3,6,14,2,15
2022,13,2022-11-26T20:00:00.000Z,401403960,Kentucky,26,346,61,42,158,3.8,11,19,188,9.9,3,11,0,17
2022,13,2022-11-26T20:00:00.000Z,401403960,Louisville,13,309,64,37,164,4.4,17,27,145,5.4,4,12,3,19
2022,11,2022-11-12T17:00:00.000Z,401403942,Kentucky,21,322,54,31,213,6.9,11,23,109,4.7,4,12,1,16
2022,11,2022-11-12T17:00:00.000Z,401403942,Vanderbilt,24,448,67,44,264,6.0,12,23,184,8.0,11,17,2,18
2022,9,2022-10-29T23:00:00.000Z,401403930,Tennessee,44,422,65,40,177,4.4,19,25,245,9.8,5,12,0,19
2022,9,2022-10-29T23:00:00.000Z,401403930,Kentucky,6,205,63,36,107,3.0,16,27,98,3.6,2,13,3,14
2022,8,2022-10-22T19:30:00.000Z,401403923,LSU,45,500,76,48,252,5.3,21,28,248,8.9,6,11,0,35
2022,8,2022-10-22T19:30:00.000Z,401403923,Ole Miss,20,404,72,37,116,3.1,20,35,288,8.2,4,13,1,24
2022,2,2022-09-10T23:30:00.000Z,401403873,LSU,65,550,70,36,230,6.4,23,34,320,9.4,7,12,2,23
2022,13,2022-11-27T00:00:00.000Z,401403963,Texas A&M,38,429,68,50,274,5.5,12,18,155,8.6,10,15,0,24
2022,13,2022-11-27T00:00:00.000Z,401403963,LSU,23,384,68,32,187,5.8,22,36,197,5.5,4,11,1,25
2022,3,2022-09-17T22:00:00.000Z,401403885,LSU,31,416,75,38,206,5.4,22,37,210,5.7,6,15,1,20
2022,3,2022-09-17T22:00:00.000Z,401403885,Mississippi State,16,289,64,22,75,3.4,24,42,214,5.1,3,14,2,15
2022,12,2022-11-20T02:00:00.000Z,401426612,LSU,41,565,72,41,266,6.5,23,31,299,9.6,11,13,2,31
2022,4,2022-09-24T23:30:00.000Z,401403897,LSU,38,633,80,41,219,5.3,33,39,414,10.6,7,13,1,28
2022,6,2022-10-08T16:00:00.000Z,401403913,LSU,13,355,73,28,55,2.0,32,45,300,6.7,7,15,2,24
2022,6,2022-10-08T16:00:00.000Z,401403913,Tennessee,40,502,77,49,263,5.4,17,28,239,8.5,7,16,0,27
2022,4,2022-09-24T16:00:00.000Z,401411119,Louisville,41,542,76,46,283,6.2,19,30,259,8.6,4,13,1,28
2022,6,2022-10-08T16:00:00.000Z,401411136,Louisville,34,473,76,46,198,4.3,17,30,275,9.2,8,15,2,24
2022,6,2022-10-08T16:00:00.000Z,401411136,Virginia,17,319,59,25,6,0.2,24,34,313,9.2,3,12,3,18
2022,9,2022-10-29T19:30:00.000Z,401411148,Wake Forest,21,402,90,46,92,2.0,26,44,310,7.0,8,16,8,29
2022,9,2022-10-29T19:30:00.000Z,401411148,Louisville,48,410,65,38,211,5.6,18,27,199,7.4,4,12,1,19
2022,12,2022-11-19T20:30:00.000Z,401411167,Louisville,25,345,64,39,192,4.9,12,25,153,6.1,6,16,0,16
2022,12,2022-11-19T20:30:00.000Z,401411167,NC State,10,291,73,31,77,2.5,18,42,214,5.1,7,17,1,20
2022,1,2022-09-04T00:00:00.000Z,401411099,Louisville,7,334,54,31,137,4.4,17,23,197,8.6,5,11,3,15
2022,1,2022-09-04T00:00:00.000Z,401411099,Syracuse,31,449,66,40,207,5.2,19,26,242,9.3,6,11,0,23
2022,2,2022-09-09T23:30:00.000Z,401415613,UCF,14,339,72,38,208,5.5,16,34,131,3.9,4,16,1,18
2022,2,2022-09-09T23:30:00.000Z,401415613,Louisville,20,427,74,45,226,5.0,14,29,201,6.9,4,14,1,19
2022,8,2022-10-23T00:00:00.000Z,401411143,Louisville,24,312,57,30,122,4.1,13,27,190,7.0,4,13,1,14
2022,8,2022-10-23T00:00:00.000Z,401411143,Pittsburgh,10,326,66,37,168,4.5,16,29,158,5.4,4,11,4,19
2022,10,2022-11-05T23:30:00.000Z,401411152,Louisville,34,467,65,45,244,5.4,14,20,223,11.2,6,13,1,23
2022,2,2022-09-10T19:30:00.000Z,401426545,Maryland,56,617,62,28,193,6.9,30,34,424,12.5,7,9,1,26
2022,3,2022-09-17T23:30:00.000Z,401405087,Maryland,34,439,61,38,225,5.9,17,23,214,9.3,5,13,2,16
2022,3,2022-09-17T23:30:00.000Z,401405087,SMU,27,520,96,42,151,3.6,29,54,369,6.8,10,21,3,30
2022,4,2022-09-24T16:00:00.000Z,401405097,Michigan,34,463,66,40,243,6.1,18,26,220,8.5,5,12,1,22
2022,4,2022-09-24T16:00:00.000Z,401405097,Maryland,27,397,73,34,128,3.8,25,39,269,6.9,6,14,3,23
2022,5,2022-10-01T19:30:00.000Z,401405103,Michigan State,13,321,66,22,100,4.5,27,44,221,5.0,7,14,0,22
2022,5,2022-10-01T19:30:00.000Z,401405103,Maryland,27,489,76,35,175,5.0,32,41,314,7.7,8,17,0,24
2022,6,2022-10-08T16:00:00.000Z,401405109,Maryland,29,387,63,25,72,2.9,26,38,315,8.3,6,15,1,18
2022,6,2022-10-08T16:00:00.000Z,401405109,Purdue,31,373,75,34,13,0.4,30,41,360,8.8,8,13,3,23
2022,10,2022-11-05T16:00:00.000Z,401405131,Maryland,10,189,64,41,112,2.7,10,23,77,3.3,5,17,1,9
2022,10,2022-11-05T16:00:00.000Z,401405131,Wisconsin,23,355,64,46,278,6.0,5,18,77,4.3,5,16,0,15
2022,11,2022-11-12T20:30:00.000Z,401405140,Penn State,30,413,73,43,249,5.8,16,30,164,5.5,5,15,1,21
2022,11,2022-11-12T20:30:00.000Z,401405140,Maryland,0,134,60,37,60,1.6,11,23,74,3.2,4,15,1,11
2022,1,2022-09-03T16:00:00.000Z,401405066,Maryland,31,446,61,26,149,5.7,25,35,297,8.5,4,13,1,16
2022,12,2022-11-19T20:30:00.000Z,401405144,Maryland,30,402,68,31,84,2.7,27,37,318,8.6,6,14,1,22
2022,12,2022-11-19T20:30:00.000Z,401405144,Ohio State,43,401,73,43,160,3.7,18,30,241,8.0,8,15,0,26
2022,13,2022-11-26T17:00:00.000Z,401405152,Rutgers,0,135,49,27,63,2.3,8,22,72,3.3,1,13,1,7
2022,13,2022-11-26T17:00:00.000Z,401405152,Maryland,37,513,88,43,134,3.1,28,45,379,8.4,6,18,2,31
2022,8,2022-10-22T19:30:00.000Z,401405118,Maryland,31,423,78,50,257,5.1,18,28,166,5.9,8,16,0,25
2022,8,2022-10-22T19:30:00.000Z,401405118,Northwestern,24,358,70,46,215,4.7,18,24,143,6.0,9,14,2,24
2022,1,2022-09-03T19:30:00.000Z,401411097,Miami,70,586,65,42,305,7.3,20,23,281,12.2,7,7,1,31
2022,2,2022-09-10T16:00:00.000Z,401411105,Miami,30,452,81,49,174,3.6,23,32,278,8.7,9,17,1,24
2022,7,2022-10-15T16:30:00.000Z,401411140,Virginia Tech,14,257,63,30,78,2.6,21,33,179,5.4,4,15,1,19
2022,7,2022-10-15T16:30:00.000Z,401411140,Miami,20,458,74,28,107,3.8,29,46,351,7.6,8,17,0,22
2022,9,2022-10-29T16:30:00.000Z,401411150,Virginia,12,327,59,33,119,3.6,15,26,208,8.0,5,16,0,14
2022,9,2022-10-29T16:30:00.000Z,401411150,Miami,14,272,70,38,147,3.9,15,32,125,3.9,5,17,0,17
2022,3,2022-09-18T01:00:00.000Z,401403890,Texas A&M,17,264,52,32,124,3.9,10,20,140,7.0,4,12,0,16
2022,3,2022-09-18T01:00:00.000Z,401403890,Miami,9,392,77,36,175,4.9,21,41,217,5.3,5,14,1,27
2022,4,2022-09-24T19:30:00.000Z,401426568,Miami,31,367,89,38,60,1.6,26,51,307,6.0,7,20,3,26
2022,6,2022-10-08T20:00:00.000Z,401411133,Miami,24,538,81,24,42,1.8,42,57,496,8.7,5,14,2,30
2022,6,2022-10-08T20:00:00.000Z,401411133,North Carolina,27,470,71,43,161,3.7,19,28,309,11.0,7,14,2,22
2022,13,2022-11-27T01:00:00.000Z,401411175,Miami,16,385,65,27,106,3.9,23,38,279,7.3,3,12,3,19
2022,13,2022-11-27T01:00:00.000Z,401411175,Pittsburgh,42,504,63,35,248,7.1,18,28,256,9.1,4,8,2,27
2022,11,2022-11-12T20:30:00.000Z,401405137,Nebraska,3,146,48,29,75,2.6,10,19,71,3.7,5,15,0,8
2022,11,2022-11-12T20:30:00.000Z,401405137,Michigan,34,412,69,49,264,5.4,10,20,148,7.4,4,10,0,27
2022,1,2022-09-03T16:00:00.000Z,401405067,Michigan,51,440,68,40,234,5.9,18,28,206,7.4,3,10,0,25
2022,3,2022-09-17T16:00:00.000Z,401404149,Michigan,59,465,69,43,192,4.5,21,26,273,10.5,9,13,0,26
2022,9,2022-10-29T23:30:00.000Z,401405125,Michigan State,7,252,53,23,37,1.6,17,30,215,7.2,2,11,1,11
2022,9,2022-10-29T23:30:00.000Z,401405125,Michigan,29,443,78,52,276,5.3,15,26,167,6.4,9,16,1,27
2022,2,2022-09-11T00:00:00.000Z,401405077,Michigan,56,588,55,33,268,8.1,17,22,320,14.5,2,6,1,23
2022,7,2022-10-15T16:00:00.000Z,401405115,Michigan,41,563,79,55,418,7.6,17,24,145,6.0,11,17,1,28
2022,7,2022-10-15T16:00:00.000Z,401405115,Penn State,17,268,51,22,111,5.0,12,29,157,5.4,4,12,0,10
2022,13,2022-11-26T17:00:00.000Z,401405153,Ohio State,23,492,77,29,143,4.9,31,48,349,7.3,5,16,2,23
2022,13,2022-11-26T17:00:00.000Z,401405153,Michigan,45,530,60,35,252,7.2,13,25,278,11.1,7,16,0,16
2022,14,2022-12-04T01:00:00.000Z,401437031,Michigan,43,386,55,38,225,5.9,11,17,161,9.5,6,12,1,17
2022,14,2022-12-04T01:00:00.000Z,401437031,Purdue,22,456,84,37,90,2.4,32,47,366,7.8,9,18,2,27
2022,10,2022-11-05T23:30:00.000Z,401405133,Michigan,52,433,80,53,282,5.3,13,27,151,5.6,7,17,0,22
2022,10,2022-11-05T23:30:00.000Z,401405133,Rutgers,17,180,48,19,14,0.7,14,29,166,5.7,3,13,3,5
2022,6,2022-10-08T20:00:00.000Z,401405110,Michigan State,20,202,48,20,7,0.4,17,28,195,7.0,3,11,1,12
2022,6,2022-10-08T20:00:00.000Z,401405110,Ohio State,49,614,74,46,237,5.2,23,28,377,13.5,5,11,1,29
2022,11,2022-11-12T17:00:00.000Z,401405138,Michigan State,27,453,70,35,197,5.6,19,35,256,7.3,4,11,0,25
2022,11,2022-11-12T17:00:00.000Z,401405138,Rutgers,21,460,79,44,224,5.1,20,35,236,6.7,8,16,0,25
2022,1,2022-09-02T23:00:00.000Z,401416591,Michigan State,35,430,56,32,197,6.2,12,24,233,9.7,3,10,2,20
2022,3,2022-09-17T23:30:00.000Z,401403994,Washington,39,503,76,36,106,2.9,24,40,397,9.9,7,16,0,24
2022,3,2022-09-17T23:30:00.000Z,401403994,Michigan State,28,365,71,29,42,1.4,30,42,323,7.7,7,16,1,21
2022,7,2022-10-15T20:00:00.000Z,401405116,Wisconsin,28,283,63,39,152,3.9,14,24,131,5.5,4,12,2,18
2022,7,2022-10-15T20:00:00.000Z,401405116,Michigan State,34,389,66,36,99,2.8,22,30,290,9.7,7,15,1,19
2022,4,2022-09-24T19:30:00.000Z,401405092,Michigan State,7,240,45,14,38,2.7,23,31,202,6.5,2,8,3,14
2022,4,2022-09-24T19:30:00.000Z,401405092,Minnesota,34,508,74,48,240,5.0,23,26,268,10.3,10,12,1,32
2022,2,2022-09-10T20:00:00.000Z,401405078,Michigan State,52,496,81,48,260,5.4,21,33,236,7.2,8,13,2,32
2022,13,2022-11-26T21:00:00.000Z,401405154,Penn State,35,410,70,45,160,3.6,20,25,250,10.0,8,16,0,24
2022,13,2022-11-26T21:00:00.000Z,401405154,Michigan State,16,254,69,25,25,1.0,24,44,229,5.2,4,14,3,19
2022,1,2022-09-02T01:00:00.000Z,401405060,Minnesota,38,485,80,57,297,5.2,16,23,188,8.2,11,14,0,31
2022,11,2022-11-12T20:30:00.000Z,401405136,Northwestern,3,278,54,22,72,3.3,15,32,206,6.4,3,12,2,10
2022,11,2022-11-12T20:30:00.000Z,401405136,Minnesota,31,366,71,58,302,5.2,7,13,64,4.9,6,13,1,22
2022,2,2022-09-10T16:00:00.000Z,401405071,Minnesota,62,679,77,52,307,5.9,18,25,372,14.9,7,11,1,34
2022,10,2022-11-05T16:00:00.000Z,401405128,Nebraska,13,267,61,35,146,4.2,11,26,121,4.7,5,16,1,13
2022,10,2022-11-05T16:00:00.000Z,401405128,Minnesota,20,300,65,45,125,2.8,12,20,175,8.8,3,11,0,18
2022,5,2022-10-01T16:00:00.000Z,401405101,Minnesota,10,304,59,26,47,1.8,18,33,257,7.8,4,12,3,14
2022,5,2022-10-01T16:00:00.000Z,401405101,Purdue,20,359,67,27,160,5.9,27,40,199,5.0,4,14,3,18
2022,8,2022-10-22T23:30:00.000Z,401405120,Penn State,45,479,67,34,175,5.1,24,33,304,9.2,5,11,1,24
2022,8,2022-10-22T23:30:00.000Z,401405120,Minnesota,17,340,68,46,165,3.6,9,22,175,8.0,2,13,1,16
2022,13,2022-11-26T20:30:00.000Z,401405150,Wisconsin,16,334,66,33,143,4.3,18,33,191,5.8,5,16,1,18
2022,13,2022-11-26T20:30:00.000Z,401405150,Minnesota,23,416,66,37,97,2.6,19,29,319,11.0,5,14,0,20
2022,9,2022-10-29T18:30:00.000Z,401405123,Minnesota,31,375,74,53,253,4.8,14,21,122,5.8,12,18,0,21
2022,9,2022-10-29T18:30:00.000Z,401405123,Rutgers,0,134,45,21,48,2.3,9,24,86,3.6,2,10,3,7
2022,4,2022-09-24T16:00:00.000Z,401403899,Mississippi State,45,465,65,11,45,4.1,42,54,420,7.8,4,11,0,25
2022,13,2022-11-25T00:00:00.000Z,401403956,Mississippi State,24,336,77,37,97,2.6,27,40,239,6.0,8,16,3,20
2022,13,2022-11-25T00:00:00.000Z,401403956,Ole Miss,22,335,78,39,78,2.0,31,39,257,6.6,4,17,1,19
2022,1,2022-09-03T23:30:00.000Z,401403861,Mississippi State,49,547,83,34,97,2.9,38,49,450,9.2,11,13,2,34
2022,5,2022-10-01T20:00:00.000Z,401403906,Mississippi State,42,473,69,24,144,6.0,31,45,329,7.3,5,11,1,22
2022,5,2022-10-01T20:00:00.000Z,401403906,Texas A&M,24,388,70,31,136,4.4,25,39,252,6.5,2,9,4,27
2022,12,2022-11-19T17:00:00.000Z,401403951,Mississippi State,56,418,65,16,76,4.8,38,49,342,7.0,5,9,1,27
2022,3,2022-09-17T16:00:00.000Z,401403887,Missouri,34,487,72,42,195,4.6,21,30,292,9.7,5,15,1,18
2022,9,2022-10-29T20:00:00.000Z,401403929,Missouri,23,367,69,43,143,3.3,17,26,224,8.6,8,16,0,20
2022,9,2022-10-29T20:00:00.000Z,401403929,South Carolina,10,203,53,23,32,1.4,20,30,171,5.7,5,13,2,14
2022,8,2022-10-22T20:00:00.000Z,401403924,Vanderbilt,14,299,73,28,57,2.0,22,45,242,5.4,7,19,1,16
2022,8,2022-10-22T20:00:00.000Z,401403924,Missouri,17,308,65,40,97,2.4,17,25,211,8.4,7,14,4,19
2022,1,2022-09-02T00:00:00.000Z,401426537,Missouri,52,558,80,50,323,6.5,20,30,235,7.8,6,12,2,28
2022,12,2022-11-20T00:30:00.000Z,401403952,Missouri,45,443,68,37,182,4.9,20,31,261,8.4,9,14,1,24
2022,11,2022-11-12T17:00:00.000Z,401403945,Tennessee,66,724,75,37,264,7.1,28,38,460,12.1,4,11,0,33
2022,11,2022-11-12T17:00:00.000Z,401403945,Missouri,24,389,70,37,172,4.6,19,33,217,6.6,5,17,1,16
2022,9,2022-10-27T23:30:00.000Z,401411146,Virginia Tech,21,293,48,26,50,1.9,11,22,243,11.0,1,11,0,10
2022,9,2022-10-27T23:30:00.000Z,401411146,NC State,22,356,77,34,60,1.8,26,43,296,6.9,8,19,0,21
2022,1,2022-09-03T16:00:00.000Z,401411096,NC State,21,344,65,32,133,4.2,17,33,211,6.4,4,13,2,18
2022,2,2022-09-10T16:30:00.000Z,401411106,NC State,55,538,82,42,217,5.2,23,40,321,8.0,7,14,1,32
2022,13,2022-11-25T20:30:00.000Z,401411172,NC State,30,330,66,25,59,2.4,27,41,271,6.6,4,16,1,17
2022,13,2022-11-25T20:30:00.000Z,401411172,North Carolina,27,351,89,40,118,3.0,29,49,233,4.8,5,20,1,23
2022,3,2022-09-17T23:00:00.000Z,401404072,NC State,27,270,61,37,111,3.0,16,24,159,6.6,6,16,1,15
2022,3,2022-09-17T23:00:00.000Z,401404072,Texas Tech,14,353,69,26,54,2.1,25,43,299,7.0,2,12,4,20
2022,4,2022-09-24T23:30:00.000Z,401404150,NC State,41,492,79,33,169,5.1,33,46,323,7.0,10,14,1,29
2022,7,2022-10-15T19:30:00.000Z,401411139,Syracuse,24,389,55,30,179,6.0,16,25,210,8.4,4,8,2,20
2022,7,2022-10-15T19:30:00.000Z,401411139,NC State,9,255,69,38,95,2.5,18,31,160,5.2,5,16,0,16
2022,10,2022-11-06T00:00:00.000Z,401411154,NC State,30,325,69,41,115,2.8,18,28,210,7.5,6,14,0,24
2022,10,2022-11-06T00:00:00.000Z,401411154,Wake Forest,21,414,73,25,17,0.7,29,48,397,8.3,7,16,3,22
2022,6,2022-10-07T23:00:00.000Z,401405111,Nebraska,14,304,66,29,72,2.5,24,37,232,6.3,4,15,2,18
2022,6,2022-10-07T23:00:00.000Z,401405111,Rutgers,13,348,68,38,115,3.0,12,30,233,7.8,4,16,3,14
2022,12,2022-11-19T17:00:00.000Z,401405142,Nebraska,14,171,49,29,65,2.2,12,20,106,5.3,5,11,0,12
2022,12,2022-11-19T17:00:00.000Z,401405142,Wisconsin,15,318,70,52,235,4.5,8,18,83,4.6,8,15,1,21
2022,3,2022-09-17T16:00:00.000Z,401404070,Nebraska,14,327,76,45,163,3.6,21,31,164,5.3,6,17,2,21
2022,3,2022-09-17T16:00:00.000Z,401404070,Oklahoma,49,580,84,54,312,5.8,19,30,268,8.9,10,16,1,31
2022,1,2022-09-03T19:30:00.000Z,401405063,Nebraska,38,437,62,41,244,6.0,14,21,193,9.2,6,11,2,26
2022,1,2022-08-27T16:30:00.000Z,401405059,Northwestern,31,528,85,47,214,4.6,27,38,314,8.3,7,17,1,25
2022,1,2022-08-27T16:30:00.000Z,401405059,Nebraska,28,465,73,31,110,3.5,25,42,355,8.5,9,16,3,23
2022,2,2022-09-10T23:30:00.000Z,401405072,Nebraska,42,575,81,47,257,5.5,23,34,318,9.4,9,13,0,33
2022,7,2022-10-15T23:30:00.000Z,401405113,Nebraska,37,476,52,23,122,5.3,16,29,354,12.2,3,9,2,15
2022,7,2022-10-15T23:30:00.000Z,401405113,Purdue,43,608,101,47,217,4.6,35,54,391,7.2,9,18,1,38
2022,1,2022-08-28T00:15:00.000Z,401411091,North Carolina,56,608,78,40,314,7.9,29,38,294,7.7,7,12,0,29
2022,1,2022-09-03T16:00:00.000Z,401411095,North Carolina,63,567,71,36,215,6.0,24,35,352,10.1,9,14,1,29
2022,2,2022-09-10T16:00:00.000Z,401411103,North Carolina,35,467,68,44,183,4.2,19,24,284,11.8,6,13,3,23
2022,10,2022-11-05T16:00:00.000Z,401411156,Virginia,28,418,74,39,186,4.8,17,35,232,6.6,7,13,1,25
2022,10,2022-11-05T16:00:00.000Z,401411156,North Carolina,31,455,77,40,162,4.1,26,37,293,7.9,7,14,0,29
2022,9,2022-10-30T00:00:00.000Z,401411149,North Carolina,42,474,75,30,86,2.9,34,45,388,8.6,4,11,0,26
2022,9,2022-10-30T00:00:00.000Z,401411149,Pittsburgh,24,367,61,30,131,4.4,14,31,236,7.6,6,15,1,14
2022,5,2022-10-01T19:30:00.000Z,401411128,North Carolina,41,527,73,32,160,5.0,27,41,367,9.0,6,15,0,24
2022,5,2022-10-01T19:30:00.000Z,401411128,Virginia Tech,10,273,70,35,99,2.8,20,35,174,5.0,8,18,1,14
2022,4,2022-09-24T19:30:00.000Z,401404126,North Carolina,32,368,60,28,67,2.4,17,32,301,9.4,6,14,1,18
2022,11,2022-11-13T00:30:00.000Z,401411164,Wake Forest,34,490,72,41,170,4.1,18,31,320,10.3,3,12,1,22
2022,11,2022-11-13T00:30:00.000Z,401411164,North Carolina,36,584,87,38,136,3.6,31,49,448,9.1,10,16,0,30
2022,3,2022-09-17T16:00:00.000Z,401405083,Northwestern,24,380,87,44,167,3.8,27,43,213,5.0,6,17,4,24
2022,6,2022-10-08T19:30:00.000Z,401405107,Northwestern,7,342,68,27,79,2.9,22,41,263,6.4,3,13,3,18
2022,6,2022-10-08T19:30:00.000Z,401405107,Wisconsin,42,515,68,38,193,5.1,21,30,322,10.7,10,14,0,26
2022,10,2022-11-05T16:00:00.000Z,401405129,Northwestern,7,285,76,59,206,3.5,10,17,79,4.6,9,20,0,17
2022,10,2022-11-05T16:00:00.000Z,401405129,Ohio State,21,283,61,35,207,5.9,10,26,76,2.9,4,15,0,13
2022,12,2022-11-19T17:00:00.000Z,401405143,Purdue,17,299,67,42,140,3.3,16,25,159,6.4,5,14,0,17
2022,12,2022-11-19T17:00:00.000Z,401405143,Northwestern,9,240,65,45,162,3.6,9,20,78,3.9,6,17,3,14
2022,5,2022-10-01T19:30:00.000Z,401405105,Penn State,17,360,78,58,220,3.8,10,20,140,7.0,4,15,5,21
2022,5,2022-10-01T19:30:00.000Z,401405105,Northwestern,7,241,65,28,31,1.1,15,37,210,5.7,4,16,3,12
2022,4,2022-09-24T23:30:00.000Z,401405093,Northwestern,14,364,75,31,107,3.5,26,44,257,5.8,7,17,2,17
2022,2,2022-09-10T16:00:00.000Z,401405079,Ohio State,45,538,54,26,168,6.5,19,28,370,13.2,5,11,1,19
2022,5,2022-10-01T19:30:00.000Z,401405104,Ohio State,49,413,59,34,252,7.4,15,25,161,6.4,5,10,2,26
2022,5,2022-10-01T19:30:00.000Z,401405104,Rutgers,10,187,56,36,107,3.0,11,20,80,4.0,1,11,2,12
2022,9,2022-10-29T16:00:00.000Z,401405126,Ohio State,44,452,60,26,98,3.8,26,34,354,10.4,4,12,0,21
2022,9,2022-10-29T16:00:00.000Z,401405126,Penn State,31,482,80,33,111,3.4,32,47,371,7.9,6,16,4,24
2022,3,2022-09-17T23:00:00.000Z,401405088,Ohio State,77,763,78,44,281,6.4,27,34,482,14.2,11,13,0,36
2022,1,2022-09-03T23:30:00.000Z,401404124,Ohio State,21,395,69,35,172,4.9,24,34,223,6.6,7,13,0,22
2022,4,2022-09-24T23:30:00.000Z,401405095,Ohio State,52,539,70,43,258,6.0,17,27,281,10.4,7,11,1,28
2022,4,2022-09-24T23:30:00.000Z,401405095,Wisconsin,21,296,56,35,192,5.5,12,21,104,5.0,6,13,1,11
2022,1,2022-09-03T19:30:00.000Z,401426541,Oklahoma,45,492,61,38,259,6.8,15,23,233,10.1,3,8,0,23
2022,2,2022-09-10T23:00:00.000Z,401404066,Oklahoma,33,430,64,36,134,3.7,21,28,296,10.6,3,12,0,20
2022,5,2022-10-01T16:00:00.000Z,401404086,TCU,55,668,75,41,361,8.8,24,34,307,9.0,7,14,0,29
2022,5,2022-10-01T16:00:00.000Z,401404086,Oklahoma,24,355,81,49,179,3.7,14,32,176,5.5,6,18,1,22
2022,6,2022-10-08T16:00:00.000Z,401404090,Oklahoma,0,195,59,42,156,3.7,9,17,39,2.3,3,15,2,11
2022,6,2022-10-08T16:00:00.000Z,401404090,Texas,49,585,81,50,296,5.9,21,31,289,9.3,10,15,1,34
2022,11,2022-11-12T17:00:00.000Z,401404112,West Virginia,23,406,87,53,203,3.8,19,34,203,6.0,7,19,2,25
2022,11,2022-11-12T17:00:00.000Z,401404112,Oklahoma,20,426,68,40,236,5.9,17,28,190,6.8,1,11,0,22
2022,13,2022-11-27T00:30:00.000Z,401404122,Oklahoma,48,672,87,45,210,4.7,29,42,462,11.0,7,18,1,27
2022,13,2022-11-27T00:30:00.000Z,401404122,Texas Tech,51,599,96,45,163,3.6,31,51,436,8.5,7,17,2,31
2022,12,2022-11-20T00:30:00.000Z,401404118,Oklahoma,28,434,74,34,175,5.1,20,40,259,6.5,1,14,2,17
2022,12,2022-11-20T00:30:00.000Z,401404118,Oklahoma State,13,484,102,35,103,2.9,36,67,381,5.7,7,22,4,26
2022,1,2022-09-01T23:00:00.000Z,401416569,Oklahoma State,58,531,73,32,125,3.9,28,41,406,9.9,3,12,0,28
2022,8,2022-10-22T19:30:00.000Z,401404098,Texas,34,523,81,32,204,6.4,19,49,319,6.5,3,17,3,21
2022,8,2022-10-22T19:30:00.000Z,401404098,Oklahoma State,41,535,98,40,142,3.6,35,58,393,6.8,8,19,2,32
2022,6,2022-10-08T19:30:00.000Z,401404091,Oklahoma State,41,434,86,41,137,3.3,22,45,297,6.6,8,18,0,25
2022,6,2022-10-08T19:30:00.000Z,401404091,Texas Tech,31,527,104,41,148,3.6,39,63,379,6.0,8,22,1,30
2022,13,2022-11-26T17:00:00.000Z,401404123,West Virginia,24,327,64,41,250,6.1,10,23,77,3.3,4,15,1,15
2022,13,2022-11-26T17:00:00.000Z,401404123,Oklahoma State,19,358,84,42,180,4.3,18,42,178,4.2,8,21,1,20
2022,7,2022-10-15T19:30:00.000Z,401404095,TCU,43,510,83,43,224,5.2,23,40,286,7.2,3,13,1,27
2022,7,2022-10-15T19:30:00.000Z,401404095,Oklahoma State,40,386,77,41,141,3.4,16,36,245,6.8,6,17,1,19
2022,3,2022-09-17T23:00:00.000Z,401404075,Oklahoma State,63,538,65,27,168,6.2,25,38,370,9.7,6,11,2,26
2022,4,2022-09-24T20:00:00.000Z,401403898,Ole Miss,35,462,75,51,308,6.0,13,24,154,6.4,7,15,1,27
2022,1,2022-09-03T20:00:00.000Z,401403860,Ole Miss,28,433,73,44,266,6.0,19,29,167,5.8,9,14,3,24
2022,6,2022-10-08T20:00:00.000Z,401403915,Ole Miss,52,591,60,28,143,5.1,25,32,448,14.0,8,11,2,22
2022,6,2022-10-08T20:00:00.000Z,401403915,Vanderbilt,28,403,78,40,122,3.1,27,38,281,7.4,7,17,1,21
2022,9,2022-10-29T23:30:00.000Z,401403931,Texas A&M,28,480,73,29,142,4.9,28,44,338,7.7,5,14,0,26
2022,9,2022-10-29T23:30:00.000Z,401403931,Ole Miss,31,530,83,63,390,6.2,13,20,140,7.0,7,16,0,26
2022,2,2022-09-10T23:00:00.000Z,401403874,Ole Miss,59,510,69,37,233,6.3,18,32,277,8.7,3,8,1,25
2022,2,2022-09-11T00:30:00.000Z,401403978,Oregon,70,604,89,48,263,5.5,34,41,341,8.3,10,14,0,40
2022,4,2022-09-24T20:00:00.000Z,401403999,Oregon,44,624,77,32,178,5.6,34,45,446,9.9,4,11,1,28
2022,5,2022-10-02T03:00:00.000Z,401404005,Oregon,45,515,71,37,351,9.5,17,34,164,4.8,5,14,1,23
2022,5,2022-10-02T03:00:00.000Z,401404005,Stanford,27,332,72,34,127,3.7,22,38,205,5.4,5,16,1,22
2022,8,2022-10-22T19:30:00.000Z,401404021,UCLA,30,448,69,30,186,6.2,27,39,262,6.7,6,12,1,26
2022,8,2022-10-22T19:30:00.000Z,401404021,Oregon,45,545,74,46,262,5.7,22,28,283,10.1,6,12,0,31
2022,13,2022-11-26T20:30:00.000Z,401404047,Oregon,34,470,83,42,143,3.4,27,41,327,8.0,5,14,0,26
2022,12,2022-11-20T03:30:00.000Z,401404043,Utah,17,326,74,36,156,4.3,21,38,170,4.5,8,15,3,22
2022,12,2022-11-20T03:30:00.000Z,401404043,Oregon,20,346,62,25,59,2.4,25,37,287,7.8,7,15,3,16
2022,11,2022-11-13T00:00:00.000Z,401404037,Oregon,34,592,79,51,312,6.1,19,28,280,10.0,7,14,1,32
2022,11,2022-11-13T00:00:00.000Z,401404037,Washington,37,522,57,22,114,5.2,26,35,408,11.7,5,9,1,23
2022,1,2022-09-02T00:00:00.000Z,401405064,Purdue,31,426,81,23,70,3.0,29,58,356,6.1,5,15,1,26
2022,1,2022-09-02T00:00:00.000Z,401405064,Penn State,35,406,73,32,98,3.1,22,41,308,7.5,5,14,1,24
2022,4,2022-09-24T16:00:00.000Z,401405098,Penn State,33,403,71,32,166,5.2,24,39,237,6.1,5,13,0,21
2022,2,2022-09-10T16:00:00.000Z,401405080,Penn State,46,572,76,34,234,6.9,31,42,338,8.0,3,12,0,27
2022,12,2022-11-19T20:30:00.000Z,401405147,Rutgers,10,167,69,35,32,0.9,15,34,135,4.0,4,19,3,9
2022,12,2022-11-19T20:30:00.000Z,401405147,Penn State,55,436,73,37,237,6.4,22,36,199,5.5,4,16,1,21
2022,4,2022-09-24T16:00:00.000Z,401411121,Pittsburgh,45,460,68,41,271,6.6,20,27,189,7.0,10,14,0,25
2022,10,2022-11-05T19:30:00.000Z,401411155,Syracuse,9,145,48,25,25,1.0,8,23,120,5.2,3,14,0,9
2022,10,2022-11-05T19:30:00.000Z,401411155,Pittsburgh,19,337,72,48,161,3.4,16,24,176,7.3,7,16,2,18
2022,11,2022-11-12T17:00:00.000Z,401411163,Pittsburgh,37,397,72,48,189,3.9,14,24,208,8.7,6,15,0,21
2022,11,2022-11-12T17:00:00.000Z,401411163,Virginia,7,144,56,24,-8,-0.3,17,32,152,4.8,2,13,2,14
2022,1,2022-09-01T23:00:00.000Z,401411092,Pittsburgh,38,384,63,39,76,1.9,16,24,308,12.8,5,12,1,20
2022,1,2022-09-01T23:00:00.000Z,401411092,West Virginia,31,404,74,34,190,5.6,23,40,214,5.4,8,17,2,22
2022,6,2022-10-08T19:30:00.000Z,401411135,Pittsburgh,45,496,71,43,326,7.6,15,28,170,6.1,5,15,1,24
2022,6,2022-10-08T19:30:00.000Z,401411135,Virginia Tech,29,403,77,30,126,4.2,25,47,277,5.9,4,16,2,21
2022,2,2022-09-10T19:30:00.000Z,401403877,Pittsburgh,27,415,83,39,141,3.6,23,44,274,6.2,4,18,2,21
2022,2,2022-09-10T19:30:00.000Z,401403877,Tennessee,34,416,77,35,91,2.6,27,42,325,7.7,6,16,2,20
2022,3,2022-09-17T23:30:00.000Z,401411115,Pittsburgh,34,417,64,52,238,4.6,9,12,179,14.9,5,10,1,23
2022,4,2022-09-24T23:30:00.000Z,401426566,Purdue,28,354,67,36,188,5.2,22,31,166,5.4,3,12,2,21
2022,3,2022-09-17T16:00:00.000Z,401405084,Syracuse,32,306,65,35,125,3.6,13,30,181,6.0,3,12,0,23
2022,3,2022-09-17T16:00:00.000Z,401405084,Purdue,29,485,77,22,61,2.8,39,55,424,7.7,10,17,1,25
2022,8,2022-10-22T19:30:00.000Z,401405117,Purdue,24,431,79,33,111,3.4,31,46,320,7.0,5,16,3,21
2022,8,2022-10-22T19:30:00.000Z,401405117,Wisconsin,35,381,50,29,178,6.1,13,21,203,9.7,2,8,1,16
2022,2,2022-09-10T20:00:00.000Z,401405074,Purdue,56,521,75,45,232,5.2,25,30,289,9.6,9,15,1,28
2022,3,2022-09-17T18:00:00.000Z,401405089,Rutgers,16,201,58,41,142,3.5,10,17,59,3.5,4,14,0,12
2022,2,2022-09-10T20:00:00.000Z,401405081,Rutgers,66,575,80,55,313,5.7,15,25,262,10.5,8,13,1,33
2022,4,2022-09-24T16:00:00.000Z,401404078,SMU,34,476,86,37,104,2.8,27,49,372,7.6,10,20,2,27
2022,4,2022-09-24T16:00:00.000Z,401404078,TCU,42,487,65,35,191,5.5,23,30,296,9.9,5,11,0,21
2022,13,2022-11-26T20:30:00.000Z,401415666,SMU,34,424,75,37,113,3.1,28,38,311,8.2,11,18,0,20
2022,1,2022-09-03T23:30:00.000Z,401426539,SMU,48,576,66,32,150,4.7,25,34,426,12.5,7,13,2,23
2022,2,2022-09-10T23:00:00.000Z,401415616,SMU,45,453,66,30,208,6.9,22,36,245,6.8,7,12,3,23
2022,6,2022-10-05T23:00:00.000Z,401415629,SMU,19,476,85,31,113,3.6,33,54,363,6.7,4,16,2,26
2022,6,2022-10-05T23:00:00.000Z,401415629,UCF,41,484,71,40,160,4.0,22,31,324,10.5,5,14,0,19
2022,9,2022-10-29T19:30:00.000Z,401415647,SMU,45,468,78,50,158,3.2,19,28,310,11.1,8,16,1,24
2022,11,2022-11-12T17:00:00.000Z,401415656,SMU,41,553,68,41,273,6.7,19,27,280,10.4,5,11,0,30
2022,12,2022-11-18T00:30:00.000Z,401415658,SMU,24,470,96,44,141,3.2,35,52,329,6.3,9,20,5,31
2022,7,2022-10-14T23:30:00.000Z,401415635,SMU,40,441,48,21,105,5.0,20,27,336,12.4,4,9,0,16
2022,8,2022-10-22T23:30:00.000Z,401403925,Texas A&M,24,398,75,28,129,4.6,25,47,269,5.7,5,14,2,23
2022,8,2022-10-22T23:30:00.000Z,401403925,South Carolina,30,286,60,35,118,3.4,12,25,168,6.7,8,16,2,13
2022,10,2022-11-05T23:30:00.000Z,401403938,Vanderbilt,27,454,74,41,226,5.5,18,33,228,6.9,3,10,4,24
2022,10,2022-11-05T23:30:00.000Z,401403938,South Carolina,38,492,63,35,208,5.9,20,28,284,10.1,4,12,1,17
2022,12,2022-11-20T00:00:00.000Z,401403953,South Carolina,63,606,76,38,153,4.0,31,38,453,11.9,8,11,0,35
2022,12,2022-11-20T00:00:00.000Z,401403953,Tennessee,38,507,78,28,152,5.4,29,50,355,7.1,5,12,1,31
2022,1,2022-09-03T23:30:00.000Z,401403863,South Carolina,35,306,69,32,79,2.5,23,37,227,6.1,3,14,2,19
2022,5,2022-09-29T23:00:00.000Z,401403908,South Carolina,50,404,61,31,185,6.0,24,30,219,7.3,5,10,3,21
2022,4,2022-09-24T23:30:00.000Z,401426564,South Carolina,56,545,66,40,295,7.4,19,26,250,9.6,5,8,2,28
2022,1,2022-09-04T00:00:00.000Z,401403970,Stanford,41,497,58,28,169,6.0,24,30,328,10.9,4,9,4,20
2022,6,2022-10-09T03:00:00.000Z,401404010,Stanford,27,359,61,27,90,3.3,20,34,269,7.9,5,12,1,19
2022,2,2022-09-10T23:30:00.000Z,401403980,USC,41,505,63,36,164,4.6,20,27,341,12.6,3,8,0,25
2022,2,2022-09-10T23:30:00.000Z,401403980,Stanford,28,441,80,45,221,4.9,20,35,220,6.3,5,13,4,33
2022,4,2022-09-25T02:30:00.000Z,401404001,Washington,40,478,69,32,169,5.3,22,37,309,8.4,6,15,0,23
2022,4,2022-09-25T02:30:00.000Z,401404001,Stanford,22,372,62,36,86,2.4,17,26,286,11.0,5,12,3,18
2022,7,2022-10-15T23:30:00.000Z,401404016,Stanford,16,385,81,42,97,2.3,26,39,288,7.4,7,16,0,21
2022,10,2022-11-05T19:30:00.000Z,401404032,Stanford,14,337,70,28,71,2.5,25,42,266,6.3,4,12,4,19
2022,9,2022-10-30T02:30:00.000Z,401404025,UCLA,38,523,74,45,324,7.2,18,29,199,6.9,5,15,1,26
2022,9,2022-10-30T02:30:00.000Z,401404025,Stanford,13,270,65,34,145,4.3,15,31,125,4.0,4,13,1,18
2022,11,2022-11-13T03:00:00.000Z,401404038,Utah,42,514,70,36,279,7.8,21,34,235,6.9,6,12,1,29
2022,11,2022-11-13T03:00:00.000Z,401404038,Stanford,7,177,51,26,22,0.8,12,25,155,6.2,3,14,0,9
2022,4,2022-09-23T23:00:00.000Z,401411117,Virginia,20,287,67,29,149,5.1,19,38,138,3.6,3,12,2,17
2022,4,2022-09-23T23:00:00.000Z,401411117,Syracuse,22,352,71,38,75,2.0,22,33,277,8.4,5,15,4,21
2022,9,2022-10-29T16:00:00.000Z,401404129,Syracuse,24,286,61,25,61,2.4,16,36,225,6.3,4,13,2,15
2022,12,2022-11-20T01:00:00.000Z,401411171,Wake Forest,45,543,95,52,212,4.1,30,43,331,7.7,8,15,0,36
2022,12,2022-11-20T01:00:00.000Z,401411171,Syracuse,35,477,61,29,120,4.1,18,32,357,11.2,5,11,1,21
2022,5,2022-10-01T21:00:00.000Z,401411130,Syracuse,59,631,57,39,388,9.9,18,18,243,13.5,6,9,0,26
2022,2,2022-09-10T23:00:00.000Z,401404148,Syracuse,48,465,77,51,156,3.1,21,26,309,11.9,6,11,0,29
2022,2,2022-09-11T00:00:00.000Z,401404067,TCU,59,630,71,37,180,4.9,28,34,450,13.2,7,12,1,28
2022,9,2022-10-29T16:00:00.000Z,401404103,West Virginia,31,430,79,40,155,3.9,23,39,275,7.1,9,17,2,25
2022,9,2022-10-29T16:00:00.000Z,401404103,TCU,41,494,55,27,153,5.7,16,28,341,12.2,5,12,2,17
2022,10,2022-11-05T16:00:00.000Z,401404108,TCU,34,429,74,51,234,4.6,12,23,195,8.5,5,15,0,24
2022,10,2022-11-05T16:00:00.000Z,401404108,Texas Tech,24,352,71,39,195,5.0,16,32,157,4.9,3,16,1,20
2022,11,2022-11-13T00:30:00.000Z,401404113,Texas,10,199,61,22,28,1.3,17,39,171,4.4,1,13,1,14
2022,11,2022-11-13T00:30:00.000Z,401404113,TCU,17,283,73,44,159,3.6,19,29,124,4.3,7,18,1,19
2022,8,2022-10-22T16:00:00.000Z,401403926,Tennessee,65,696,83,46,201,4.4,26,37,495,13.4,15,20,1,27
2022,3,2022-09-17T23:00:00.000Z,401403889,Tennessee,63,676,70,45,238,5.3,20,25,438,17.5,6,13,0,28
2022,1,2022-09-01T23:00:00.000Z,401403864,Tennessee,59,569,86,51,218,4.3,27,35,351,10.0,5,13,1,32
2022,13,2022-11-27T00:30:00.000Z,401403964,Tennessee,56,513,53,31,362,11.7,12,22,151,6.9,0,7,0,16
2022,13,2022-11-27T00:30:00.000Z,401403964,Vanderbilt,0,254,77,47,147,3.1,18,30,107,3.6,3,17,1,17
2022,3,2022-09-18T00:00:00.000Z,401426562,Texas,41,459,59,36,298,8.3,15,23,161,7.0,4,11,0,21
2022,4,2022-09-24T19:30:00.000Z,401404082,Texas Tech,37,479,100,44,148,3.4,38,56,331,5.9,7,20,0,31
2022,4,2022-09-24T19:30:00.000Z,401404082,Texas,34,426,60,30,149,5.0,20,30,277,9.2,3,9,2,20
2022,5,2022-10-01T23:30:00.000Z,401404087,Texas,38,446,60,32,110,3.4,22,28,336,12.0,5,9,0,25
2022,5,2022-10-01T23:30:00.000Z,401404087,West Virginia,20,314,78,30,61,2.0,29,48,253,5.3,9,18,0,22
2022,1,2022-09-04T00:00:00.000Z,401404059,Texas,52,383,58,29,134,4.6,20,29,249,8.6,5,13,1,22
2022,1,2022-09-03T16:00:00.000Z,401403865,Texas A&M,31,497,67,32,110,3.4,23,35,387,11.1,7,13,2,23
2022,2,2022-09-10T19:30:00.000Z,401403878,Texas A&M,14,186,38,18,89,4.9,13,20,97,4.9,2,8,2,9
2022,12,2022-11-19T17:00:00.000Z,401403954,Texas A&M,20,404,58,39,213,5.5,11,19,191,10.1,2,10,4,16
2022,8,2022-10-22T19:00:00.000Z,401404099,Texas Tech,48,594,103,54,239,4.4,32,49,355,7.2,9,20,0,33
2022,8,2022-10-22T19:00:00.000Z,401404099,West Virginia,10,282,66,26,73,2.8,24,40,209,5.2,4,14,4,19
2022,1,2022-09-04T00:00:00.000Z,401404055,Texas Tech,63,605,65,29,133,4.6,27,36,472,13.1,6,10,1,29
2022,1,2022-09-01T23:00:00.000Z,401415610,UCF,56,600,81,49,292,6.0,20,32,308,9.6,9,15,1,29
2022,10,2022-11-05T19:30:00.000Z,401415651,UCF,35,427,71,42,204,4.9,23,29,223,7.7,7,15,1,24
2022,12,2022-11-19T16:00:00.000Z,401415661,UCF,14,314,57,24,84,3.5,19,33,230,7.0,3,12,2,14
2022,3,2022-09-17T23:30:00.000Z,401426555,UCF,40,653,92,56,314,5.6,25,36,339,9.4,12,18,3,32
2022,13,2022-11-27T00:00:00.000Z,401415667,UCF,46,547,76,47,345,7.3,24,29,202,7.0,10,12,3,27
2022,7,2022-10-13T23:00:00.000Z,401415634,UCF,70,737,69,41,304,7.4,24,28,433,15.5,8,9,0,29
2022,8,2022-10-22T23:30:00.000Z,401415642,UCF,13,426,69,32,130,4.1,25,37,296,8.0,6,12,4,23
2022,11,2022-11-12T20:30:00.000Z,401415657,UCF,38,468,84,54,336,6.2,17,30,132,4.4,10,18,0,27
2022,14,2022-12-03T21:00:00.000Z,401437008,UCF,28,410,96,48,145,3.0,24,48,265,5.5,6,23,0,22
2022,1,2022-09-03T18:30:00.000Z,401403971,UCLA,45,626,92,45,269,6.0,35,47,357,7.6,10,19,2,30
2022,2,2022-09-10T21:00:00.000Z,401403981,UCLA,45,485,68,38,220,5.8,23,30,265,8.8,4,9,1,28
2022,3,2022-09-17T18:00:00.000Z,401403991,UCLA,32,407,67,37,144,3.9,20,30,263,8.8,7,13,2,23
2022,5,2022-10-01T02:30:00.000Z,401404007,UCLA,40,499,72,39,184,4.7,24,33,315,9.5,10,14,0,27
2022,5,2022-10-01T02:30:00.000Z,401404007,Washington,32,410,72,23,65,2.8,33,49,345,7.0,8,15,2,24
2022,6,2022-10-08T19:30:00.000Z,401404011,Utah,32,479,77,43,192,4.5,23,34,287,8.4,7,13,2,31
2022,6,2022-10-08T19:30:00.000Z,401404011,UCLA,42,502,61,38,203,5.3,18,23,299,13.0,5,9,1,21
2022,12,2022-11-20T01:00:00.000Z,401404044,UCLA,45,513,75,37,204,5.5,23,38,309,8.1,7,13,4,27
2022,12,2022-11-20T01:00:00.000Z,401404044,USC,48,649,81,38,179,4.7,32,43,470,10.9,4,10,1,30
2022,4,2022-09-25T01:30:00.000Z,401404000,USC,17,357,73,37,177,4.8,16,36,180,5.0,9,18,0,21
2022,1,2022-09-03T22:00:00.000Z,401426540,USC,66,538,58,28,208,7.4,25,30,330,11.0,5,7,0,27
2022,13,2022-11-27T00:30:00.000Z,401404133,USC,38,436,61,39,204,5.2,18,22,232,10.5,8,12,0,23
2022,3,2022-09-18T02:30:00.000Z,401403992,USC,45,517,75,38,233,6.1,25,37,284,7.7,6,12,0,29
2022,6,2022-10-08T23:30:00.000Z,401404012,USC,30,369,69,40,181,4.5,15,29,188,6.5,6,15,0,23
2022,14,2022-12-03T01:00:00.000Z,401437035,USC,24,419,68,27,56,2.1,28,41,363,8.9,1,12,2,19
2022,14,2022-12-03T01:00:00.000Z,401437035,Utah,47,533,69,35,223,6.4,22,34,310,9.1,5,12,1,25
2022,7,2022-10-16T00:00:00.000Z,401404017,USC,42,556,69,27,175,6.5,25,42,381,9.1,5,9,0,28
2022,7,2022-10-16T00:00:00.000Z,401404017,Utah,43,562,77,32,138,4.3,31,45,424,9.4,7,13,1,31
2022,2,2022-09-10T17:30:00.000Z,401403982,Utah,73,599,71,42,247,5.9,23,29,352,12.1,5,10,1,31
2022,3,2022-09-18T02:00:00.000Z,401403993,Utah,35,398,68,38,174,4.6,18,30,224,7.5,8,15,1,22
2022,5,2022-10-01T18:00:00.000Z,401404006,Utah,42,361,56,31,162,5.2,19,25,199,8.0,4,10,0,20
2022,9,2022-10-28T02:00:00.000Z,401404026,Utah,21,344,69,42,169,4.0,17,27,175,6.5,7,15,1,19
2022,1,2022-08-28T02:30:00.000Z,401403853,Vanderbilt,63,601,72,44,404,9.2,16,28,197,7.0,5,11,0,28
2022,1,2022-09-03T23:00:00.000Z,401403866,Vanderbilt,42,424,62,33,179,5.4,18,29,245,8.4,5,13,0,17
2022,3,2022-09-17T19:30:00.000Z,401403891,Vanderbilt,38,428,67,39,173,4.4,18,28,255,9.1,7,14,1,21
2022,2,2022-09-10T16:00:00.000Z,401403879,Wake Forest,45,451,67,40,151,3.8,18,27,300,11.1,4,12,1,21
2022,2,2022-09-10T16:00:00.000Z,401403879,Vanderbilt,25,294,60,34,113,3.3,16,26,181,7.0,2,13,3,11
2022,3,2022-09-17T18:00:00.000Z,401411113,Virginia,16,513,82,45,229,5.1,20,37,284,7.7,7,16,3,26
2022,1,2022-09-03T16:30:00.000Z,401411100,Virginia,34,505,75,42,259,6.2,21,33,246,7.5,7,12,2,29
2022,3,2022-09-17T15:00:00.000Z,401411114,Virginia Tech,27,475,79,41,133,3.2,28,38,342,9.0,7,13,0,29
2022,12,2022-11-19T17:00:00.000Z,401404165,Virginia Tech,23,324,79,59,176,3.0,14,20,148,7.4,6,18,0,19
2022,4,2022-09-22T23:30:00.000Z,401411116,Virginia Tech,10,228,53,18,35,1.9,16,35,193,5.5,2,10,1,14
2022,4,2022-09-22T23:30:00.000Z,401411116,West Virginia,33,421,76,46,218,4.7,20,30,203,6.8,4,13,1,31
2022,1,2022-09-02T23:00:00.000Z,401426330,Virginia Tech,17,340,75,39,147,3.8,21,36,193,5.4,5,17,5,20
2022,1,2022-09-01T23:30:00.000Z,401411093,Wake Forest,44,508,74,41,214,5.2,24,33,294,8.9,8,17,0,24
2022,3,2022-09-17T21:00:00.000Z,401404159,Wake Forest,37,346,70,26,21,0.8,26,44,325,7.4,6,16,2,16
2022,6,2022-10-08T23:30:00.000Z,401404138,Wake Forest,45,488,64,42,221,5.3,15,22,267,12.1,4,9,0,26
2022,2,2022-09-10T20:00:00.000Z,401403983,Washington,52,617,73,40,241,6.0,23,33,376,11.4,7,10,1,32
2022,1,2022-09-04T02:30:00.000Z,401403973,Washington,45,525,80,36,132,3.7,29,44,393,8.9,9,15,1,29
2022,13,2022-11-27T03:30:00.000Z,401404051,Washington,51,703,67,24,218,9.1,25,43,485,11.3,11,13,2,30
2022,10,2022-11-05T02:30:00.000Z,401404031,Washington,24,398,76,24,100,4.2,30,52,298,5.7,11,18,1,24
2022,3,2022-09-17T17:00:00.000Z,401404073,West Virginia,65,624,85,45,316,7.0,27,40,308,7.7,9,15,0,32
2022,2,2022-09-10T19:30:00.000Z,401403984,Wisconsin,14,401,75,44,174,4.0,18,31,227,7.3,8,15,3,22
2022,3,2022-09-17T19:30:00.000Z,401405085,Wisconsin,66,595,66,46,260,5.7,16,20,335,16.8,2,6,1,24
2022,1,2022-09-03T23:00:00.000Z,401405065,Wisconsin,38,440,53,37,221,6.0,14,16,219,13.7,4,9,0,18
2023,11,2023-11-11T17:00:00.000Z,401520386,Kentucky,21,253,55,24,95,4.0,17,31,158,5.1,3,11,2,11
2023,11,2023-11-11T17:00:00.000Z,401520386,Alabama,49,444,64,39,159,4.1,16,25,285,11.4,7,11,2,23
2023,13,2023-11-25T20:30:00.000Z,401520427,Auburn,24,337,59,42,244,5.8,6,17,93,5.5,4,12,3,18
2023,13,2023-11-25T20:30:00.000Z,401520427,Alabama,27,451,68,44,192,4.4,16,24,259,10.8,6,16,0,21
2023,8,2023-10-21T19:30:00.000Z,401520333,Alabama,34,358,63,42,138,3.3,14,21,220,10.5,5,13,2,20
2023,8,2023-10-21T19:30:00.000Z,401520333,Tennessee,20,404,79,38,133,3.5,28,41,271,6.6,8,18,1,22
2023,3,2023-09-16T19:30:00.000Z,401520244,Alabama,17,310,65,42,203,4.8,10,23,107,4.7,5,15,1,15
2023,2,2023-09-09T23:00:00.000Z,401520183,Texas,34,454,75,37,105,2.8,24,38,349,9.2,7,18,0,23
2023,2,2023-09-09T23:00:00.000Z,401520183,Alabama,24,362,62,35,107,3.1,14,27,255,9.4,5,14,2,18
2023,1,2023-09-02T23:30:00.000Z,401520149,Alabama,56,431,64,40,205,5.1,17,24,226,9.4,10,13,0,23
2023,5,2023-10-01T01:00:00.000Z,401520285,Alabama,40,357,56,43,193,4.5,10,13,164,12.6,5,12,0,17
2023,5,2023-10-01T01:00:00.000Z,401520285,Mississippi State,17,261,62,35,154,4.4,15,27,107,4.0,5,13,3,15
2023,10,2023-11-04T23:45:00.000Z,401520362,LSU,28,478,58,24,206,8.6,20,34,272,8.0,4,9,1,21
2023,10,2023-11-04T23:45:00.000Z,401520362,Alabama,42,507,69,46,288,6.3,15,23,219,9.5,11,14,0,28
2023,12,2023-11-18T17:00:00.000Z,401520401,Alabama,66,574,57,33,315,9.5,19,24,259,10.8,6,9,0,21
2023,6,2023-10-07T19:30:00.000Z,401520310,Alabama,26,344,59,26,23,0.9,21,33,321,9.7,4,12,2,16
2023,6,2023-10-07T19:30:00.000Z,401520310,Texas A&M,20,306,60,35,67,1.9,14,25,239,9.6,4,12,1,16
2023,4,2023-09-23T19:30:00.000Z,401520250,Ole Miss,10,301,65,29,56,1.9,21,36,245,6.8,3,14,1,17
2023,4,2023-09-23T19:30:00.000Z,401520250,Alabama,24,356,66,45,131,2.9,17,21,225,10.7,6,13,1,20
2023,7,2023-10-14T16:00:00.000Z,401520316,Arkansas,21,250,60,36,100,2.8,14,24,150,6.3,4,14,0,13
2023,7,2023-10-14T16:00:00.000Z,401520316,Alabama,24,415,63,42,177,4.2,10,21,238,11.3,6,14,0,18
2023,14,2023-12-02T21:00:00.000Z,401539483,Alabama,27,306,64,41,114,2.8,13,23,192,8.3,3,13,0,20
2023,14,2023-12-02T21:00:00.000Z,401539483,Georgia,24,321,60,31,78,2.5,21,29,243,8.4,4,12,1,19
2023,6,2023-10-08T02:30:00.000Z,401524025,USC,43,365,58,33,146,4.4,14,25,219,8.8,3,9,1,23
2023,6,2023-10-08T02:30:00.000Z,401524025,Arizona,41,506,77,42,203,4.8,25,35,303,8.7,8,16,1,28
2023,1,2023-09-03T02:00:00.000Z,401523989,Arizona,38,478,53,27,186,6.9,20,26,292,11.2,1,5,2,22
2023,11,2023-11-11T19:00:00.000Z,401524052,Colorado,31,339,65,30,77,2.6,22,35,262,7.5,5,15,0,18
2023,11,2023-11-11T19:00:00.000Z,401524052,Arizona,34,421,62,27,207,7.7,21,35,214,6.1,4,12,0,22
2023,4,2023-09-23T23:00:00.000Z,401524016,Stanford,20,358,67,35,112,3.2,18,32,246,7.7,7,16,0,19
2023,4,2023-09-23T23:00:00.000Z,401524016,Arizona,21,349,67,37,145,3.9,18,30,204,6.8,6,13,0,20
2023,5,2023-10-01T02:00:00.000Z,401524021,Arizona,24,342,70,31,110,3.5,27,39,232,5.9,5,13,1,27
2023,5,2023-10-01T02:00:00.000Z,401524021,Washington,31,474,66,26,111,4.3,30,40,363,9.1,6,10,1,26
2023,9,2023-10-29T02:30:00.000Z,401524039,Arizona,27,363,62,30,88,2.9,25,32,275,8.6,5,11,1,21
2023,13,2023-11-25T20:30:00.000Z,401524064,Arizona State,23,306,65,42,224,5.3,10,23,82,3.6,3,10,3,22
2023,13,2023-11-25T20:30:00.000Z,401524064,Arizona,59,619,66,25,92,3.7,30,41,527,12.9,8,11,1,24
2023,12,2023-11-18T19:30:00.000Z,401524058,Utah,18,438,90,37,118,3.2,31,53,320,6.0,11,21,2,26
2023,12,2023-11-18T19:30:00.000Z,401524058,Arizona,42,443,57,24,118,4.9,25,33,325,9.8,7,11,0,21
2023,10,2023-11-05T02:30:00.000Z,401524045,Arizona,27,429,68,35,129,3.7,25,33,300,9.1,11,16,1,23
2023,10,2023-11-05T02:30:00.000Z,401524045,UCLA,10,271,62,29,114,3.9,17,33,157,4.8,6,14,0,17
2023,7,2023-10-14T23:00:00.000Z,401524030,Arizona,44,516,80,37,174,4.7,34,43,342,8.0,10,17,0,26
2023,3,2023-09-17T03:00:00.000Z,401520219,Arizona,31,544,64,32,244,7.6,25,32,300,9.4,5,10,1,26
2023,2,2023-09-09T23:30:00.000Z,401520205,Mississippi State,31,307,56,39,145,3.7,13,17,162,9.5,3,11,1,16
2023,2,2023-09-09T23:30:00.000Z,401520205,Arizona,24,431,72,25,91,3.6,33,47,340,7.2,4,13,5,23
2023,8,2023-10-22T02:30:00.000Z,401524038,Arizona State,7,341,78,31,145,4.7,26,47,196,4.2,5,17,1,20
2023,8,2023-10-22T02:30:00.000Z,401524038,Washington,15,288,55,13,13,1.0,27,42,275,6.5,3,11,4,17
2023,9,2023-10-29T00:00:00.000Z,401524040,Arizona State,38,509,65,39,235,6.0,19,26,274,10.5,8,11,0,25
2023,5,2023-09-30T19:00:00.000Z,401524022,California,24,326,77,48,196,4.1,12,29,130,4.5,7,18,0,19
2023,5,2023-09-30T19:00:00.000Z,401524022,Arizona State,21,430,72,29,68,2.3,27,43,362,8.4,2,15,2,17
2023,1,2023-09-01T02:00:00.000Z,401523987,Arizona State,24,371,65,34,135,4.0,18,31,236,7.6,4,14,0,19
2023,4,2023-09-24T02:30:00.000Z,401524014,Arizona State,28,353,71,32,90,2.8,23,39,263,6.7,6,16,2,21
2023,4,2023-09-24T02:30:00.000Z,401524014,USC,42,535,60,29,213,7.3,20,31,322,10.4,3,10,1,22
2023,11,2023-11-12T02:00:00.000Z,401524055,UCLA,7,300,58,37,183,4.9,11,21,117,5.6,3,11,1,15
2023,11,2023-11-12T02:00:00.000Z,401524055,Arizona State,17,250,69,30,74,2.5,22,39,176,4.5,4,15,1,21
2023,10,2023-11-04T18:00:00.000Z,401524049,Utah,55,513,77,49,352,7.2,19,28,161,5.8,10,16,0,26
2023,10,2023-11-04T18:00:00.000Z,401524049,Arizona State,3,83,58,29,43,1.5,8,29,40,1.4,1,16,1,6
2023,6,2023-10-07T22:30:00.000Z,401524026,Arizona State,24,392,79,29,57,2.0,32,50,335,6.7,6,17,0,25
2023,6,2023-10-07T22:30:00.000Z,401524026,Colorado,27,295,72,30,56,1.9,26,42,239,5.7,5,16,0,19
2023,3,2023-09-17T02:30:00.000Z,401524005,Arizona State,0,230,64,27,42,1.6,17,37,188,5.1,5,14,8,15
2023,2,2023-09-10T02:30:00.000Z,401523998,Oklahoma State,27,304,63,31,113,3.6,22,32,191,6.0,8,16,0,16
2023,2,2023-09-10T02:30:00.000Z,401523998,Arizona State,15,277,63,34,110,3.2,16,29,167,5.8,6,14,1,15
2023,12,2023-11-18T21:00:00.000Z,401524059,Arizona State,13,316,65,18,111,6.2,25,47,205,4.4,3,14,1,20
2023,12,2023-11-18T21:00:00.000Z,401524059,Oregon,49,603,69,33,140,4.2,28,36,463,12.9,3,9,2,31
2023,12,2023-11-19T00:30:00.000Z,401520402,Arkansas,44,510,83,54,323,6.0,16,29,187,6.4,6,15,0,24
2023,3,2023-09-16T23:30:00.000Z,401520220,Arkansas,31,424,74,39,177,4.5,24,35,247,7.1,2,13,2,21
2023,3,2023-09-16T23:30:00.000Z,401520220,BYU,38,281,57,31,77,2.5,14,26,204,7.8,4,13,1,17
2023,8,2023-10-21T16:00:00.000Z,401520334,Arkansas,3,200,68,37,103,2.8,19,31,97,3.1,5,17,2,12
2023,8,2023-10-21T16:00:00.000Z,401520334,Mississippi State,7,205,48,36,120,3.3,8,12,85,7.1,1,10,1,10
2023,13,2023-11-24T21:00:00.000Z,401520426,Arkansas,14,225,63,41,127,3.1,14,22,98,4.5,6,15,5,13
2023,13,2023-11-24T21:00:00.000Z,401520426,Missouri,48,370,64,43,258,6.0,12,21,112,5.3,4,13,0,17
2023,1,2023-09-02T20:00:00.000Z,401520150,Arkansas,56,379,61,36,105,2.9,20,25,274,11.0,6,13,0,21
2023,10,2023-11-04T16:00:00.000Z,401520363,Florida,36,394,70,28,112,4.0,26,42,282,6.7,8,17,1,20
2023,10,2023-11-04T16:00:00.000Z,401520363,Arkansas,39,481,78,47,226,4.8,20,31,255,8.2,8,18,2,23
2023,2,2023-09-09T20:00:00.000Z,401520184,Arkansas,28,308,64,45,172,3.8,13,19,136,7.2,9,14,0,19
2023,4,2023-09-23T23:00:00.000Z,401520258,LSU,34,509,58,29,189,6.5,20,29,320,11.0,6,10,1,26
2023,4,2023-09-23T23:00:00.000Z,401520258,Arkansas,31,426,68,37,137,3.7,21,31,289,9.3,8,13,2,25
2023,6,2023-10-07T23:30:00.000Z,401520308,Arkansas,20,286,68,29,36,1.2,25,39,250,6.4,7,16,2,17
2023,6,2023-10-07T23:30:00.000Z,401520308,Ole Miss,27,349,70,45,196,4.4,16,25,153,6.1,4,14,0,21
2023,5,2023-09-30T16:00:00.000Z,401520279,Arkansas,22,174,56,39,42,1.1,9,17,132,7.8,5,15,1,10
2023,5,2023-09-30T16:00:00.000Z,401520279,Texas A&M,34,414,67,39,204,5.2,17,28,210,7.5,8,15,3,19
2023,11,2023-11-11T21:00:00.000Z,401520380,Arkansas,10,255,52,32,120,3.8,12,20,135,6.8,1,12,2,10
2023,11,2023-11-11T21:00:00.000Z,401520380,Auburn,48,517,76,55,354,6.4,12,21,163,7.8,7,12,2,32
2023,8,2023-10-21T23:00:00.000Z,401520335,Auburn,21,275,56,39,153,3.9,12,17,122,7.2,4,14,2,10
2023,8,2023-10-21T23:00:00.000Z,401520335,Ole Miss,28,425,74,56,223,4.0,10,18,202,11.2,2,11,2,21
2023,9,2023-10-28T19:30:00.000Z,401520350,Mississippi State,13,345,67,35,184,5.3,16,32,161,5.0,2,12,1,19
2023,9,2023-10-28T19:30:00.000Z,401520350,Auburn,27,416,62,36,186,5.2,20,26,230,8.8,4,11,0,21
2023,12,2023-11-18T21:00:00.000Z,401520404,Auburn,10,213,45,26,65,2.5,15,19,148,7.8,2,10,0,12
2023,1,2023-09-02T19:30:00.000Z,401520151,Auburn,59,492,69,44,289,6.6,14,25,203,8.1,6,10,0,27
2023,2,2023-09-10T02:30:00.000Z,401520186,California,10,273,78,40,113,2.8,21,38,160,4.2,4,18,3,19
2023,2,2023-09-10T02:30:00.000Z,401520186,Auburn,14,230,55,38,136,3.6,10,17,94,5.5,4,12,4,12
2023,3,2023-09-16T23:00:00.000Z,401520221,Auburn,45,562,79,43,222,5.2,27,36,340,9.4,7,14,3,26
2023,4,2023-09-23T16:00:00.000Z,401520270,Texas A&M,27,402,58,33,209,6.3,15,25,193,7.7,5,12,1,16
2023,4,2023-09-23T16:00:00.000Z,401520270,Auburn,10,200,64,41,144,3.5,9,23,56,2.4,3,15,0,14
2023,5,2023-09-30T19:30:00.000Z,401520280,Auburn,20,307,63,43,219,5.1,11,20,88,4.4,2,12,1,17
2023,5,2023-09-30T19:30:00.000Z,401520280,Georgia,27,420,63,30,107,3.6,23,33,313,9.5,8,13,2,19
2023,7,2023-10-14T23:00:00.000Z,401520319,Auburn,18,293,61,34,139,4.1,15,27,154,5.7,3,12,0,18
2023,7,2023-10-14T23:00:00.000Z,401520319,LSU,48,563,66,39,238,6.1,20,27,325,12.0,6,9,1,25
2023,10,2023-11-04T20:00:00.000Z,401520379,Vanderbilt,15,266,62,30,100,3.3,17,32,166,5.2,2,14,1,12
2023,10,2023-11-04T20:00:00.000Z,401520379,Auburn,31,424,64,37,230,6.2,17,27,194,7.2,4,15,1,14
2023,10,2023-11-04T23:00:00.000Z,401525885,BYU,7,277,63,21,67,3.2,24,42,210,5.0,3,11,1,20
2023,10,2023-11-04T23:00:00.000Z,401525885,West Virginia,37,567,76,48,336,7.0,16,28,231,8.3,3,10,0,30
2023,9,2023-10-28T19:30:00.000Z,401525877,Texas,35,354,60,35,184,5.3,16,25,170,6.8,6,11,2,16
2023,9,2023-10-28T19:30:00.000Z,401525877,BYU,6,292,66,26,95,3.7,25,40,197,4.9,3,14,3,17
2023,7,2023-10-14T19:30:00.000Z,401525865,TCU,44,584,86,27,137,5.1,38,59,447,7.6,12,19,2,30
2023,7,2023-10-14T19:30:00.000Z,401525865,BYU,11,243,66,32,91,2.8,15,34,152,4.5,2,14,2,15
2023,11,2023-11-12T03:15:00.000Z,401525886,BYU,13,318,66,38,188,4.9,11,28,130,4.6,1,11,3,18
2023,11,2023-11-12T03:15:00.000Z,401525886,Iowa State,45,443,62,37,234,6.3,16,25,209,8.4,8,14,0,21
2023,13,2023-11-25T20:30:00.000Z,401525905,Oklahoma State,40,503,88,41,182,4.4,31,47,321,6.8,7,17,2,28
2023,13,2023-11-25T20:30:00.000Z,401525905,BYU,34,327,69,37,130,3.5,15,32,197,6.2,5,15,2,14
2023,2,2023-09-09T19:00:00.000Z,401525828,BYU,41,394,55,23,46,2.0,22,32,348,10.9,3,9,1,18
2023,5,2023-09-30T02:15:00.000Z,401525851,Cincinnati,27,498,84,47,242,5.1,23,37,256,6.9,9,18,2,26
2023,5,2023-09-30T02:15:00.000Z,401525851,BYU,35,295,53,28,70,2.5,14,25,225,9.0,4,11,0,17
2023,8,2023-10-21T23:00:00.000Z,401525867,BYU,27,277,57,30,150,5.0,15,27,127,4.7,4,14,0,12
2023,8,2023-10-21T23:00:00.000Z,401525867,Texas Tech,14,389,80,43,153,3.6,19,37,236,6.4,9,18,5,19
2023,1,2023-09-03T02:15:00.000Z,401520152,BYU,14,257,67,34,112,3.3,20,33,145,4.4,5,16,0,12
2023,12,2023-11-18T17:00:00.000Z,401525893,BYU,24,390,64,38,217,5.7,15,26,173,6.7,5,14,3,18
2023,12,2023-11-18T17:00:00.000Z,401525893,Oklahoma,31,368,64,34,144,4.2,18,30,224,7.5,8,15,0,20
2023,4,2023-09-23T19:30:00.000Z,401525847,Kansas,38,351,56,37,221,6.0,14,19,130,6.8,4,8,0,23
2023,4,2023-09-23T19:30:00.000Z,401525847,BYU,27,366,73,22,9,0.4,30,51,357,7.0,6,14,3,23
2023,9,2023-10-28T19:30:00.000Z,401525873,Baylor,18,306,66,25,67,2.7,24,41,239,5.8,4,14,2,17
2023,9,2023-10-28T19:30:00.000Z,401525873,Iowa State,30,400,66,35,162,4.6,19,31,238,7.7,9,15,2,19
2023,2,2023-09-09T16:00:00.000Z,401523999,Baylor,13,339,57,29,121,4.2,12,28,218,7.8,3,11,2,14
2023,2,2023-09-09T16:00:00.000Z,401523999,Utah,20,377,73,47,224,4.8,12,26,153,5.9,8,17,1,20
2023,1,2023-09-02T23:00:00.000Z,401525817,Baylor,31,524,76,32,108,3.4,27,44,416,9.5,8,18,2,22
2023,3,2023-09-16T16:00:00.000Z,401525834,Baylor,30,391,75,48,270,5.6,13,27,121,4.5,6,14,1,26
2023,10,2023-11-04T19:30:00.000Z,401525880,Baylor,24,413,72,35,150,4.3,29,37,263,7.1,6,13,1,22
2023,10,2023-11-04T19:30:00.000Z,401525880,Houston,25,366,59,32,130,4.1,21,27,236,8.7,3,10,2,21
2023,6,2023-10-08T00:00:00.000Z,401525858,Baylor,14,341,68,30,17,0.6,22,38,324,8.5,4,15,1,17
2023,6,2023-10-08T00:00:00.000Z,401525858,Texas Tech,39,366,68,42,186,4.4,19,26,180,6.9,10,18,2,19
2023,4,2023-09-23T23:30:00.000Z,401525844,Texas,38,503,59,34,175,5.1,19,25,328,13.1,3,9,2,24
2023,4,2023-09-23T23:30:00.000Z,401525844,Baylor,6,365,84,31,60,1.9,29,53,305,5.8,5,18,1,19
2023,11,2023-11-11T20:00:00.000Z,401525889,Kansas State,59,451,71,37,183,4.9,21,34,268,7.9,4,12,0,22
2023,11,2023-11-11T20:00:00.000Z,401525889,Baylor,25,332,82,35,85,2.4,23,47,247,5.3,4,17,4,20
2023,5,2023-09-30T19:30:00.000Z,401525856,UCF,35,469,61,35,235,6.7,13,26,234,9.0,5,13,2,18
2023,5,2023-09-30T19:30:00.000Z,401525856,Baylor,36,446,77,43,153,3.6,21,34,293,8.6,10,18,1,22
2023,12,2023-11-18T20:30:00.000Z,401525897,TCU,42,531,63,30,100,3.3,26,33,431,13.1,9,11,1,24
2023,12,2023-11-18T20:30:00.000Z,401525897,Baylor,17,347,71,40,148,3.7,21,31,199,6.4,5,14,0,20
2023,13,2023-11-26T00:00:00.000Z,401525902,Baylor,31,334,57,37,119,3.2,17,20,215,10.8,4,12,0,17
2023,13,2023-11-26T00:00:00.000Z,401525902,West Virginia,34,519,62,37,250,6.8,16,25,269,10.8,3,10,0,23
2023,8,2023-10-21T16:00:00.000Z,401525868,Cincinnati,29,450,74,43,288,6.7,19,31,162,5.2,7,15,1,21
2023,8,2023-10-21T16:00:00.000Z,401525868,Baylor,32,396,70,28,80,2.9,25,42,316,7.5,5,13,0,22
2023,5,2023-09-30T18:00:00.000Z,401525513,Boston College,27,386,73,47,203,4.3,16,26,183,7.0,5,15,4,23
2023,5,2023-09-30T18:00:00.000Z,401525513,Virginia,24,306,63,29,59,2.0,22,34,247,7.3,3,12,1,18
2023,13,2023-11-24T17:00:00.000Z,401525560,Miami,45,532,76,40,242,6.1,23,36,290,8.1,6,13,1,27
2023,13,2023-11-24T17:00:00.000Z,401525560,Boston College,20,294,51,26,143,5.5,15,25,151,6.0,4,12,2,15
2023,2,2023-09-09T16:00:00.000Z,401525490,Boston College,31,403,68,45,202,4.5,17,23,201,8.7,7,13,0,24
2023,9,2023-10-28T16:00:00.000Z,401520351,Boston College,21,433,83,54,246,4.6,20,29,187,6.4,10,16,2,30
2023,11,2023-11-11T17:00:00.000Z,401525547,Boston College,22,262,56,29,124,4.3,13,27,138,5.1,3,12,2,14
2023,11,2023-11-11T17:00:00.000Z,401525547,Virginia Tech,48,600,72,51,363,7.1,14,21,237,11.3,7,15,2,24
2023,1,2023-09-02T16:00:00.000Z,401525464,Boston College,24,314,66,28,146,5.2,17,38,168,4.4,6,17,1,19
2023,10,2023-11-03T23:30:00.000Z,401525540,Syracuse,10,246,47,30,209,7.0,7,17,37,2.2,3,10,4,10
2023,10,2023-11-03T23:30:00.000Z,401525540,Boston College,17,350,94,57,185,3.2,20,37,165,4.5,9,20,2,27
2023,6,2023-10-07T16:00:00.000Z,401520298,Boston College,27,372,70,61,299,4.9,4,9,73,8.1,8,17,1,19
2023,4,2023-09-23T19:30:00.000Z,401525506,Louisville,56,582,62,41,194,4.7,18,21,388,18.5,8,13,0,22
2023,4,2023-09-23T19:30:00.000Z,401525506,Boston College,28,427,72,31,132,4.3,21,41,295,7.2,6,14,0,23
2023,8,2023-10-21T16:00:00.000Z,401525528,Georgia Tech,23,452,67,35,248,7.1,14,32,204,6.4,3,11,3,23
2023,8,2023-10-21T16:00:00.000Z,401525528,Boston College,38,563,72,43,308,7.2,17,29,255,8.8,5,13,1,24
2023,12,2023-11-17T00:00:00.000Z,401525553,Pittsburgh,24,404,52,33,197,6.0,11,19,207,10.9,3,10,0,17
2023,12,2023-11-17T00:00:00.000Z,401525553,Boston College,16,325,69,44,154,3.5,13,25,171,6.8,3,12,2,21
2023,3,2023-09-16T16:00:00.000Z,401525500,Florida State,31,340,58,34,128,3.8,15,24,212,8.8,1,9,2,20
2023,3,2023-09-16T16:00:00.000Z,401525500,Boston College,29,457,75,41,152,3.7,20,34,305,9.0,8,19,1,20
2023,3,2023-09-16T20:00:00.000Z,401524006,California,31,370,68,43,256,6.0,13,25,114,4.6,5,14,0,23
2023,4,2023-09-24T02:30:00.000Z,401524018,California,32,502,81,35,139,4.0,27,46,363,7.9,10,17,3,28
2023,4,2023-09-24T02:30:00.000Z,401524018,Washington,59,529,62,30,140,4.7,23,32,389,12.2,5,11,1,23
2023,9,2023-10-28T20:00:00.000Z,401524041,USC,50,497,80,40,128,3.2,23,40,369,9.2,8,19,1,20
2023,9,2023-10-28T20:00:00.000Z,401524041,California,49,527,81,42,235,5.6,25,39,292,7.5,6,14,4,29
2023,13,2023-11-26T03:30:00.000Z,401524066,UCLA,7,380,83,36,71,2.0,30,47,309,6.6,8,19,4,23
2023,13,2023-11-26T03:30:00.000Z,401524066,California,33,302,62,32,124,3.9,19,30,178,5.9,6,15,2,17
2023,11,2023-11-11T21:00:00.000Z,401524051,California,42,327,57,36,177,4.9,14,21,150,7.1,3,9,2,16
2023,10,2023-11-04T21:30:00.000Z,401524047,Oregon,63,597,82,36,153,4.3,35,46,444,9.7,10,14,2,32
2023,10,2023-11-04T21:30:00.000Z,401524047,California,19,286,63,29,109,3.8,18,34,177,5.2,3,14,3,16
2023,1,2023-09-02T20:00:00.000Z,401523991,California,58,683,95,56,361,6.4,27,39,322,8.3,9,18,2,29
2023,7,2023-10-14T19:00:00.000Z,401524033,Utah,34,445,75,53,317,6.0,15,22,128,5.8,10,17,0,21
2023,7,2023-10-14T19:00:00.000Z,401524033,California,14,254,55,24,66,2.8,15,31,188,6.1,4,12,2,16
2023,12,2023-11-18T23:30:00.000Z,401524061,Stanford,15,289,59,24,101,4.2,18,35,188,5.4,5,16,0,12
2023,12,2023-11-18T23:30:00.000Z,401524061,California,27,455,84,47,161,3.4,24,37,294,7.9,8,18,1,29
2023,6,2023-10-08T02:00:00.000Z,401524027,California,40,448,65,33,241,7.3,21,32,207,6.5,5,10,2,22
2023,2,2023-09-09T22:30:00.000Z,401525496,Pittsburgh,21,262,61,29,83,2.9,10,32,179,5.6,5,14,1,18
2023,2,2023-09-09T22:30:00.000Z,401525496,Cincinnati,27,371,69,42,216,5.1,19,27,155,5.7,6,16,1,20
2023,9,2023-10-29T00:00:00.000Z,401525876,Oklahoma State,45,601,71,37,315,8.5,17,34,286,8.4,6,16,2,23
2023,9,2023-10-29T00:00:00.000Z,401525876,Cincinnati,13,442,75,50,277,5.5,11,25,165,6.6,6,16,2,20
2023,7,2023-10-14T16:00:00.000Z,401525863,Iowa State,30,364,63,38,123,3.2,15,25,241,9.6,5,15,0,17
2023,7,2023-10-14T16:00:00.000Z,401525863,Cincinnati,10,214,62,33,115,3.5,15,29,99,3.4,3,13,2,15
2023,12,2023-11-18T19:30:00.000Z,401525899,West Virginia,42,634,65,46,424,9.2,12,19,210,11.1,6,11,1,31
2023,12,2023-11-18T19:30:00.000Z,401525899,Cincinnati,21,332,58,31,141,4.5,16,27,191,7.1,5,12,0,18
2023,4,2023-09-23T16:00:00.000Z,401525845,Oklahoma,20,425,72,34,103,3.0,26,38,322,8.5,6,16,1,21
2023,4,2023-09-23T16:00:00.000Z,401525845,Cincinnati,6,376,79,37,141,3.8,22,42,235,5.6,3,15,2,21
2023,1,2023-09-02T19:30:00.000Z,401525818,Cincinnati,66,667,71,44,229,5.2,23,27,438,16.2,10,14,1,30
2023,10,2023-11-04T19:30:00.000Z,401525881,Cincinnati,26,515,70,43,248,5.8,19,27,267,9.9,4,12,2,23
2023,10,2023-11-04T19:30:00.000Z,401525881,UCF,28,393,62,39,228,5.8,13,23,165,7.2,6,13,0,23
2023,13,2023-11-26T00:30:00.000Z,401525903,Kansas,49,562,51,34,312,9.2,13,17,250,14.7,3,7,0,23
2023,13,2023-11-26T00:30:00.000Z,401525903,Cincinnati,16,342,73,42,231,5.5,16,31,111,3.6,6,15,1,21
2023,3,2023-09-16T23:00:00.000Z,401525835,Cincinnati,24,538,91,57,273,4.8,18,34,265,7.8,8,17,2,30
2023,11,2023-11-12T00:00:00.000Z,401525887,Cincinnati,24,368,71,48,204,4.3,17,23,164,7.1,7,13,1,22
2023,11,2023-11-12T00:00:00.000Z,401525887,Houston,14,241,51,23,139,6.0,16,28,102,3.6,6,13,3,12
2023,8,2023-10-22T00:00:00.000Z,401525529,Miami,28,362,71,38,211,5.6,24,33,151,4.6,9,18,1,18
2023,8,2023-10-22T00:00:00.000Z,401525529,Clemson,20,345,68,34,31,0.9,18,34,314,9.2,4,14,3,19
2023,9,2023-10-28T18:00:00.000Z,401525534,NC State,24,202,46,26,64,2.5,11,20,138,6.9,3,13,0,9
2023,9,2023-10-28T18:00:00.000Z,401525534,Clemson,17,364,81,30,101,3.4,33,51,263,5.2,7,18,2,20
2023,10,2023-11-04T16:00:00.000Z,401525441,Clemson,31,285,69,43,176,4.1,13,26,109,4.2,5,15,2,19
2023,13,2023-11-26T00:30:00.000Z,401520441,South Carolina,7,169,56,24,57,2.4,16,32,112,3.5,2,13,2,12
2023,13,2023-11-26T00:30:00.000Z,401520441,Clemson,16,319,73,46,219,4.8,15,27,100,3.7,7,16,1,19
2023,1,2023-09-05T00:00:00.000Z,401525468,Duke,28,374,64,30,199,6.6,17,34,175,5.1,5,15,2,17
2023,1,2023-09-05T00:00:00.000Z,401525468,Clemson,7,422,83,40,213,5.3,27,43,209,4.9,7,15,3,29
2023,2,2023-09-09T18:15:00.000Z,401525491,Clemson,66,679,87,42,274,6.5,36,45,405,9.0,6,12,2,36
2023,11,2023-11-11T17:00:00.000Z,401525548,Clemson,42,465,81,44,260,5.9,23,37,205,5.5,7,16,1,24
2023,11,2023-11-11T17:00:00.000Z,401525548,Georgia Tech,21,254,65,33,117,3.5,14,32,137,4.3,6,16,4,13
2023,3,2023-09-17T00:00:00.000Z,401525501,Clemson,48,367,66,33,163,4.9,20,33,204,6.2,6,12,1,20
2023,5,2023-09-30T16:00:00.000Z,401525514,Clemson,31,389,72,35,126,3.6,23,37,263,7.1,7,16,1,21
2023,5,2023-09-30T16:00:00.000Z,401525514,Syracuse,14,286,65,34,100,2.9,16,31,186,6.0,9,17,3,14
2023,12,2023-11-18T20:30:00.000Z,401525554,Clemson,31,466,89,55,247,4.5,21,34,219,6.4,6,19,2,25
2023,12,2023-11-18T20:30:00.000Z,401525554,North Carolina,20,457,69,32,248,7.8,16,37,209,5.6,4,14,3,19
2023,4,2023-09-23T16:00:00.000Z,401525507,Clemson,24,429,79,41,146,3.6,25,38,283,7.4,6,14,1,25
2023,4,2023-09-23T16:00:00.000Z,401525507,Florida State,31,311,57,20,22,1.1,21,37,289,7.8,4,13,0,16
2023,6,2023-10-07T19:30:00.000Z,401525517,Clemson,17,338,70,42,207,4.9,18,28,131,4.7,6,15,2,19
2023,6,2023-10-07T19:30:00.000Z,401525517,Wake Forest,12,239,64,39,102,2.6,15,25,137,5.5,2,12,1,18
2023,9,2023-10-28T23:30:00.000Z,401524043,UCLA,28,487,73,45,218,4.8,20,28,269,9.6,7,13,4,25
2023,9,2023-10-28T23:30:00.000Z,401524043,Colorado,16,242,67,24,25,1.0,27,43,217,5.0,4,15,0,20
2023,4,2023-09-23T19:30:00.000Z,401524015,Oregon,42,522,73,38,240,6.3,30,35,282,8.1,3,10,1,30
2023,4,2023-09-23T19:30:00.000Z,401524015,Colorado,6,199,58,25,40,1.6,23,33,159,4.8,5,14,0,13
2023,12,2023-11-18T03:30:00.000Z,401524057,Colorado,14,255,68,41,91,2.2,12,27,164,6.1,4,17,3,15
2023,5,2023-09-30T16:00:00.000Z,401524023,USC,48,498,65,25,95,3.8,30,40,403,10.1,3,9,1,26
2023,5,2023-09-30T16:00:00.000Z,401524023,Colorado,41,564,90,45,193,4.3,30,45,371,8.2,9,18,1,32
2023,1,2023-09-02T16:00:00.000Z,401523994,Colorado,45,565,81,34,55,1.6,38,47,510,10.9,9,15,1,30
2023,1,2023-09-02T16:00:00.000Z,401523994,TCU,42,541,79,37,262,7.1,24,42,279,6.6,10,17,2,27
2023,13,2023-11-25T20:00:00.000Z,401524067,Colorado,17,262,42,17,37,2.2,18,25,225,9.0,3,9,1,13
2023,13,2023-11-25T20:00:00.000Z,401524067,Utah,23,329,63,53,268,5.1,6,10,61,6.1,7,13,0,21
2023,3,2023-09-17T02:00:00.000Z,401524007,Colorado,43,418,72,25,70,2.8,38,47,348,7.4,4,13,2,23
2023,10,2023-11-05T02:00:00.000Z,401524046,Colorado,19,238,58,19,-7,-0.4,24,39,245,6.3,5,14,1,15
2023,2,2023-09-09T16:00:00.000Z,401520188,Colorado,36,454,77,33,58,1.8,32,44,396,9.0,9,18,1,23
2023,2,2023-09-09T16:00:00.000Z,401520188,Nebraska,14,341,63,41,222,5.4,11,22,119,5.4,4,13,4,15
2023,7,2023-10-14T02:00:00.000Z,401524029,Stanford,46,523,88,39,124,3.2,28,49,399,8.1,10,18,0,29
2023,7,2023-10-14T02:00:00.000Z,401524029,Colorado,43,532,82,35,132,3.8,33,47,400,8.5,6,13,1,33
2023,8,2023-10-21T23:30:00.000Z,401525530,Duke,20,273,57,35,197,5.6,8,22,76,3.5,4,12,1,15
2023,8,2023-10-21T23:30:00.000Z,401525530,Florida State,38,420,68,32,152,4.8,27,36,268,7.4,7,12,1,24
2023,9,2023-10-28T19:30:00.000Z,401525535,Louisville,23,351,64,48,234,4.9,11,16,117,7.3,2,10,0,20
2023,9,2023-10-28T19:30:00.000Z,401525535,Duke,0,202,49,21,51,2.4,12,28,151,5.4,2,12,1,9
2023,5,2023-09-30T23:30:00.000Z,401525438,Duke,14,323,67,40,189,4.7,12,27,134,5.0,6,15,2,17
2023,10,2023-11-02T23:30:00.000Z,401525539,Duke,24,267,60,41,181,4.4,7,19,86,4.5,5,14,2,15
2023,10,2023-11-02T23:30:00.000Z,401525539,Wake Forest,21,400,66,47,159,3.4,16,19,241,12.7,5,13,2,18
2023,11,2023-11-12T01:00:00.000Z,401525549,North Carolina,47,537,87,44,195,4.4,28,43,342,8.0,11,19,1,30
2023,11,2023-11-12T01:00:00.000Z,401525549,Duke,45,379,72,43,179,4.2,17,29,200,6.9,5,15,0,22
2023,3,2023-09-16T19:30:00.000Z,401520223,Duke,38,487,60,40,268,6.7,15,20,219,11.0,5,9,0,25
2023,3,2023-09-16T19:30:00.000Z,401520223,Northwestern,14,267,70,30,104,3.5,22,40,163,4.1,9,18,1,19
2023,13,2023-11-25T17:00:00.000Z,401525561,Duke,30,317,67,30,69,2.3,20,37,248,6.7,8,18,1,17
2023,13,2023-11-25T17:00:00.000Z,401525561,Pittsburgh,19,308,67,32,43,1.3,25,35,265,7.6,5,13,1,20
2023,4,2023-09-23T19:30:00.000Z,401520272,Duke,41,322,61,27,74,2.7,23,34,248,7.3,5,13,0,20
2023,2,2023-09-09T22:00:00.000Z,401525492,Duke,42,515,66,45,261,5.8,20,21,254,12.1,5,8,1,28
2023,7,2023-10-15T00:00:00.000Z,401525523,Duke,24,301,42,30,194,6.5,4,12,107,8.9,1,9,1,12
2023,7,2023-10-15T00:00:00.000Z,401525523,NC State,3,305,70,30,112,3.7,24,40,193,4.8,4,15,1,18
2023,12,2023-11-18T20:00:00.000Z,401525555,Virginia,30,448,71,41,170,4.1,21,30,278,9.3,5,15,0,22
2023,12,2023-11-18T20:00:00.000Z,401525555,Duke,27,429,73,28,159,5.7,26,45,270,6.0,4,14,2,27
2023,13,2023-11-26T00:00:00.000Z,401520429,Florida,15,232,60,44,146,3.3,9,16,86,5.4,7,16,1,13
2023,13,2023-11-26T00:00:00.000Z,401520429,Florida State,24,224,57,31,90,2.9,12,26,134,5.2,4,14,0,16
2023,4,2023-09-23T23:00:00.000Z,401520251,Florida,22,395,59,36,136,3.8,20,23,259,11.3,1,9,2,21
2023,5,2023-09-30T16:00:00.000Z,401520282,Florida,14,313,59,29,69,2.4,25,30,244,8.1,4,13,1,15
2023,5,2023-09-30T16:00:00.000Z,401520282,Kentucky,33,398,55,36,329,9.1,9,19,69,3.6,1,8,0,22
2023,1,2023-09-01T00:00:00.000Z,401520176,Utah,24,270,53,30,105,3.5,15,23,165,7.2,3,13,0,14
2023,1,2023-09-01T00:00:00.000Z,401520176,Florida,11,346,65,21,13,0.6,31,44,333,7.6,1,13,1,17
2023,2,2023-09-09T23:30:00.000Z,401520190,Florida,49,560,74,51,327,6.4,18,23,233,10.1,5,6,1,33
2023,6,2023-10-07T20:00:00.000Z,401520299,Vanderbilt,14,340,53,19,64,3.4,19,34,276,8.1,1,10,1,13
2023,6,2023-10-07T20:00:00.000Z,401520299,Florida,38,495,71,30,215,7.2,34,41,280,6.8,5,12,1,25
2023,3,2023-09-16T23:00:00.000Z,401520224,Tennessee,16,387,64,30,100,3.3,20,34,287,8.4,8,15,1,17
2023,3,2023-09-16T23:00:00.000Z,401520224,Florida,29,349,67,43,183,4.3,19,24,166,6.9,7,14,0,21
2023,7,2023-10-14T19:30:00.000Z,401520325,Florida,41,494,81,33,71,2.2,30,48,423,8.8,4,15,0,28
2023,7,2023-10-14T19:30:00.000Z,401520325,South Carolina,39,465,63,33,152,4.6,23,30,313,10.4,5,10,2,23
2023,11,2023-11-12T00:30:00.000Z,401520389,Florida,35,488,80,42,177,4.2,26,38,311,8.2,4,13,1,27
2023,11,2023-11-12T00:30:00.000Z,401520389,LSU,52,701,61,35,329,9.4,17,26,372,14.3,2,6,1,25
2023,12,2023-11-19T00:30:00.000Z,401520413,Missouri,33,508,67,32,177,5.5,20,35,331,9.5,9,16,0,21
2023,12,2023-11-19T00:30:00.000Z,401520413,Florida,31,500,66,40,261,6.5,18,26,239,9.2,5,11,2,23
2023,9,2023-10-28T19:30:00.000Z,401520352,Georgia,43,486,66,38,171,4.5,19,28,315,11.3,6,12,0,23
2023,9,2023-10-28T19:30:00.000Z,401520352,Florida,20,339,59,25,109,4.4,25,34,230,6.8,4,11,1,16
2023,1,2023-09-03T23:30:00.000Z,401520182,Florida State,45,494,66,34,135,4.0,24,32,359,11.2,9,14,1,22
2023,1,2023-09-03T23:30:00.000Z,401520182,LSU,24,459,64,27,113,4.2,22,37,346,9.4,3,10,2,23
2023,2,2023-09-10T00:30:00.000Z,401525493,Florida State,66,554,69,37,306,8.3,18,32,248,7.8,4,12,0,26
2023,14,2023-12-03T01:00:00.000Z,401539478,Florida State,16,219,65,44,164,3.7,8,21,55,2.6,2,16,0,12
2023,14,2023-12-03T01:00:00.000Z,401539478,Louisville,6,188,70,34,77,2.3,14,36,111,3.1,3,18,1,10
2023,10,2023-11-04T19:30:00.000Z,401525541,Pittsburgh,7,333,60,24,89,3.7,15,36,244,6.8,0,11,3,16
2023,10,2023-11-04T19:30:00.000Z,401525541,Florida State,24,501,74,37,138,3.7,23,37,363,9.8,5,14,1,22
2023,7,2023-10-14T16:00:00.000Z,401525524,Syracuse,3,261,67,36,124,3.4,12,31,137,4.4,6,19,2,12
2023,7,2023-10-14T16:00:00.000Z,401525524,Florida State,41,535,73,34,191,5.6,25,39,344,8.8,9,17,0,22
2023,11,2023-11-11T20:30:00.000Z,401525550,Florida State,27,322,62,31,57,1.8,19,31,265,8.5,3,12,0,17
2023,11,2023-11-11T20:30:00.000Z,401525550,Miami,20,335,64,34,131,3.9,10,30,204,6.8,4,16,1,13
2023,6,2023-10-07T19:30:00.000Z,401525518,Florida State,39,452,61,36,282,7.8,18,25,170,6.8,5,12,0,20
2023,6,2023-10-07T19:30:00.000Z,401525518,Virginia Tech,17,313,62,35,209,6.0,14,27,104,3.9,2,13,1,19
2023,9,2023-10-28T16:00:00.000Z,401525536,Florida State,41,508,66,30,126,4.2,23,36,382,10.6,7,14,0,20
2023,9,2023-10-28T16:00:00.000Z,401525536,Wake Forest,16,210,65,49,128,2.6,6,16,82,5.1,3,14,0,15
2023,12,2023-11-18T23:30:00.000Z,401525556,Florida State,58,521,67,37,248,6.7,17,30,273,9.1,4,11,0,26
2023,3,2023-09-16T19:30:00.000Z,401520225,Georgia,24,458,79,44,189,4.3,27,35,269,7.7,5,13,0,29
2023,3,2023-09-16T19:30:00.000Z,401520225,South Carolina,14,309,58,16,53,3.3,22,42,256,6.1,5,13,2,17
2023,1,2023-09-02T22:00:00.000Z,401520154,Georgia,48,559,69,30,159,5.3,26,39,400,10.3,5,12,0,28
2023,2,2023-09-09T16:00:00.000Z,401520191,Georgia,45,386,61,28,99,3.5,24,33,287,8.7,6,12,1,22
2023,6,2023-10-07T23:00:00.000Z,401520300,Georgia,51,608,73,31,173,5.6,33,42,435,10.4,5,11,1,33
2023,6,2023-10-07T23:00:00.000Z,401520300,Kentucky,13,183,50,24,55,2.3,10,26,128,4.9,2,11,0,12
2023,13,2023-11-26T00:30:00.000Z,401520430,Georgia Tech,23,363,65,44,205,4.7,11,21,158,7.5,2,11,0,22
2023,13,2023-11-26T00:30:00.000Z,401520430,Georgia,31,437,59,39,262,6.7,13,20,175,8.8,4,8,2,24
2023,7,2023-10-14T16:00:00.000Z,401520327,Vanderbilt,20,219,44,15,18,1.2,19,29,201,6.9,2,9,1,9
2023,7,2023-10-14T16:00:00.000Z,401520327,Georgia,37,552,78,39,291,7.5,29,39,261,6.7,11,16,2,26
2023,12,2023-11-18T20:30:00.000Z,401520419,Tennessee,10,277,55,25,130,5.2,17,30,147,4.9,2,11,0,13
2023,12,2023-11-18T20:30:00.000Z,401520419,Georgia,38,472,71,40,156,3.9,25,31,316,10.2,9,13,1,27
2023,11,2023-11-12T00:00:00.000Z,401520382,Georgia,52,611,61,35,300,8.6,19,26,311,12.0,5,8,1,25
2023,11,2023-11-12T00:00:00.000Z,401520382,Ole Miss,17,352,69,45,179,4.0,14,24,173,7.2,6,15,1,18
2023,10,2023-11-04T19:30:00.000Z,401520364,Missouri,21,363,64,34,151,4.4,14,30,212,7.1,5,13,2,21
2023,10,2023-11-04T19:30:00.000Z,401520364,Georgia,30,385,65,33,131,4.0,21,32,254,7.9,6,13,0,21
2023,4,2023-09-23T23:30:00.000Z,401520252,Georgia,49,582,76,36,188,5.2,28,40,394,9.9,10,13,3,31
2023,3,2023-09-16T23:30:00.000Z,401520241,Ole Miss,48,550,56,37,299,8.1,10,19,251,13.2,5,10,0,19
2023,3,2023-09-16T23:30:00.000Z,401520241,Georgia Tech,23,474,89,47,167,3.6,28,42,307,7.3,11,20,0,26
2023,1,2023-09-01T23:30:00.000Z,401525462,Georgia Tech,34,488,70,38,175,4.6,19,32,313,9.8,6,13,2,23
2023,1,2023-09-01T23:30:00.000Z,401525462,Louisville,39,474,65,34,227,6.7,18,31,247,8.0,1,11,1,21
2023,2,2023-09-09T17:00:00.000Z,401525494,Georgia Tech,48,578,67,33,268,8.1,24,34,310,9.1,6,10,2,28
2023,12,2023-11-19T01:00:00.000Z,401525557,Georgia Tech,31,344,57,37,206,5.6,16,20,138,6.9,3,9,2,23
2023,12,2023-11-19T01:00:00.000Z,401525557,Syracuse,22,259,58,42,206,4.9,15,16,53,3.3,2,10,2,15
2023,4,2023-09-23T22:30:00.000Z,401525508,Georgia Tech,30,380,59,32,158,4.9,16,27,222,8.2,7,15,1,13
2023,4,2023-09-23T22:30:00.000Z,401525508,Wake Forest,16,386,82,52,224,4.3,16,30,162,5.4,7,14,5,29
2023,10,2023-11-04T18:00:00.000Z,401525542,Georgia Tech,45,514,77,44,305,6.9,24,33,209,6.3,8,15,0,28
2023,10,2023-11-04T18:00:00.000Z,401525542,Virginia,17,351,69,29,119,4.1,23,40,232,5.8,3,12,3,23
2023,5,2023-09-30T19:30:00.000Z,401525515,Georgia Tech,27,417,58,21,69,3.3,23,37,348,9.4,2,8,3,27
2023,6,2023-10-08T00:00:00.000Z,401525519,Miami,20,453,83,47,165,3.5,24,36,288,8.0,8,16,5,23
2023,6,2023-10-08T00:00:00.000Z,401525519,Georgia Tech,23,250,53,27,99,3.7,12,26,151,5.8,5,13,2,13
2023,9,2023-10-29T00:00:00.000Z,401525537,Georgia Tech,46,635,78,48,348,7.3,23,30,287,9.6,8,13,1,29
2023,9,2023-10-29T00:00:00.000Z,401525537,North Carolina,42,577,72,47,267,5.7,17,25,310,12.4,9,15,1,25
2023,7,2023-10-12T23:00:00.000Z,401525862,West Virginia,39,546,82,44,155,3.5,20,38,391,10.3,13,19,1,26
2023,7,2023-10-12T23:00:00.000Z,401525862,Houston,41,393,53,26,140,5.4,21,27,253,9.4,3,9,0,20
2023,4,2023-09-23T23:00:00.000Z,401520254,Houston,38,538,79,37,186,5.0,32,42,352,8.4,7,13,0,27
2023,9,2023-10-28T16:00:00.000Z,401525875,Kansas State,41,394,70,46,179,3.9,21,24,215,9.0,10,14,1,24
2023,9,2023-10-28T16:00:00.000Z,401525875,Houston,0,208,59,26,113,4.3,15,33,95,2.9,3,14,2,11
2023,12,2023-11-18T21:00:00.000Z,401525894,Oklahoma State,43,501,78,35,153,4.4,29,43,348,8.1,6,13,1,28
2023,12,2023-11-18T21:00:00.000Z,401525894,Houston,30,393,58,28,130,4.6,18,30,263,8.8,2,10,2,18
2023,3,2023-09-17T00:00:00.000Z,401525836,TCU,36,564,88,51,250,4.9,24,37,314,8.5,6,15,2,35
2023,3,2023-09-17T00:00:00.000Z,401525836,Houston,13,266,62,27,41,1.5,17,35,225,6.4,4,15,2,12
2023,5,2023-09-30T19:30:00.000Z,401525855,Houston,28,489,75,34,154,4.5,29,41,335,8.2,9,15,0,26
2023,5,2023-09-30T19:30:00.000Z,401525855,Texas Tech,49,400,59,37,239,6.5,14,22,161,7.3,6,11,0,21
2023,8,2023-10-21T20:00:00.000Z,401525869,Houston,24,392,65,19,14,0.7,32,46,378,8.2,4,13,2,20
2023,8,2023-10-21T20:00:00.000Z,401525869,Texas,31,360,69,37,141,3.8,25,32,219,6.8,3,12,0,19
2023,13,2023-11-25T17:00:00.000Z,401525906,UCF,27,476,70,43,223,5.2,23,27,253,9.4,6,13,0,23
2023,13,2023-11-25T17:00:00.000Z,401525906,Houston,13,259,52,31,94,3.0,13,21,165,7.9,1,10,1,17
2023,2,2023-09-09T23:00:00.000Z,401525831,Houston,41,443,81,38,183,4.8,24,43,260,6.0,9,17,1,27
2023,1,2023-09-02T23:00:00.000Z,401525819,Houston,17,334,72,38,101,2.7,22,34,233,6.9,5,15,0,19
2023,12,2023-11-18T20:30:00.000Z,401520406,Iowa,15,281,65,36,114,3.2,19,29,167,5.8,6,16,0,18
2023,12,2023-11-18T20:30:00.000Z,401520406,Illinois,13,280,70,23,65,2.8,22,47,215,4.6,5,15,0,18
2023,8,2023-10-21T19:30:00.000Z,401520336,Wisconsin,25,379,76,35,139,4.0,21,41,240,5.9,10,17,1,23
2023,8,2023-10-21T19:30:00.000Z,401520336,Illinois,21,323,66,45,223,5.0,13,21,100,4.8,7,16,0,16
2023,3,2023-09-16T16:00:00.000Z,401520226,Illinois,13,354,73,29,62,2.1,25,44,292,6.6,6,16,5,20
2023,3,2023-09-16T16:00:00.000Z,401520226,Penn State,30,383,77,40,164,4.1,17,37,219,5.9,7,18,0,19
2023,2,2023-09-08T23:30:00.000Z,401520195,Kansas,34,539,73,44,262,6.0,21,29,277,9.6,9,13,2,27
2023,2,2023-09-08T23:30:00.000Z,401520195,Illinois,23,341,56,28,139,5.0,19,28,202,7.2,4,10,2,19
2023,7,2023-10-14T19:30:00.000Z,401520320,Maryland,24,380,69,29,93,3.2,28,40,287,7.2,5,15,1,22
2023,7,2023-10-14T19:30:00.000Z,401520320,Illinois,27,337,67,39,131,3.4,16,28,206,7.4,6,16,1,21
2023,10,2023-11-04T19:30:00.000Z,401520370,Minnesota,26,260,57,35,93,2.7,11,22,167,7.6,3,12,1,16
2023,10,2023-11-04T19:30:00.000Z,401520370,Illinois,27,371,70,36,74,2.1,27,34,297,8.7,9,17,3,19
2023,13,2023-11-25T20:30:00.000Z,401520431,Illinois,43,455,67,32,107,3.3,25,35,348,9.9,5,13,4,20
2023,13,2023-11-25T20:30:00.000Z,401520431,Northwestern,45,379,69,37,145,3.9,24,32,234,7.3,4,11,2,20
2023,1,2023-09-02T23:30:00.000Z,401520155,Illinois,30,374,61,35,168,4.8,18,26,206,7.9,2,8,1,21
2023,4,2023-09-23T19:30:00.000Z,401520255,Illinois,23,510,77,41,207,5.0,25,36,303,8.4,6,12,2,26
2023,6,2023-10-07T00:00:00.000Z,401520301,Nebraska,20,312,73,49,158,3.2,12,24,154,6.4,5,15,3,18
2023,6,2023-10-07T00:00:00.000Z,401520301,Illinois,7,310,66,19,21,1.1,29,47,289,6.1,4,15,2,16
2023,5,2023-09-30T19:30:00.000Z,401520289,Purdue,44,406,71,45,189,4.2,18,26,217,8.3,8,13,1,25
2023,5,2023-09-30T19:30:00.000Z,401520289,Illinois,19,375,66,34,149,4.4,18,32,226,7.1,2,13,1,17
2023,11,2023-11-11T17:00:00.000Z,401520383,Illinois,48,662,71,35,155,4.4,24,36,507,14.1,3,10,2,31
2023,11,2023-11-11T17:00:00.000Z,401520383,Indiana,45,451,76,43,162,3.8,22,33,289,8.8,7,13,2,30
2023,13,2023-11-25T17:00:00.000Z,401520438,Purdue,35,453,81,47,178,3.8,21,34,275,8.1,4,15,0,25
2023,13,2023-11-25T17:00:00.000Z,401520438,Indiana,31,359,66,35,133,3.8,17,31,226,7.3,1,11,3,22
2023,12,2023-11-18T17:00:00.000Z,401520405,Indiana,21,402,80,46,210,4.6,19,34,192,5.6,8,17,1,23
2023,12,2023-11-18T17:00:00.000Z,401520405,Michigan State,24,317,75,34,72,2.1,26,41,245,6.0,4,13,2,22
2023,8,2023-10-21T16:00:00.000Z,401520337,Rutgers,31,315,67,55,276,5.0,5,12,39,3.3,4,11,0,20
2023,8,2023-10-21T16:00:00.000Z,401520337,Indiana,14,279,60,29,153,5.3,15,31,126,4.1,2,11,1,18
2023,2,2023-09-08T23:00:00.000Z,401520193,Indiana,41,558,79,42,214,5.1,27,37,344,9.3,12,16,1,33
2023,9,2023-10-28T16:00:00.000Z,401520358,Indiana,24,349,53,34,80,2.4,13,19,269,14.2,3,11,2,14
2023,9,2023-10-28T16:00:00.000Z,401520358,Penn State,33,342,74,43,132,3.1,20,31,210,6.8,7,18,1,19
2023,3,2023-09-16T16:00:00.000Z,401520230,Indiana,14,357,61,27,58,2.1,24,34,299,8.8,5,13,1,19
2023,3,2023-09-16T16:00:00.000Z,401520230,Louisville,21,422,62,39,184,4.7,13,23,238,10.3,7,12,1,20
2023,7,2023-10-14T16:00:00.000Z,401520321,Michigan,52,407,64,42,163,3.9,19,22,244,11.1,6,11,0,23
2023,7,2023-10-14T16:00:00.000Z,401520321,Indiana,7,232,62,33,92,2.8,14,29,140,4.8,6,15,4,15
2023,5,2023-09-30T19:30:00.000Z,401520283,Maryland,44,472,57,23,120,5.2,24,34,352,10.4,5,11,0,20
2023,5,2023-09-30T19:30:00.000Z,401520283,Indiana,17,321,78,37,116,3.1,25,41,205,5.0,5,17,1,20
2023,10,2023-11-04T16:00:00.000Z,401520365,Wisconsin,14,344,71,28,101,3.6,21,43,243,5.7,7,16,2,18
2023,10,2023-11-04T16:00:00.000Z,401520365,Indiana,20,261,72,41,75,1.8,19,31,186,6.0,6,16,0,20
2023,1,2023-09-02T19:30:00.000Z,401520156,Indiana,3,153,53,33,71,2.2,9,20,82,4.1,4,15,0,8
2023,1,2023-09-02T19:30:00.000Z,401520156,Ohio State,23,380,67,31,143,4.6,21,36,237,6.6,2,12,1,22
2023,4,2023-09-23T23:30:00.000Z,401520256,Indiana,29,282,60,34,92,2.7,11,26,190,7.3,3,14,2,14
2023,10,2023-11-04T19:30:00.000Z,401520373,Iowa,10,169,56,41,104,2.5,10,15,65,4.3,4,12,1,14
2023,10,2023-11-04T19:30:00.000Z,401520373,Northwestern,7,170,61,41,89,2.2,12,20,81,4.1,6,17,0,12
2023,1,2023-09-02T16:00:00.000Z,401520157,Iowa,24,284,69,36,88,2.4,18,33,196,5.9,6,17,0,17
2023,13,2023-11-24T17:00:00.000Z,401520425,Nebraska,10,264,58,30,75,2.5,15,28,189,6.8,8,17,3,10
2023,13,2023-11-24T17:00:00.000Z,401520425,Iowa,13,257,68,40,163,4.1,11,28,94,3.4,6,18,1,14
2023,4,2023-09-23T23:30:00.000Z,401520265,Penn State,31,397,97,57,215,3.8,26,40,182,4.6,9,20,0,28
2023,4,2023-09-23T23:30:00.000Z,401520265,Iowa,0,76,33,17,20,1.2,6,16,56,3.5,1,9,4,4
2023,3,2023-09-16T19:30:00.000Z,401520227,Iowa,41,387,65,43,254,5.9,11,22,133,6.0,4,12,2,19
2023,5,2023-09-30T23:30:00.000Z,401520281,Michigan State,16,349,76,32,156,4.9,25,44,193,4.4,3,15,4,20
2023,5,2023-09-30T23:30:00.000Z,401520281,Iowa,26,222,59,27,61,2.3,14,32,161,5.0,2,13,2,15
2023,7,2023-10-14T20:00:00.000Z,401520328,Wisconsin,6,332,78,28,104,3.7,27,50,228,4.6,2,17,2,18
2023,7,2023-10-14T20:00:00.000Z,401520328,Iowa,15,237,62,48,200,4.2,6,14,37,2.6,4,17,0,9
2023,8,2023-10-21T19:30:00.000Z,401520338,Iowa,10,127,56,28,11,0.4,10,28,116,4.1,4,15,3,9
2023,8,2023-10-21T19:30:00.000Z,401520338,Minnesota,12,239,70,45,113,2.5,10,25,126,5.0,4,18,0,12
2023,6,2023-10-07T19:30:00.000Z,401520302,Purdue,14,343,80,40,96,2.4,25,40,247,6.2,9,19,2,21
2023,6,2023-10-07T19:30:00.000Z,401520302,Iowa,20,291,56,35,181,5.2,6,21,110,5.2,3,13,1,13
2023,11,2023-11-11T20:30:00.000Z,401520384,Iowa,22,402,77,46,179,3.9,20,31,223,7.2,9,18,1,21
2023,11,2023-11-11T20:30:00.000Z,401520384,Rutgers,0,127,41,23,34,1.5,7,18,93,5.2,2,11,1,7
2023,14,2023-12-03T01:00:00.000Z,401539480,Iowa,0,155,56,24,35,1.5,18,32,120,3.8,4,15,3,7
2023,14,2023-12-03T01:00:00.000Z,401539480,Michigan,26,213,64,34,66,1.9,22,30,147,4.9,3,15,0,12
2023,2,2023-09-09T19:30:00.000Z,401520194,Iowa State,13,290,75,31,87,2.8,23,44,203,4.6,7,18,1,19
2023,2,2023-09-09T19:30:00.000Z,401520194,Iowa,20,235,51,29,112,3.9,12,22,123,5.6,5,14,1,9
2023,3,2023-09-16T16:00:00.000Z,401525838,Iowa State,7,271,47,23,38,1.7,17,24,233,9.7,3,11,2,13
2023,10,2023-11-04T23:00:00.000Z,401525882,Kansas,28,361,58,35,74,2.1,14,23,287,12.5,6,13,0,16
2023,10,2023-11-04T23:00:00.000Z,401525882,Iowa State,21,333,56,29,75,2.6,21,27,258,9.6,6,12,1,16
2023,12,2023-11-19T01:00:00.000Z,401525895,Iowa State,16,332,53,21,9,0.4,24,32,323,10.1,3,11,1,16
2023,12,2023-11-19T01:00:00.000Z,401525895,Texas,26,404,67,34,123,3.6,23,33,281,8.5,5,13,1,23
2023,1,2023-09-02T18:00:00.000Z,401525820,Iowa State,30,250,45,27,134,5.0,14,18,116,6.4,2,11,0,10
2023,13,2023-11-26T01:00:00.000Z,401525904,Kansas State,35,497,102,54,209,3.9,24,48,288,6.0,11,23,1,32
2023,13,2023-11-26T01:00:00.000Z,401525904,Iowa State,42,488,35,23,258,11.2,8,12,230,19.2,3,7,2,10
2023,4,2023-09-23T20:00:00.000Z,401525846,Iowa State,34,422,72,34,74,2.2,27,38,348,9.2,6,17,0,20
2023,4,2023-09-23T20:00:00.000Z,401525846,Oklahoma State,27,409,72,24,131,5.5,23,48,278,5.8,5,17,2,18
2023,5,2023-09-30T23:00:00.000Z,401525852,Oklahoma,50,523,80,41,157,3.8,26,39,366,9.4,6,14,1,30
2023,5,2023-09-30T23:00:00.000Z,401525852,Iowa State,20,352,64,27,150,5.6,19,37,202,5.5,4,15,2,16
2023,6,2023-10-08T00:00:00.000Z,401525859,Iowa State,27,353,65,37,215,5.8,16,28,138,4.9,5,15,0,16
2023,6,2023-10-08T00:00:00.000Z,401525859,TCU,14,398,73,37,185,5.0,21,36,213,5.9,7,14,4,23
2023,7,2023-10-14T19:30:00.000Z,401525864,Oklahoma State,39,554,79,38,218,5.7,28,41,336,8.2,6,15,0,27
2023,7,2023-10-14T19:30:00.000Z,401525864,Kansas,32,500,63,29,90,3.1,23,34,410,12.1,7,13,2,19
2023,9,2023-10-28T16:00:00.000Z,401525874,Kansas,38,443,73,41,225,5.5,15,32,218,6.8,4,14,3,25
2023,9,2023-10-28T16:00:00.000Z,401525874,Oklahoma,33,440,74,55,269,4.9,14,19,171,9.0,2,10,3,19
2023,12,2023-11-19T00:00:00.000Z,401525896,Kansas State,31,331,61,37,166,4.5,13,24,165,6.9,8,15,1,20
2023,12,2023-11-19T00:00:00.000Z,401525896,Kansas,27,396,57,41,234,5.7,11,16,162,10.1,5,11,3,19
2023,3,2023-09-17T02:30:00.000Z,401525837,Kansas,31,441,67,40,143,3.6,21,27,298,11.0,7,11,1,24
2023,5,2023-09-30T19:30:00.000Z,401525854,Texas,40,661,86,51,336,6.6,25,35,325,9.3,9,15,1,33
2023,5,2023-09-30T19:30:00.000Z,401525854,Kansas,14,260,46,25,124,5.0,9,21,136,6.5,0,8,1,11
2023,1,2023-09-02T00:00:00.000Z,401525815,Kansas,48,521,66,38,245,6.4,22,28,276,9.9,6,11,1,27
2023,6,2023-10-07T20:00:00.000Z,401525860,Kansas,51,490,63,51,399,7.8,8,12,91,7.6,6,9,0,25
2023,6,2023-10-07T20:00:00.000Z,401525860,UCF,22,371,61,38,202,5.3,15,23,169,7.3,7,12,1,21
2023,11,2023-11-11T17:00:00.000Z,401525888,Kansas,13,344,70,45,207,4.6,10,25,137,5.5,7,15,1,18
2023,11,2023-11-11T17:00:00.000Z,401525888,Texas Tech,16,312,69,44,136,3.1,19,25,176,7.0,4,14,1,21
2023,7,2023-10-14T23:00:00.000Z,401525866,Texas Tech,21,480,79,30,182,6.1,30,49,298,6.1,4,13,3,23
2023,7,2023-10-14T23:00:00.000Z,401525866,Kansas State,38,435,65,47,272,5.8,14,18,163,9.1,4,11,0,24
2023,10,2023-11-04T16:00:00.000Z,401525884,Texas,33,478,74,37,230,6.2,19,37,248,6.7,2,15,3,18
2023,10,2023-11-04T16:00:00.000Z,401525884,Kansas State,30,370,72,28,43,1.5,26,44,327,7.4,2,13,2,20
2023,4,2023-09-24T00:00:00.000Z,401525848,Kansas State,44,536,82,40,281,7.0,27,42,255,6.1,9,15,1,32
2023,4,2023-09-24T00:00:00.000Z,401525848,UCF,31,407,59,34,143,4.2,14,25,264,10.6,5,12,2,19
2023,8,2023-10-21T23:00:00.000Z,401525870,TCU,3,300,65,22,113,5.1,23,43,187,4.3,2,13,1,19
2023,8,2023-10-21T23:00:00.000Z,401525870,Kansas State,41,587,78,52,343,6.6,15,26,244,9.4,10,13,0,29
2023,2,2023-09-09T16:00:00.000Z,401525829,Kansas State,42,397,70,38,147,3.9,21,32,250,7.8,10,15,1,20
2023,1,2023-09-02T23:00:00.000Z,401525821,Kansas State,45,588,71,40,228,5.7,22,31,360,11.6,4,10,1,28
2023,6,2023-10-06T23:30:00.000Z,401525857,Oklahoma State,29,412,76,40,174,4.4,20,36,238,6.6,6,18,0,20
2023,6,2023-10-06T23:30:00.000Z,401525857,Kansas State,21,372,72,38,220,5.8,15,34,152,4.5,6,16,3,18
2023,3,2023-09-16T16:00:00.000Z,401520236,Missouri,30,430,64,28,74,2.6,23,36,356,9.9,3,13,0,20
2023,3,2023-09-16T16:00:00.000Z,401520236,Kansas State,27,408,74,35,138,3.9,25,39,270,6.9,8,17,1,19
2023,13,2023-11-25T17:00:00.000Z,401520432,Louisville,31,403,76,43,161,3.7,24,33,242,7.3,9,17,3,23
2023,13,2023-11-25T17:00:00.000Z,401520432,Kentucky,38,289,47,25,83,3.3,12,22,206,9.4,3,9,1,16
2023,10,2023-11-04T23:30:00.000Z,401520371,Kentucky,24,271,54,29,110,3.8,15,25,161,6.4,4,12,0,13
2023,10,2023-11-04T23:30:00.000Z,401520371,Mississippi State,3,218,66,31,73,2.4,17,35,145,4.1,6,17,1,15
2023,9,2023-10-28T23:00:00.000Z,401520353,Kentucky,27,444,63,24,72,3.0,28,39,372,9.5,5,11,0,24
2023,9,2023-10-28T23:00:00.000Z,401520353,Tennessee,33,481,68,47,253,5.4,18,21,228,10.9,6,13,0,24
2023,1,2023-09-02T16:00:00.000Z,401520159,Kentucky,44,354,51,20,113,5.7,18,31,241,7.8,4,9,1,17
2023,3,2023-09-16T23:30:00.000Z,401520228,Kentucky,35,450,48,22,135,6.1,16,26,315,12.1,5,8,3,18
2023,4,2023-09-23T16:00:00.000Z,401520274,Vanderbilt,28,328,74,27,97,3.6,20,47,231,4.9,6,17,4,20
2023,4,2023-09-23T16:00:00.000Z,401520274,Kentucky,45,365,60,31,160,5.2,15,29,205,7.1,5,11,2,18
2023,12,2023-11-19T00:30:00.000Z,401520418,South Carolina,17,257,60,33,50,1.5,19,27,207,7.7,5,14,0,17
2023,12,2023-11-19T00:30:00.000Z,401520418,Kentucky,14,293,61,27,122,4.5,17,34,171,5.0,6,13,3,17
2023,7,2023-10-14T23:30:00.000Z,401520318,Kentucky,21,299,58,31,179,5.8,14,27,120,4.4,5,13,3,19
2023,7,2023-10-14T23:30:00.000Z,401520318,Missouri,38,324,68,38,118,3.1,20,30,206,6.9,6,14,1,19
2023,2,2023-09-09T19:00:00.000Z,401520196,Kentucky,28,414,61,23,115,5.0,24,38,299,7.9,5,11,1,21
2023,6,2023-10-07T16:00:00.000Z,401520305,Missouri,39,527,68,21,116,5.5,30,47,411,8.7,4,11,2,23
2023,6,2023-10-07T16:00:00.000Z,401520305,LSU,49,533,66,43,274,6.4,15,23,259,11.3,6,12,0,25
2023,13,2023-11-25T17:00:00.000Z,401520433,LSU,42,389,52,28,154,5.5,16,24,235,9.8,5,9,0,21
2023,13,2023-11-25T17:00:00.000Z,401520433,Texas A&M,30,390,76,41,96,2.3,25,35,294,8.4,9,18,1,22
2023,3,2023-09-16T16:00:00.000Z,401520235,Mississippi State,14,201,50,21,94,4.5,12,29,107,3.7,3,13,0,10
2023,3,2023-09-16T16:00:00.000Z,401520235,LSU,41,530,76,39,163,4.2,31,37,367,9.9,9,16,0,26
2023,8,2023-10-21T23:30:00.000Z,401520339,LSU,62,570,60,33,201,6.1,18,27,369,13.7,6,10,0,23
2023,12,2023-11-19T01:00:00.000Z,401520409,LSU,56,582,53,23,169,7.3,25,30,413,13.8,5,6,0,26
2023,2,2023-09-09T23:30:00.000Z,401520199,LSU,72,622,82,48,302,6.3,24,34,320,9.4,11,14,0,34
2023,5,2023-09-30T22:00:00.000Z,401520288,Ole Miss,55,706,88,49,317,6.5,26,39,389,10.0,9,16,0,32
2023,5,2023-09-30T22:00:00.000Z,401520288,LSU,49,637,75,37,223,6.0,27,38,414,10.9,5,10,1,33
2023,2,2023-09-07T23:30:00.000Z,401525469,Louisville,56,690,78,44,344,7.8,25,34,346,10.2,4,11,2,29
2023,10,2023-11-04T19:30:00.000Z,401525543,Virginia Tech,3,140,51,28,68,2.4,13,23,72,3.1,2,11,1,12
2023,10,2023-11-04T19:30:00.000Z,401525543,Louisville,34,382,51,38,231,6.1,12,13,151,11.6,2,8,0,17
2023,11,2023-11-10T00:30:00.000Z,401525546,Louisville,31,423,59,31,180,5.8,19,28,243,8.7,4,11,1,19
2023,11,2023-11-10T00:30:00.000Z,401525546,Virginia,24,434,68,36,120,3.3,20,32,314,9.8,4,15,2,21
2023,7,2023-10-14T22:30:00.000Z,401525525,Louisville,21,430,85,33,80,2.4,29,52,350,6.7,5,13,3,28
2023,7,2023-10-14T22:30:00.000Z,401525525,Pittsburgh,38,288,59,33,88,2.7,12,26,200,7.7,3,13,0,13
2023,12,2023-11-18T17:00:00.000Z,401525558,Miami,31,486,65,26,159,6.1,24,39,327,8.4,6,14,0,21
2023,12,2023-11-18T17:00:00.000Z,401525558,Louisville,38,470,71,34,162,4.8,24,37,308,8.3,5,12,1,26
2023,5,2023-09-29T23:00:00.000Z,401525512,NC State,10,201,56,31,89,2.9,13,25,112,4.5,3,15,3,9
2023,5,2023-09-29T23:00:00.000Z,401525512,Louisville,13,306,64,29,20,0.7,21,35,286,8.2,4,14,3,18
2023,6,2023-10-07T23:37:00.000Z,401525439,Louisville,33,330,64,40,185,4.6,17,24,145,6.0,5,14,1,17
2023,13,2023-11-25T20:30:00.000Z,401520439,Rutgers,24,355,79,45,190,4.2,13,34,165,4.9,8,19,1,20
2023,13,2023-11-25T20:30:00.000Z,401520439,Maryland,42,498,59,28,137,4.9,24,31,361,11.6,4,10,2,24
2023,1,2023-09-02T19:30:00.000Z,401520161,Maryland,38,449,79,36,166,4.6,26,43,283,6.6,7,14,0,30
2023,3,2023-09-15T23:00:00.000Z,401520231,Virginia,14,354,69,30,91,3.0,23,39,263,6.7,7,13,4,25
2023,3,2023-09-15T23:00:00.000Z,401520231,Maryland,42,461,61,31,119,3.8,19,30,342,11.4,7,13,0,20
2023,9,2023-10-28T16:00:00.000Z,401520356,Maryland,27,391,74,27,117,4.3,30,47,274,5.8,6,15,2,25
2023,9,2023-10-28T16:00:00.000Z,401520356,Northwestern,33,364,63,40,99,2.5,16,23,265,11.5,2,10,0,19
2023,10,2023-11-04T19:30:00.000Z,401520367,Penn State,51,404,76,37,158,4.3,26,39,246,6.3,7,15,0,26
2023,10,2023-11-04T19:30:00.000Z,401520367,Maryland,15,234,58,16,-49,-3.1,31,42,283,6.7,4,12,4,16
2023,12,2023-11-18T17:00:00.000Z,401520410,Maryland,24,262,64,33,15,0.5,21,31,247,8.0,5,12,3,17
2023,12,2023-11-18T17:00:00.000Z,401520410,Michigan,31,291,68,45,150,3.3,12,23,141,6.1,4,13,1,20
2023,4,2023-09-23T19:30:00.000Z,401520261,Michigan State,9,376,75,31,102,3.3,26,44,274,6.2,5,13,5,25
2023,4,2023-09-23T19:30:00.000Z,401520261,Maryland,31,362,67,31,139,4.5,21,36,223,6.2,6,15,1,18
2023,2,2023-09-09T23:30:00.000Z,401520200,Maryland,38,530,71,35,243,6.9,25,36,287,8.0,7,15,2,25
2023,11,2023-11-11T17:00:00.000Z,401520392,Nebraska,10,269,61,40,183,4.6,10,21,86,4.1,2,9,5,17
2023,11,2023-11-11T17:00:00.000Z,401520392,Maryland,13,384,66,26,101,3.9,27,40,283,7.1,6,13,3,19
2023,6,2023-10-07T16:00:00.000Z,401520307,Maryland,17,302,76,35,106,3.0,21,41,196,4.8,8,19,2,20
2023,6,2023-10-07T16:00:00.000Z,401520307,Ohio State,37,382,62,33,62,1.9,19,29,320,11.0,3,12,0,19
2023,3,2023-09-14T23:30:00.000Z,401525499,Miami,48,589,70,36,240,6.7,28,34,349,10.3,7,9,1,32
2023,2,2023-09-09T19:30:00.000Z,401520201,Texas A&M,33,433,82,29,97,3.3,31,53,336,6.3,8,18,3,25
2023,2,2023-09-09T19:30:00.000Z,401520201,Miami,48,451,54,24,77,3.2,21,30,374,12.5,3,9,1,16
2023,1,2023-09-01T23:00:00.000Z,401525463,Miami,38,493,61,36,250,6.9,20,25,243,9.7,3,7,1,26
2023,7,2023-10-14T23:30:00.000Z,401525526,North Carolina,41,508,76,43,235,5.5,17,33,273,8.3,6,16,0,23
2023,7,2023-10-14T23:30:00.000Z,401525526,Miami,31,482,76,27,91,3.4,31,49,391,8.0,3,11,4,28
2023,10,2023-11-05T00:00:00.000Z,401525544,NC State,20,231,48,27,108,4.0,11,21,123,5.9,3,11,2,12
2023,10,2023-11-05T00:00:00.000Z,401525544,Miami,6,292,70,32,119,3.7,21,38,173,4.6,4,15,4,19
2023,4,2023-09-23T19:30:00.000Z,401525509,Miami,41,543,67,42,323,7.7,17,25,220,8.8,5,11,0,24
2023,9,2023-10-28T19:30:00.000Z,401525538,Virginia,26,377,83,45,138,3.1,24,38,239,6.3,8,19,1,24
2023,9,2023-10-28T19:30:00.000Z,401525538,Miami,29,276,56,26,113,4.3,20,30,163,5.4,5,13,2,16
2023,1,2023-09-02T16:00:00.000Z,401520162,Michigan,30,402,62,31,122,3.9,26,31,280,9.0,6,10,0,26
2023,2,2023-09-09T19:30:00.000Z,401520202,Michigan,35,492,61,33,179,5.4,23,28,313,11.2,7,12,1,23
2023,3,2023-09-16T23:30:00.000Z,401520232,Michigan,31,312,44,31,169,5.5,8,13,143,11.0,1,5,4,15
2023,13,2023-11-25T17:00:00.000Z,401520434,Michigan,30,338,60,39,156,4.0,17,21,182,8.7,3,12,0,18
2023,13,2023-11-25T17:00:00.000Z,401520434,Ohio State,24,378,58,28,107,3.8,18,30,271,9.0,4,9,2,21
2023,11,2023-11-11T17:00:00.000Z,401520394,Penn State,15,238,58,35,164,4.7,11,23,74,3.2,4,14,1,17
2023,11,2023-11-11T17:00:00.000Z,401520394,Michigan,24,287,54,46,227,4.9,7,8,60,7.5,6,13,0,15
2023,8,2023-10-21T23:30:00.000Z,401520340,Michigan State,0,182,58,29,49,1.7,16,29,133,4.6,6,16,2,10
2023,8,2023-10-21T23:30:00.000Z,401520340,Michigan,49,477,69,34,120,3.5,28,35,357,10.2,7,11,0,28
2023,4,2023-09-23T16:00:00.000Z,401520260,Michigan,31,415,61,40,201,5.0,15,21,214,10.2,8,13,0,20
2023,4,2023-09-23T16:00:00.000Z,401520260,Rutgers,7,257,44,23,77,3.3,11,21,180,8.6,3,10,1,10
2023,10,2023-11-04T23:30:00.000Z,401520368,Michigan,41,445,71,34,110,3.2,24,37,335,9.1,7,14,1,22
2023,10,2023-11-04T23:30:00.000Z,401520368,Purdue,13,269,57,29,125,4.3,12,28,144,5.1,1,14,1,10
2023,5,2023-09-30T19:30:00.000Z,401520286,Nebraska,7,305,46,21,106,5.0,14,25,199,8.0,3,10,1,10
2023,5,2023-09-30T19:30:00.000Z,401520286,Michigan,45,436,74,51,249,4.9,16,23,187,8.1,8,13,0,26
2023,6,2023-10-07T23:30:00.000Z,401520303,Michigan,52,432,56,33,191,5.8,16,23,241,10.5,5,10,0,18
2023,6,2023-10-07T23:30:00.000Z,401520303,Minnesota,10,169,55,39,117,3.0,5,16,52,3.3,3,14,2,10
2023,10,2023-11-04T16:00:00.000Z,401520369,Michigan State,20,295,55,31,63,2.0,15,24,232,9.7,3,14,0,11
2023,10,2023-11-04T16:00:00.000Z,401520369,Nebraska,17,277,69,41,148,3.6,12,28,129,4.6,5,15,3,19
2023,9,2023-10-28T19:30:00.000Z,401520354,Minnesota,27,400,72,50,200,4.0,14,22,200,9.1,6,13,3,24
2023,9,2023-10-28T19:30:00.000Z,401520354,Michigan State,12,299,55,21,109,5.2,20,34,190,5.6,4,13,2,15
2023,13,2023-11-25T00:30:00.000Z,401520435,Michigan State,0,53,47,27,-35,-1.3,12,20,88,4.4,2,13,1,5
2023,13,2023-11-25T00:30:00.000Z,401520435,Penn State,42,586,67,39,283,7.3,19,28,303,10.8,4,11,0,23
2023,7,2023-10-14T16:00:00.000Z,401520324,Rutgers,27,295,65,37,114,3.1,13,28,181,6.5,4,12,3,20
2023,7,2023-10-14T16:00:00.000Z,401520324,Michigan State,24,245,70,41,112,2.7,18,29,133,4.6,4,12,3,23
2023,2,2023-09-09T19:30:00.000Z,401520203,Michigan State,45,465,61,38,162,4.3,19,23,303,13.2,5,9,2,21
2023,11,2023-11-12T00:30:00.000Z,401520393,Ohio State,38,530,66,32,177,5.5,26,34,353,10.4,5,11,0,25
2023,11,2023-11-12T00:30:00.000Z,401520393,Michigan State,3,182,54,29,94,3.2,13,25,88,3.5,2,14,0,11
2023,1,2023-09-01T23:00:00.000Z,401520163,Michigan State,31,406,64,31,127,4.1,18,33,279,8.5,5,13,0,20
2023,3,2023-09-16T21:00:00.000Z,401520233,Washington,41,713,72,33,177,5.4,29,39,536,13.7,3,10,1,28
2023,3,2023-09-16T21:00:00.000Z,401520233,Michigan State,7,261,62,27,53,2.0,14,35,208,5.9,6,16,1,15
2023,3,2023-09-16T19:30:00.000Z,401520239,North Carolina,31,519,77,37,105,2.8,29,40,414,10.4,12,17,2,26
2023,3,2023-09-16T19:30:00.000Z,401520239,Minnesota,13,303,61,31,170,5.5,11,30,133,4.4,3,12,2,19
2023,1,2023-09-01T00:00:00.000Z,401520148,Nebraska,10,295,56,37,181,4.9,11,19,114,6.0,5,11,4,18
2023,1,2023-09-01T00:00:00.000Z,401520148,Minnesota,13,251,69,25,55,2.2,24,44,196,4.5,8,17,1,20
2023,4,2023-09-23T23:30:00.000Z,401520264,Minnesota,34,397,61,42,244,5.8,14,19,153,8.1,3,13,0,15
2023,4,2023-09-23T23:30:00.000Z,401520264,Northwestern,37,492,80,29,92,3.2,34,51,400,7.8,8,17,1,25
2023,13,2023-11-25T20:30:00.000Z,401520436,Minnesota,14,286,59,31,119,3.8,16,28,167,6.0,5,13,2,17
2023,13,2023-11-25T20:30:00.000Z,401520436,Wisconsin,28,412,66,44,267,6.1,14,22,145,6.6,7,14,1,21
2023,5,2023-09-30T16:00:00.000Z,401520284,Minnesota,35,347,65,51,201,3.9,12,14,146,10.4,7,13,1,26
2023,11,2023-11-11T20:30:00.000Z,401520395,Purdue,49,604,69,44,353,8.0,17,25,251,10.0,4,10,0,25
2023,11,2023-11-11T20:30:00.000Z,401520395,Minnesota,30,407,69,27,115,4.3,18,42,292,7.0,4,14,0,21
2023,2,2023-09-09T23:30:00.000Z,401520204,Minnesota,25,413,71,56,296,5.3,10,15,117,7.8,8,13,2,28
2023,12,2023-11-18T21:00:00.000Z,401520415,Ohio State,37,434,67,35,215,6.1,22,32,219,6.8,10,16,0,23
2023,12,2023-11-18T21:00:00.000Z,401520415,Minnesota,3,159,48,29,70,2.4,11,19,89,4.7,3,12,2,10
2023,13,2023-11-24T00:30:00.000Z,401520424,Mississippi State,7,303,67,28,96,3.4,25,39,207,5.3,4,16,0,16
2023,13,2023-11-24T00:30:00.000Z,401520424,Ole Miss,17,307,75,49,211,4.3,14,26,96,3.7,4,16,0,22
2023,11,2023-11-12T00:30:00.000Z,401520397,Texas A&M,51,396,66,45,246,5.5,11,21,150,7.1,4,11,0,24
2023,11,2023-11-12T00:30:00.000Z,401520397,Mississippi State,10,237,57,36,133,3.7,10,21,104,5.0,3,13,4,12
2023,1,2023-09-02T20:00:00.000Z,401520164,Mississippi State,48,525,68,39,298,7.6,20,29,227,7.8,5,11,0,23
2023,4,2023-09-23T23:30:00.000Z,401520267,South Carolina,37,432,67,47,144,3.1,18,20,288,14.4,5,13,1,19
2023,4,2023-09-23T23:30:00.000Z,401520267,Mississippi State,30,519,71,23,32,1.4,30,48,487,10.1,5,14,2,20
2023,12,2023-11-18T17:00:00.000Z,401520412,Mississippi State,41,382,72,45,238,5.3,12,27,144,5.3,6,16,0,18
2023,6,2023-10-07T16:00:00.000Z,401520304,Mississippi State,41,440,65,33,194,5.9,23,32,246,7.7,6,13,1,25
2023,5,2023-09-30T20:00:00.000Z,401520293,Vanderbilt,21,300,51,20,41,2.1,20,31,259,8.4,2,10,1,15
2023,5,2023-09-30T20:00:00.000Z,401520293,Missouri,38,532,75,34,137,4.0,33,41,395,9.6,6,12,1,28
2023,1,2023-09-01T00:00:00.000Z,401520165,Missouri,35,437,66,40,211,5.3,20,26,226,8.7,6,10,1,22
2023,2,2023-09-09T23:00:00.000Z,401520206,Missouri,23,316,65,46,112,2.4,14,19,204,10.7,7,13,0,21
2023,4,2023-09-23T23:30:00.000Z,401520259,Missouri,34,542,61,36,201,5.6,18,25,341,13.6,0,8,1,22
2023,8,2023-10-21T19:30:00.000Z,401520341,South Carolina,12,286,69,29,69,2.4,23,40,217,5.4,3,14,1,20
2023,8,2023-10-21T19:30:00.000Z,401520341,Missouri,34,418,65,41,220,5.4,14,24,198,8.3,7,13,0,22
2023,11,2023-11-11T20:30:00.000Z,401520391,Missouri,36,530,75,51,255,5.0,18,24,275,11.5,11,17,1,26
2023,11,2023-11-11T20:30:00.000Z,401520391,Tennessee,7,350,57,23,83,3.6,22,34,267,7.9,5,13,3,15
2023,2,2023-09-09T16:00:00.000Z,401525436,NC State,24,344,78,30,84,2.8,22,48,260,5.4,8,19,3,20
2023,1,2023-08-31T23:30:00.000Z,401520174,NC State,24,364,72,46,209,4.5,17,26,155,6.0,8,15,0,23
2023,6,2023-10-07T18:00:00.000Z,401525521,NC State,48,401,66,34,136,4.0,17,32,265,8.3,3,12,3,16
2023,11,2023-11-11T19:00:00.000Z,401525551,NC State,26,379,67,50,268,5.4,12,17,111,6.5,5,14,1,19
2023,11,2023-11-11T19:00:00.000Z,401525551,Wake Forest,6,163,47,18,7,0.4,16,29,156,5.4,1,12,2,8
2023,12,2023-11-18T20:30:00.000Z,401525559,Virginia Tech,28,349,46,16,124,7.8,17,30,225,7.5,1,7,1,17
2023,12,2023-11-18T20:30:00.000Z,401525559,NC State,35,408,74,47,188,4.0,19,27,220,8.1,7,15,0,24
2023,3,2023-09-16T18:00:00.000Z,401525502,NC State,45,498,77,45,234,5.2,27,32,264,8.3,10,14,0,26
2023,4,2023-09-22T23:30:00.000Z,401525505,NC State,24,319,67,36,139,3.9,15,31,180,5.8,6,14,1,21
2023,4,2023-09-22T23:30:00.000Z,401525505,Virginia,21,384,71,41,113,2.8,18,30,271,9.0,5,14,2,20
2023,13,2023-11-26T01:00:00.000Z,401525562,NC State,39,504,74,43,170,4.0,22,31,334,10.8,8,16,0,27
2023,13,2023-11-26T01:00:00.000Z,401525562,North Carolina,20,384,59,21,130,6.2,22,38,254,6.7,5,12,3,21
2023,12,2023-11-19T00:30:00.000Z,401520422,Nebraska,17,364,64,40,195,4.9,15,24,169,7.0,5,13,1,19
2023,12,2023-11-19T00:30:00.000Z,401520422,Wisconsin,24,316,68,40,156,3.9,18,28,160,5.7,7,15,0,19
2023,3,2023-09-16T23:00:00.000Z,401520237,Nebraska,35,382,68,44,224,5.1,14,24,158,6.6,8,14,1,23
2023,8,2023-10-21T19:30:00.000Z,401520342,Northwestern,9,257,62,39,81,2.1,12,23,176,7.7,3,15,1,12
2023,8,2023-10-21T19:30:00.000Z,401520342,Nebraska,17,248,56,39,163,4.2,8,17,85,5.0,4,12,2,14
2023,9,2023-10-28T19:30:00.000Z,401520355,Purdue,14,195,62,29,96,3.3,17,33,99,3.0,5,16,3,10
2023,9,2023-10-28T19:30:00.000Z,401520355,Nebraska,31,277,59,48,155,3.2,6,11,122,11.1,7,14,4,14
2023,4,2023-09-23T19:30:00.000Z,401520263,Nebraska,28,419,66,48,312,6.5,8,18,107,5.9,3,11,0,20
2023,8,2023-10-21T22:30:00.000Z,401525531,North Carolina,27,490,77,29,143,4.9,24,48,347,7.2,4,13,1,26
2023,8,2023-10-21T22:30:00.000Z,401525531,Virginia,31,436,84,54,228,4.2,20,30,208,6.9,8,18,2,26
2023,10,2023-11-04T16:00:00.000Z,401525545,North Carolina,59,594,61,33,276,8.4,21,28,318,11.4,4,9,0,26
2023,6,2023-10-07T19:30:00.000Z,401525520,North Carolina,40,644,97,48,202,4.2,33,49,442,9.0,10,19,1,33
2023,6,2023-10-07T19:30:00.000Z,401525520,Syracuse,7,221,51,28,92,3.3,16,23,129,5.6,4,11,2,11
2023,2,2023-09-09T21:15:00.000Z,401525495,North Carolina,40,527,75,45,319,7.1,21,30,208,6.9,8,13,0,27
2023,1,2023-09-02T23:30:00.000Z,401520167,North Carolina,31,437,71,39,168,4.3,24,32,269,8.4,8,13,2,21
2023,1,2023-09-02T23:30:00.000Z,401520167,South Carolina,17,351,70,31,-2,-0.1,30,39,353,9.1,4,14,0,20
2023,4,2023-09-24T00:00:00.000Z,401525510,Pittsburgh,24,307,61,28,113,4.0,18,33,194,5.9,4,11,3,18
2023,4,2023-09-24T00:00:00.000Z,401525510,North Carolina,41,373,69,39,77,2.0,22,30,296,9.9,5,14,0,22
2023,5,2023-09-30T16:00:00.000Z,401520287,Northwestern,13,175,63,32,45,1.4,16,31,130,4.2,5,16,1,12
2023,5,2023-09-30T16:00:00.000Z,401520287,Penn State,41,353,73,39,134,3.4,19,34,219,6.4,8,17,1,19
2023,2,2023-09-09T19:30:00.000Z,401520207,Northwestern,38,391,59,39,184,4.7,13,20,207,10.4,6,11,0,17
2023,11,2023-11-11T20:30:00.000Z,401520398,Wisconsin,10,341,69,24,86,3.6,31,45,255,5.7,9,17,1,17
2023,11,2023-11-11T20:30:00.000Z,401520398,Northwestern,24,324,64,38,129,3.4,18,26,195,7.5,11,17,0,18
2023,12,2023-11-18T17:00:00.000Z,401520414,Northwestern,23,329,59,34,99,2.9,13,25,230,9.2,5,15,1,12
2023,12,2023-11-18T17:00:00.000Z,401520414,Purdue,15,443,77,54,303,5.6,17,23,140,6.1,6,16,4,21
2023,6,2023-10-07T19:00:00.000Z,401520306,Northwestern,23,312,64,46,181,3.9,13,18,131,7.3,7,13,0,21
2023,1,2023-09-03T16:00:00.000Z,401520171,Rutgers,24,285,73,44,122,2.8,17,29,163,5.6,8,18,1,20
2023,1,2023-09-03T16:00:00.000Z,401520171,Northwestern,7,201,63,22,12,0.5,24,41,189,4.6,5,15,2,13
2023,9,2023-10-28T23:30:00.000Z,401520360,Wisconsin,10,259,64,25,94,3.8,18,39,165,4.2,6,16,1,14
2023,9,2023-10-28T23:30:00.000Z,401520360,Ohio State,24,407,69,43,181,4.2,17,26,226,8.7,6,13,3,23
2023,10,2023-11-04T16:00:00.000Z,401520375,Ohio State,35,328,55,29,139,4.8,19,26,189,7.3,6,12,1,15
2023,10,2023-11-04T16:00:00.000Z,401520375,Rutgers,16,361,68,43,232,5.4,10,25,129,5.2,4,13,1,22
2023,4,2023-09-23T23:30:00.000Z,401521330,Ohio State,17,366,65,27,126,4.7,21,38,240,6.3,10,17,0,19
2023,2,2023-09-09T16:00:00.000Z,401520208,Ohio State,35,482,60,27,123,4.6,21,33,359,10.9,5,12,0,23
2023,3,2023-09-16T20:00:00.000Z,401520240,Ohio State,63,562,60,33,204,6.2,22,27,358,13.3,5,10,2,24
2023,7,2023-10-14T16:00:00.000Z,401520323,Ohio State,41,486,69,39,152,3.9,17,30,334,11.1,8,13,2,24
2023,7,2023-10-14T16:00:00.000Z,401520323,Purdue,7,257,70,35,123,3.5,14,35,134,3.8,3,17,0,15
2023,8,2023-10-21T16:00:00.000Z,401520343,Ohio State,20,365,76,41,79,1.9,22,35,286,8.2,6,16,1,22
2023,8,2023-10-21T16:00:00.000Z,401520343,Penn State,12,240,68,26,49,1.9,18,42,191,4.5,1,16,0,15
2023,2,2023-09-09T22:00:00.000Z,401525830,Oklahoma,28,365,74,47,189,4.0,19,27,176,6.5,7,15,0,22
2023,2,2023-09-09T22:00:00.000Z,401525830,SMU,11,367,79,34,117,3.4,26,45,250,5.6,4,16,2,21
2023,8,2023-10-21T16:00:00.000Z,401525871,Oklahoma,31,442,84,46,189,4.1,25,38,253,6.7,7,16,1,30
2023,8,2023-10-21T16:00:00.000Z,401525871,UCF,29,397,71,41,149,3.6,16,30,248,8.3,4,16,0,20
2023,10,2023-11-04T19:30:00.000Z,401525883,Oklahoma State,27,480,81,38,146,3.8,28,43,334,7.8,5,15,1,27
2023,10,2023-11-04T19:30:00.000Z,401525883,Oklahoma,24,492,64,27,148,5.5,26,37,344,9.3,5,12,3,21
2023,3,2023-09-16T19:30:00.000Z,401525842,Oklahoma,66,595,63,28,119,4.3,30,35,476,13.6,7,9,2,27
2023,13,2023-11-24T17:00:00.000Z,401525900,Oklahoma,69,607,79,41,207,5.0,24,38,400,10.5,8,14,2,30
2023,13,2023-11-24T17:00:00.000Z,401525900,TCU,45,520,87,29,176,6.1,32,58,344,5.9,7,16,1,25
2023,1,2023-09-02T16:00:00.000Z,401525822,Oklahoma,73,642,82,49,220,4.5,30,33,422,12.8,11,14,0,36
2023,11,2023-11-12T00:00:00.000Z,401525890,Oklahoma,59,644,78,42,221,5.3,23,36,423,11.8,8,14,1,25
2023,11,2023-11-12T00:00:00.000Z,401525890,West Virginia,20,330,72,41,176,4.3,10,31,154,5.0,4,16,2,17
2023,6,2023-10-07T16:00:00.000Z,401525861,Texas,30,527,78,40,156,3.9,32,38,371,9.8,5,14,3,25
2023,6,2023-10-07T16:00:00.000Z,401525861,Oklahoma,34,486,81,43,201,4.7,23,38,285,7.5,5,14,0,28
2023,8,2023-10-21T19:30:00.000Z,401525872,Oklahoma State,48,491,69,33,281,8.5,24,36,210,5.8,8,14,3,21
2023,8,2023-10-21T19:30:00.000Z,401525872,West Virginia,34,475,74,44,226,5.1,15,30,249,8.3,8,15,2,24
2023,1,2023-09-02T23:00:00.000Z,401525823,Oklahoma State,27,453,79,31,149,4.8,30,48,304,6.3,6,15,1,24
2023,11,2023-11-11T20:30:00.000Z,401525892,Oklahoma State,3,277,64,25,52,2.1,19,39,225,5.8,2,12,4,15
2023,11,2023-11-11T20:30:00.000Z,401525892,UCF,45,592,70,51,293,5.7,12,19,299,15.7,6,12,1,21
2023,3,2023-09-16T23:00:00.000Z,401525839,Oklahoma State,7,208,64,29,94,3.2,16,35,114,3.3,4,15,2,14
2023,14,2023-12-02T17:00:00.000Z,401539479,Texas,49,662,87,40,198,5.0,36,47,464,9.9,10,16,1,33
2023,14,2023-12-02T17:00:00.000Z,401539479,Oklahoma State,21,281,56,18,31,1.7,22,38,250,6.6,3,10,2,13
2023,10,2023-11-04T16:00:00.000Z,401520374,Texas A&M,35,457,78,36,152,4.2,31,42,305,7.3,5,11,1,30
2023,10,2023-11-04T16:00:00.000Z,401520374,Ole Miss,38,518,66,33,131,4.0,24,33,387,11.7,4,11,0,26
2023,1,2023-09-02T18:00:00.000Z,401520168,Ole Miss,73,667,74,33,143,4.3,29,41,524,12.8,8,11,1,32
2023,12,2023-11-18T17:00:00.000Z,401520416,Ole Miss,35,498,73,37,127,3.4,28,36,371,10.3,7,14,0,27
2023,2,2023-09-09T19:30:00.000Z,401520214,Ole Miss,37,363,63,35,89,2.5,18,28,274,9.8,1,13,1,18
2023,9,2023-10-28T23:30:00.000Z,401520357,Ole Miss,33,431,69,40,177,4.4,20,29,254,8.8,5,13,1,22
2023,9,2023-10-28T23:30:00.000Z,401520357,Vanderbilt,7,229,64,44,169,3.8,8,20,60,3.0,3,15,2,13
2023,8,2023-10-21T19:30:00.000Z,401524035,Oregon,38,541,57,32,248,7.8,18,25,293,11.7,5,10,0,20
2023,9,2023-10-28T19:30:00.000Z,401524044,Oregon,35,390,58,27,142,5.3,24,31,248,8.0,5,10,1,18
2023,9,2023-10-28T19:30:00.000Z,401524044,Utah,6,241,66,36,99,2.8,16,30,142,4.7,5,15,2,13
2023,5,2023-09-30T22:30:00.000Z,401524024,Stanford,6,222,70,46,89,1.9,14,24,133,5.5,6,18,0,16
2023,5,2023-09-30T22:30:00.000Z,401524024,Oregon,42,506,61,28,208,7.4,28,33,298,9.0,6,9,0,26
2023,13,2023-11-25T01:30:00.000Z,401524063,Oregon,31,480,68,28,113,4.0,33,40,367,9.2,5,11,0,28
2023,3,2023-09-17T00:00:00.000Z,401524008,Oregon,55,560,64,30,227,7.6,26,34,333,9.8,6,11,0,25
2023,1,2023-09-02T19:00:00.000Z,401523992,Oregon,81,729,72,34,348,10.2,33,38,381,10.0,3,7,0,37
2023,7,2023-10-14T19:30:00.000Z,401524034,Washington,36,415,61,23,99,4.3,23,38,316,8.3,5,11,1,24
2023,7,2023-10-14T19:30:00.000Z,401524034,Oregon,33,541,84,40,204,5.1,33,44,337,7.7,10,16,0,31
2023,14,2023-12-02T01:00:00.000Z,401539475,Oregon,31,363,54,20,124,6.2,21,34,239,7.0,3,10,1,17
2023,14,2023-12-02T01:00:00.000Z,401539475,Washington,34,481,78,37,157,4.2,29,41,324,7.9,10,15,1,26
2023,2,2023-09-09T23:00:00.000Z,401524002,Oregon,38,472,75,31,113,3.6,32,44,359,8.2,10,18,0,21
2023,2,2023-09-09T23:00:00.000Z,401524002,Texas Tech,30,456,70,32,174,5.4,24,38,282,7.4,7,12,4,27
2023,11,2023-11-12T03:30:00.000Z,401524053,Oregon,36,552,63,31,140,4.5,23,32,412,12.9,4,9,0,25
2023,11,2023-11-12T03:30:00.000Z,401524053,USC,27,379,60,25,73,2.9,20,35,306,8.7,6,12,1,21
2023,1,2023-09-02T23:30:00.000Z,401520169,Penn State,38,478,65,35,146,4.2,22,30,332,11.1,3,9,0,27
2023,1,2023-09-02T23:30:00.000Z,401520169,West Virginia,15,308,67,40,146,3.7,16,27,162,6.0,4,14,0,17
2023,7,2023-10-14T19:30:00.000Z,401520322,Penn State,63,408,60,37,246,6.6,16,23,162,7.0,7,9,2,28
2023,2,2023-09-09T16:00:00.000Z,401520209,Penn State,63,541,91,60,315,5.3,25,31,226,7.3,8,14,0,34
2023,12,2023-11-18T17:00:00.000Z,401520417,Penn State,27,322,53,39,234,6.0,7,14,88,6.3,4,9,1,16
2023,12,2023-11-18T17:00:00.000Z,401520417,Rutgers,6,229,58,42,99,2.4,10,16,130,8.1,4,13,3,13
2023,8,2023-10-21T19:30:00.000Z,401525532,Wake Forest,21,323,62,41,172,4.2,12,21,151,7.2,4,14,2,18
2023,8,2023-10-21T19:30:00.000Z,401525532,Pittsburgh,17,414,77,32,112,3.5,28,45,302,6.7,9,20,0,20
2023,1,2023-09-02T19:30:00.000Z,401525465,Pittsburgh,45,491,77,45,217,4.8,22,32,274,8.6,8,14,0,30
2023,9,2023-10-28T19:30:00.000Z,401525440,Pittsburgh,7,255,51,19,53,2.8,16,32,202,6.3,1,11,5,11
2023,3,2023-09-16T23:30:00.000Z,401525503,West Virginia,17,211,62,51,151,3.0,6,11,60,5.5,4,12,1,14
2023,3,2023-09-16T23:30:00.000Z,401525503,Pittsburgh,6,211,56,36,130,3.6,8,20,81,4.1,4,13,3,12
2023,5,2023-10-01T00:00:00.000Z,401525516,Virginia Tech,38,427,78,59,199,3.4,12,19,228,12.0,8,16,1,25
2023,5,2023-10-01T00:00:00.000Z,401525516,Pittsburgh,21,273,46,24,38,1.6,11,22,235,10.7,2,10,1,9
2023,11,2023-11-11T20:30:00.000Z,401525552,Syracuse,28,399,74,66,382,5.8,4,8,17,2.1,6,15,1,21
2023,11,2023-11-11T20:30:00.000Z,401525552,Pittsburgh,13,269,49,21,60,2.9,16,28,209,7.5,3,10,4,11
2023,3,2023-09-16T23:30:00.000Z,401520242,Purdue,20,403,78,32,80,2.5,32,46,323,7.0,7,14,4,29
2023,3,2023-09-16T23:30:00.000Z,401520242,Syracuse,35,455,72,44,271,6.2,14,28,184,6.6,7,12,1,27
2023,4,2023-09-22T23:00:00.000Z,401520266,Purdue,17,396,69,31,194,6.3,21,38,202,5.3,6,13,3,23
2023,4,2023-09-22T23:00:00.000Z,401520266,Wisconsin,38,388,71,43,195,4.5,18,28,193,6.9,12,18,1,20
2023,2,2023-09-09T16:00:00.000Z,401520215,Virginia Tech,17,286,62,22,11,0.5,18,40,275,6.9,2,12,2,19
2023,2,2023-09-09T16:00:00.000Z,401520215,Purdue,24,427,80,46,179,3.9,23,34,248,7.3,7,17,0,22
2023,1,2023-09-02T16:00:00.000Z,401520170,Purdue,35,363,60,30,109,3.6,17,30,254,8.5,3,12,0,19
2023,5,2023-09-30T19:30:00.000Z,401520290,Rutgers,52,437,73,52,268,5.2,14,21,169,8.0,4,10,0,28
2023,6,2023-10-07T16:00:00.000Z,401520311,Rutgers,13,275,60,22,64,2.9,18,38,211,5.6,2,12,1,16
2023,6,2023-10-07T16:00:00.000Z,401520311,Wisconsin,24,358,77,46,213,4.6,17,31,145,4.7,9,17,2,23
2023,3,2023-09-16T19:30:00.000Z,401520243,Rutgers,35,302,50,34,256,7.5,7,16,46,2.9,6,13,0,14
2023,3,2023-09-16T19:30:00.000Z,401520243,Virginia Tech,16,319,71,39,129,3.3,19,32,190,5.9,5,15,2,18
2023,2,2023-09-09T23:30:00.000Z,401520210,Rutgers,36,452,73,52,254,4.9,10,21,198,9.4,8,15,1,20
2023,9,2023-10-28T16:00:00.000Z,401531342,SMU,69,638,68,39,192,4.9,22,29,446,15.4,4,10,0,26
2023,11,2023-11-11T02:00:00.000Z,401531437,SMU,45,552,78,58,318,5.5,11,20,234,11.7,5,11,1,28
2023,7,2023-10-12T23:30:00.000Z,401531415,SMU,31,334,61,23,58,2.5,19,38,276,7.3,4,15,0,14
2023,3,2023-09-16T23:00:00.000Z,401531438,SMU,69,566,65,39,177,4.5,20,26,389,15.0,5,7,1,28
2023,12,2023-11-18T17:00:00.000Z,401531431,SMU,38,444,65,42,158,3.8,15,23,286,12.4,4,10,0,23
2023,13,2023-11-25T17:00:00.000Z,401531435,SMU,59,487,63,34,118,3.5,18,29,369,12.7,5,13,1,20
2023,1,2023-09-02T16:00:00.000Z,401520172,SMU,38,457,79,41,209,5.1,23,38,248,6.5,7,19,0,24
2023,14,2023-12-02T21:00:00.000Z,401539477,SMU,26,396,78,45,193,4.3,19,33,203,6.2,6,16,3,21
2023,4,2023-09-23T16:00:00.000Z,401525849,TCU,34,457,77,44,192,4.4,24,33,265,8.0,6,15,0,25
2023,4,2023-09-23T16:00:00.000Z,401525849,SMU,17,416,74,39,158,4.1,16,35,258,7.4,5,15,2,21
2023,5,2023-09-30T23:30:00.000Z,401531404,SMU,34,363,61,38,228,6.0,14,23,135,5.9,8,14,1,20
2023,8,2023-10-20T23:00:00.000Z,401531391,SMU,55,563,91,48,205,4.3,28,43,358,8.3,10,15,1,35
2023,10,2023-11-04T23:30:00.000Z,401531440,SMU,36,477,80,45,223,5.0,19,35,254,7.3,8,17,1,26
2023,10,2023-11-04T16:00:00.000Z,401520376,South Carolina,38,488,77,38,89,2.3,27,39,399,10.2,4,14,1,20
2023,2,2023-09-09T23:30:00.000Z,401520212,South Carolina,47,571,77,39,108,2.8,32,38,463,12.2,9,15,1,25
2023,9,2023-10-28T16:00:00.000Z,401520359,Texas A&M,30,354,70,40,105,2.6,20,30,249,8.3,7,19,0,19
2023,9,2023-10-28T16:00:00.000Z,401520359,South Carolina,17,209,61,28,33,1.2,20,33,176,5.3,5,16,1,12
2023,5,2023-09-30T23:30:00.000Z,401520291,Tennessee,41,477,72,40,238,6.0,21,32,239,7.5,7,15,2,24
2023,5,2023-09-30T23:30:00.000Z,401520291,South Carolina,20,333,63,27,132,4.9,25,36,201,5.6,2,15,1,11
2023,11,2023-11-11T17:00:00.000Z,401520396,Vanderbilt,6,234,70,42,130,3.1,13,28,104,3.7,6,16,2,17
2023,11,2023-11-11T17:00:00.000Z,401520396,South Carolina,47,487,60,24,136,5.7,28,36,351,9.8,5,10,1,21
2023,13,2023-11-26T00:00:00.000Z,401524065,Stanford,23,359,73,31,143,4.6,21,42,216,5.1,5,16,2,19
2023,11,2023-11-11T22:30:00.000Z,401524054,Stanford,17,324,64,32,82,2.6,14,32,242,7.6,3,13,4,18
2023,2,2023-09-10T02:30:00.000Z,401524003,Stanford,10,349,66,41,209,5.1,10,25,140,5.6,4,13,3,20
2023,2,2023-09-10T02:30:00.000Z,401524003,USC,56,573,64,28,180,6.4,30,36,393,10.9,4,9,0,27
2023,8,2023-10-22T02:30:00.000Z,401524036,Stanford,7,292,62,17,24,1.4,27,45,268,6.0,1,11,2,15
2023,8,2023-10-22T02:30:00.000Z,401524036,UCLA,42,503,88,54,221,4.1,25,34,282,8.3,10,18,0,32
2023,1,2023-09-02T03:00:00.000Z,401523988,Stanford,37,406,70,34,158,4.6,25,36,248,6.9,6,14,0,24
2023,9,2023-10-28T23:00:00.000Z,401524042,Stanford,33,495,86,35,128,3.7,31,51,367,7.2,5,16,0,26
2023,9,2023-10-28T23:00:00.000Z,401524042,Washington,42,460,65,27,91,3.4,21,38,369,9.7,6,13,2,23
2023,3,2023-09-17T00:00:00.000Z,401524010,Stanford,23,387,66,42,180,4.3,11,24,207,8.6,7,14,2,18
2023,10,2023-11-05T01:00:00.000Z,401524050,Stanford,10,217,70,38,75,2.0,16,32,142,4.4,6,18,1,18
2023,1,2023-09-02T20:00:00.000Z,401525466,Syracuse,65,677,89,52,271,5.2,28,37,406,11.0,9,16,3,34
2023,9,2023-10-26T23:30:00.000Z,401525533,Virginia Tech,38,528,79,53,318,6.0,16,26,210,8.1,8,16,0,28
2023,9,2023-10-26T23:30:00.000Z,401525533,Syracuse,10,137,43,25,0,0.0,12,18,137,7.6,0,9,0,9
2023,2,2023-09-09T19:30:00.000Z,401525497,Syracuse,48,496,76,37,153,4.1,24,39,343,8.8,8,15,0,26
2023,13,2023-11-25T19:00:00.000Z,401525563,Syracuse,35,468,75,58,244,4.2,12,17,224,13.2,12,17,1,24
2023,13,2023-11-25T19:00:00.000Z,401525563,Wake Forest,31,382,53,29,121,4.2,17,24,261,10.9,4,10,1,23
2023,4,2023-09-23T16:00:00.000Z,401520268,Syracuse,29,403,63,37,158,4.3,21,26,245,9.4,3,11,1,20
2023,10,2023-11-02T23:00:00.000Z,401525879,Texas Tech,35,428,78,42,146,3.5,28,36,282,7.8,7,18,0,22
2023,10,2023-11-02T23:00:00.000Z,401525879,TCU,28,440,78,26,87,3.3,32,52,353,6.8,10,18,2,26
2023,11,2023-11-12T00:30:00.000Z,401525891,TCU,26,390,64,28,88,3.1,24,36,302,8.4,3,11,2,21
2023,11,2023-11-12T00:30:00.000Z,401525891,Texas,29,482,74,41,165,4.0,22,33,317,9.6,4,13,1,22
2023,2,2023-09-10T00:00:00.000Z,401525832,TCU,41,442,70,37,129,3.5,28,33,313,9.5,4,12,2,22
2023,5,2023-10-01T00:00:00.000Z,401525853,TCU,21,433,79,38,135,3.6,23,41,298,7.3,6,16,0,23
2023,5,2023-10-01T00:00:00.000Z,401525853,West Virginia,24,343,64,43,201,4.7,10,21,142,6.8,4,13,0,20
2023,10,2023-11-04T16:00:00.000Z,401520377,Tennessee,59,650,65,34,275,8.1,21,31,375,12.1,8,12,0,26
2023,1,2023-09-02T16:00:00.000Z,401520179,Tennessee,49,499,85,52,287,5.5,23,33,212,6.4,5,13,1,29
2023,1,2023-09-02T16:00:00.000Z,401520179,Virginia,13,201,64,40,95,2.4,11,24,106,4.4,5,18,0,12
2023,2,2023-09-09T21:00:00.000Z,401520213,Tennessee,30,456,65,32,228,7.1,21,33,228,6.9,3,12,1,17
2023,13,2023-11-25T20:30:00.000Z,401520442,Tennessee,48,617,79,32,168,5.3,31,47,449,9.6,6,12,1,31
2023,13,2023-11-25T20:30:00.000Z,401520442,Vanderbilt,24,306,62,30,78,2.6,21,32,228,7.1,3,12,0,22
2023,7,2023-10-14T19:30:00.000Z,401520326,Tennessee,20,332,71,49,232,4.7,11,22,100,4.5,7,15,1,20
2023,7,2023-10-14T19:30:00.000Z,401520326,Texas A&M,13,277,62,28,54,1.9,16,34,223,6.6,5,15,2,17
2023,4,2023-09-23T20:00:00.000Z,401520269,Tennessee,45,512,66,33,303,9.2,18,33,209,6.3,6,15,1,21
2023,13,2023-11-25T00:30:00.000Z,401525901,Texas,57,528,75,43,302,7.0,19,32,226,7.1,3,11,1,27
2023,13,2023-11-25T00:30:00.000Z,401525901,Texas Tech,7,198,64,28,110,3.9,19,36,88,2.4,3,13,3,14
2023,3,2023-09-17T00:00:00.000Z,401525840,Texas,31,316,52,31,185,6.0,11,21,131,6.2,4,12,1,13
2023,1,2023-09-02T19:30:00.000Z,401525824,Texas,37,458,75,39,158,4.1,22,36,300,8.3,6,15,0,24
2023,1,2023-09-02T23:00:00.000Z,401520173,Texas A&M,52,411,63,29,134,4.6,24,34,277,8.1,3,7,0,27
2023,3,2023-09-16T20:00:00.000Z,401520245,Texas A&M,47,557,73,33,158,4.8,32,40,399,10.0,9,14,0,28
2023,12,2023-11-18T17:00:00.000Z,401520420,Texas A&M,38,448,67,43,175,4.1,17,24,273,11.4,5,12,1,25
2023,4,2023-09-23T19:30:00.000Z,401525850,Texas Tech,13,321,81,38,160,4.2,15,43,161,3.7,2,18,0,18
2023,4,2023-09-23T19:30:00.000Z,401525850,West Virginia,20,256,64,42,157,3.7,13,22,99,4.5,3,13,2,16
2023,3,2023-09-16T23:00:00.000Z,401525841,Texas Tech,41,416,72,39,221,5.7,18,33,195,5.9,6,14,1,26
2023,1,2023-09-02T23:30:00.000Z,401525825,Texas Tech,33,431,80,33,93,2.8,31,47,338,7.2,7,17,1,26
2023,12,2023-11-18T22:00:00.000Z,401525898,Texas Tech,24,446,64,29,190,6.6,21,35,256,7.3,3,9,1,25
2023,12,2023-11-18T22:00:00.000Z,401525898,UCF,23,486,72,40,238,6.0,16,32,248,7.8,8,14,1,23
2023,1,2023-08-31T23:00:00.000Z,401525816,UCF,56,723,81,46,389,8.5,25,35,334,9.5,9,13,3,32
2023,9,2023-10-28T16:00:00.000Z,401525878,UCF,28,463,69,33,189,5.7,25,36,274,7.6,9,12,4,27
2023,9,2023-10-28T16:00:00.000Z,401525878,West Virginia,41,450,74,50,286,5.7,15,24,164,6.8,7,15,1,25
2023,3,2023-09-16T22:30:00.000Z,401525843,UCF,48,600,87,54,251,4.6,24,33,349,10.6,7,15,0,31
2023,2,2023-09-09T23:00:00.000Z,401525827,UCF,18,530,65,41,258,6.3,16,24,272,11.3,4,10,2,23
2023,4,2023-09-23T19:30:00.000Z,401524017,Utah,14,219,65,48,102,2.1,9,17,117,6.9,6,17,1,13
2023,4,2023-09-23T19:30:00.000Z,401524017,UCLA,7,243,67,32,9,0.3,15,35,234,6.7,3,17,2,11
2023,12,2023-11-18T20:30:00.000Z,401524062,USC,20,387,66,22,3,0.1,31,44,384,8.7,4,13,3,17
2023,12,2023-11-18T20:30:00.000Z,401524062,UCLA,38,354,76,45,199,4.4,18,31,155,5.0,13,20,0,19
2023,2,2023-09-09T23:30:00.000Z,401524001,UCLA,35,550,68,39,254,6.5,18,29,296,10.2,5,11,2,26
2023,3,2023-09-16T21:00:00.000Z,401524011,UCLA,59,614,56,39,404,10.4,10,17,210,12.4,4,8,1,22
2023,1,2023-09-03T02:30:00.000Z,401523995,UCLA,27,417,60,31,153,4.9,17,29,264,9.1,7,12,3,19
2023,7,2023-10-15T00:00:00.000Z,401524032,UCLA,24,453,85,51,287,5.6,15,34,166,4.9,8,17,3,27
2023,6,2023-10-07T19:00:00.000Z,401524028,UCLA,25,470,97,53,180,3.4,22,44,290,6.6,8,25,2,24
2023,8,2023-10-22T00:00:00.000Z,401524037,Utah,34,482,70,47,247,5.3,14,23,235,10.2,3,13,1,23
2023,8,2023-10-22T00:00:00.000Z,401524037,USC,32,401,58,23,145,6.3,24,35,256,7.3,4,11,1,18
2023,7,2023-10-14T23:30:00.000Z,401524031,USC,20,302,74,37,103,2.8,23,37,199,5.4,6,13,5,23
2023,1,2023-08-27T00:00:00.000Z,401523986,USC,56,501,69,34,160,4.7,24,35,341,9.7,9,13,0,25
2023,1,2023-09-02T22:30:00.000Z,401523996,USC,66,668,54,20,215,10.8,25,34,453,13.3,2,6,1,27
2023,10,2023-11-04T23:30:00.000Z,401524048,Washington,52,572,72,42,316,7.5,22,30,256,8.5,7,10,1,27
2023,10,2023-11-04T23:30:00.000Z,401524048,USC,42,515,63,27,203,7.5,27,36,312,8.7,4,9,1,24
2023,11,2023-11-11T20:30:00.000Z,401524056,Washington,35,457,75,33,125,3.8,24,42,332,7.9,5,14,1,26
2023,11,2023-11-11T20:30:00.000Z,401524056,Utah,28,382,57,27,115,4.3,17,30,267,8.9,5,11,2,17
2023,3,2023-09-16T18:00:00.000Z,401524012,Utah,31,424,73,52,231,4.4,13,21,193,9.2,6,15,0,23
2023,5,2023-09-30T01:00:00.000Z,401524020,Utah,7,198,63,32,57,1.8,13,31,141,4.5,2,13,1,14
2023,1,2023-08-26T23:30:00.000Z,401520147,Vanderbilt,35,297,56,26,39,1.5,19,30,258,8.6,5,12,0,17
2023,3,2023-09-16T23:00:00.000Z,401520247,Vanderbilt,37,420,76,39,83,2.1,18,37,337,9.1,7,19,4,21
2023,2,2023-09-09T15:00:00.000Z,401520216,Wake Forest,36,484,74,48,288,6.0,17,26,196,7.5,10,15,1,29
2023,2,2023-09-09T15:00:00.000Z,401520216,Vanderbilt,20,423,63,24,109,4.5,26,39,314,8.1,6,12,3,21
2023,1,2023-09-02T23:00:00.000Z,401520178,Vanderbilt,47,461,65,34,215,6.3,17,31,246,7.9,9,14,1,24
2023,6,2023-10-07T16:00:00.000Z,401525522,Virginia,27,453,71,45,221,4.9,17,26,232,8.9,6,15,2,27
2023,2,2023-09-09T16:00:00.000Z,401525498,Virginia,35,395,61,35,18,0.5,20,26,377,14.5,4,13,1,16
2023,13,2023-11-25T20:30:00.000Z,401525564,Virginia,17,286,76,29,43,1.5,29,47,243,5.2,8,19,2,18
2023,13,2023-11-25T20:30:00.000Z,401525564,Virginia Tech,55,500,60,37,252,6.8,11,23,248,10.8,6,15,1,16
2023,1,2023-09-03T00:00:00.000Z,401525467,Virginia Tech,36,368,73,43,109,2.5,18,30,259,8.6,8,16,0,18
2023,7,2023-10-14T19:30:00.000Z,401525527,Virginia Tech,30,462,65,36,141,3.9,20,29,321,11.1,3,12,1,21
2023,7,2023-10-14T19:30:00.000Z,401525527,Wake Forest,13,262,70,31,35,1.1,22,39,227,5.8,3,14,3,20
2023,4,2023-09-23T16:00:00.000Z,401525511,Virginia Tech,17,343,65,30,184,6.1,19,35,159,4.5,2,13,1,16
2023,1,2023-08-31T23:00:00.000Z,401525461,Wake Forest,37,427,65,35,98,2.8,19,30,329,11.0,6,13,1,22
2023,12,2023-11-18T20:30:00.000Z,401525442,Wake Forest,7,232,57,36,134,3.7,12,21,98,4.7,5,13,1,14
2023,3,2023-09-16T16:00:00.000Z,401525504,Wake Forest,27,409,84,43,97,2.3,24,41,312,7.6,5,17,3,25
2023,1,2023-09-02T19:30:00.000Z,401523997,Washington,56,568,61,19,78,4.1,31,42,490,11.7,4,10,0,22
2023,12,2023-11-19T00:30:00.000Z,401524060,Washington,22,272,53,25,110,4.4,13,28,162,5.8,6,13,1,14
2023,13,2023-11-25T21:00:00.000Z,401524068,Washington,24,306,63,30,102,3.4,18,33,204,6.2,6,14,1,17
2023,2,2023-09-09T21:00:00.000Z,401524004,Washington,43,563,62,22,109,5.0,30,40,454,11.4,5,7,2,30
2023,2,2023-09-09T22:00:00.000Z,401525833,West Virginia,56,619,81,49,304,6.2,17,32,315,9.8,6,13,2,30
2023,3,2023-09-16T16:00:00.000Z,401520249,Wisconsin,35,451,69,38,207,5.4,20,31,244,7.9,3,11,0,22
2023,1,2023-09-02T19:30:00.000Z,401520180,Wisconsin,38,503,71,40,314,7.9,24,31,189,6.1,4,12,2,23
2023,2,2023-09-09T23:30:00.000Z,401520217,Wisconsin,22,368,69,29,91,3.1,25,40,277,6.9,6,14,3,20
2024,1,2024-08-31T23:00:00.000Z,401628319,Alabama,63,600,65,47,334,7.1,12,18,266,14.8,8,13,1,25
2024,8,2024-10-19T19:30:00.000Z,401628397,Tennessee,24,414,69,41,220,5.4,14,28,194,6.9,6,14,3,21
2024,8,2024-10-19T19:30:00.000Z,401628397,Alabama,17,314,79,34,75,2.2,25,45,239,5.3,3,14,2,23
2024,5,2024-09-28T23:30:00.000Z,401628374,Alabama,41,547,65,32,173,5.4,27,33,374,11.3,3,11,1,21
2024,5,2024-09-28T23:30:00.000Z,401628374,Georgia,34,519,76,26,80,3.1,27,50,439,8.8,3,15,4,25
2024,3,2024-09-14T16:00:00.000Z,401628350,Wisconsin,10,290,72,41,149,3.6,18,31,141,4.5,3,14,2,17
2024,3,2024-09-14T16:00:00.000Z,401628350,Alabama,42,407,56,34,181,5.3,16,22,226,10.3,8,14,0,18
2024,13,2024-11-24T00:30:00.000Z,401628433,Oklahoma,24,328,61,49,260,5.3,9,12,68,5.7,7,15,1,18
2024,13,2024-11-24T00:30:00.000Z,401628433,Alabama,3,234,57,30,70,2.3,11,27,164,6.1,7,14,3,13
2024,6,2024-10-05T20:15:00.000Z,401628384,Vanderbilt,40,418,75,54,166,3.1,16,21,252,12.0,12,18,0,26
2024,6,2024-10-05T20:15:00.000Z,401628384,Alabama,35,394,45,21,84,4.0,18,24,310,12.9,3,6,2,17
2024,9,2024-10-26T19:30:00.000Z,401628400,Alabama,34,486,63,37,271,7.3,16,26,215,8.3,2,9,0,22
2024,9,2024-10-26T19:30:00.000Z,401628400,Missouri,0,239,63,39,167,4.3,13,24,72,3.0,3,13,3,15
2024,14,2024-11-30T20:30:00.000Z,401628437,Alabama,28,459,77,53,203,3.8,18,24,256,10.7,12,18,4,25
2024,14,2024-11-30T20:30:00.000Z,401628437,Auburn,14,399,65,23,98,4.3,24,42,301,7.2,4,12,2,24
2024,12,2024-11-16T19:00:00.000Z,401628425,Alabama,52,508,77,42,189,4.5,23,35,319,9.1,8,15,0,29
2024,7,2024-10-12T16:00:00.000Z,401628385,Alabama,27,313,61,38,104,2.7,16,23,209,9.1,5,11,2,20
2024,7,2024-10-12T16:00:00.000Z,401628385,South Carolina,25,374,71,39,132,3.4,24,32,242,7.6,7,15,4,23
2024,11,2024-11-10T00:30:00.000Z,401628413,LSU,13,343,66,24,104,4.3,27,42,239,5.7,6,14,3,22
2024,11,2024-11-10T00:30:00.000Z,401628413,Alabama,42,420,66,48,311,6.5,12,18,109,6.1,10,13,0,23
2024,2,2024-09-07T23:00:00.000Z,401628335,Alabama,42,393,68,42,199,4.7,16,26,194,7.5,5,13,3,20
2024,2,2024-09-08T02:00:00.000Z,401636614,Arizona,22,361,55,29,188,6.5,18,26,173,6.7,0,10,1,18
2024,3,2024-09-14T00:00:00.000Z,401636864,Kansas State,31,393,63,40,237,5.9,14,23,156,6.8,7,13,0,21
2024,3,2024-09-14T00:00:00.000Z,401636864,Arizona,7,324,61,19,56,2.9,26,42,268,6.4,5,14,1,16
2024,10,2024-11-02T19:30:00.000Z,401636916,UCF,56,602,69,44,308,7.0,20,25,294,11.8,6,9,0,33
2024,10,2024-11-02T19:30:00.000Z,401636916,Arizona,12,261,58,25,5,0.2,24,33,256,7.8,7,14,1,14
2024,7,2024-10-12T20:00:00.000Z,401636893,BYU,41,398,60,27,147,5.4,19,33,251,7.6,4,11,1,22
2024,7,2024-10-12T20:00:00.000Z,401636893,Arizona,19,390,83,31,115,3.7,26,52,275,5.3,11,19,4,25
2024,8,2024-10-19T20:00:00.000Z,401636897,Arizona,7,245,60,34,107,3.1,16,26,138,5.3,3,11,3,16
2024,8,2024-10-19T20:00:00.000Z,401636897,Colorado,34,405,69,35,155,4.4,23,34,250,7.4,9,18,2,21
2024,6,2024-10-06T03:00:00.000Z,401636887,Arizona,22,422,79,30,121,4.0,28,49,301,6.1,3,14,3,25
2024,6,2024-10-06T03:00:00.000Z,401636887,Texas Tech,28,331,58,29,117,4.0,17,29,214,7.4,2,11,2,14
2024,5,2024-09-29T02:15:00.000Z,401636886,Utah,10,364,69,29,84,2.9,20,40,280,7.0,6,15,2,19
2024,5,2024-09-29T02:15:00.000Z,401636886,Arizona,23,366,57,26,169,6.5,19,31,197,6.4,4,13,1,17
2024,1,2024-09-01T02:30:00.000Z,401636608,Arizona,61,627,57,26,205,7.9,19,31,422,13.6,8,12,2,22
2024,9,2024-10-26T23:00:00.000Z,401636905,Arizona,26,386,59,25,78,3.1,22,34,308,9.1,6,12,1,18
2024,9,2024-10-26T23:00:00.000Z,401636905,West Virginia,31,405,59,37,207,5.6,18,22,198,9.0,7,16,0,16
2024,13,2024-11-23T20:00:00.000Z,401636935,TCU,49,452,65,36,149,4.1,21,29,303,10.4,7,12,2,24
2024,13,2024-11-23T20:00:00.000Z,401636935,Arizona,28,326,68,21,39,1.9,30,47,287,6.1,10,19,1,16
2024,12,2024-11-16T03:15:00.000Z,401636923,Arizona,27,337,71,36,113,3.1,20,35,224,6.4,10,17,1,20
2024,12,2024-11-16T03:15:00.000Z,401636923,Houston,3,326,62,34,135,4.0,16,28,191,6.8,2,13,3,14
2024,14,2024-11-30T20:30:00.000Z,401636940,Arizona,7,210,58,27,84,3.1,14,31,126,4.1,6,15,1,15
2024,14,2024-11-30T20:30:00.000Z,401636940,Arizona State,49,646,62,37,284,7.7,19,25,362,14.5,3,9,0,24
2024,10,2024-11-02T19:30:00.000Z,401636915,Oklahoma State,21,271,55,23,85,3.7,18,32,186,5.8,3,11,1,16
2024,10,2024-11-02T19:30:00.000Z,401636915,Arizona State,42,530,77,48,226,4.7,20,29,304,10.5,10,16,0,26
2024,11,2024-11-10T00:00:00.000Z,401636917,Arizona State,35,260,57,32,99,3.1,16,25,161,6.4,6,12,0,18
2024,11,2024-11-10T00:00:00.000Z,401636917,UCF,31,406,71,37,177,4.8,24,34,229,6.7,6,13,1,26
2024,4,2024-09-21T19:30:00.000Z,401636877,Arizona State,22,376,68,30,94,3.1,22,38,282,7.4,5,14,1,22
2024,4,2024-09-21T19:30:00.000Z,401636877,Texas Tech,30,337,80,36,136,3.8,24,44,201,4.6,8,19,0,24
2024,15,2024-12-07T17:00:00.000Z,401673465,Arizona State,45,464,57,39,245,6.3,12,18,219,12.2,5,12,0,17
2024,15,2024-12-07T17:00:00.000Z,401673465,Iowa State,19,341,70,32,127,4.0,21,38,214,5.6,7,14,3,23
2024,1,2024-09-01T02:30:00.000Z,401636609,Arizona State,48,499,71,49,241,4.9,14,22,258,11.7,8,15,0,27
2024,6,2024-10-06T00:00:00.000Z,401636888,Arizona State,35,485,70,45,313,7.0,15,25,172,6.9,6,10,2,28
2024,6,2024-10-06T00:00:00.000Z,401636888,Kansas,31,411,64,33,151,4.6,18,31,260,8.4,7,13,0,23
2024,7,2024-10-12T02:30:00.000Z,401636892,Arizona State,27,343,57,37,176,4.8,12,20,167,8.4,5,13,1,15
2024,7,2024-10-12T02:30:00.000Z,401636892,Utah,19,349,70,33,140,4.2,16,37,209,5.6,7,15,3,22
2024,8,2024-10-19T16:00:00.000Z,401636899,Cincinnati,24,407,67,36,201,5.6,23,31,206,6.6,3,12,1,23
2024,8,2024-10-19T16:00:00.000Z,401636899,Arizona State,14,346,63,40,191,4.8,12,23,155,6.7,4,12,1,18
2024,3,2024-09-12T23:30:00.000Z,401636867,Arizona State,31,347,72,42,101,2.4,19,30,246,8.2,7,16,1,20
2024,12,2024-11-17T00:00:00.000Z,401636927,Kansas State,14,412,65,25,154,6.2,24,40,258,6.5,7,13,3,21
2024,12,2024-11-17T00:00:00.000Z,401636927,Arizona State,24,398,72,38,123,3.2,21,34,275,8.1,9,15,1,23
2024,13,2024-11-23T20:30:00.000Z,401636930,Arizona State,28,413,67,42,166,4.0,16,25,247,9.9,7,13,1,22
2024,13,2024-11-23T20:30:00.000Z,401636930,BYU,23,391,61,23,94,4.1,22,38,297,7.8,7,10,2,26
2024,2,2024-09-08T02:30:00.000Z,401628343,Arizona State,30,428,74,54,359,6.6,10,20,69,3.5,5,15,0,26
2024,2,2024-09-08T02:30:00.000Z,401628343,Mississippi State,23,298,54,26,30,1.2,18,28,268,9.6,3,11,1,18
2024,4,2024-09-21T19:30:00.000Z,401628363,Auburn,14,431,61,26,146,5.6,20,35,285,8.1,5,11,5,17
2024,4,2024-09-21T19:30:00.000Z,401628363,Arkansas,24,334,83,55,183,3.3,12,28,151,5.4,9,19,2,21
2024,5,2024-09-28T19:30:00.000Z,401628373,Arkansas,17,379,71,30,100,3.3,23,41,279,6.8,5,15,3,22
2024,5,2024-09-28T19:30:00.000Z,401628373,Texas A&M,21,300,58,36,137,3.8,11,22,163,7.4,4,13,0,17
2024,6,2024-10-05T23:30:00.000Z,401628379,Arkansas,19,431,74,44,134,3.0,21,30,297,9.9,6,16,0,23
2024,6,2024-10-05T23:30:00.000Z,401628379,Tennessee,14,332,65,36,174,4.8,17,29,158,5.4,7,16,0,16
2024,8,2024-10-19T23:00:00.000Z,401628392,LSU,34,395,71,36,160,4.4,24,35,235,6.7,9,15,0,26
2024,8,2024-10-19T23:00:00.000Z,401628392,Arkansas,10,277,50,19,38,2.0,21,31,239,7.7,4,9,3,15
2024,10,2024-11-02T16:00:00.000Z,401628406,Arkansas,31,492,65,37,127,3.4,21,28,365,13.0,5,12,2,24
2024,10,2024-11-02T16:00:00.000Z,401628406,Ole Miss,63,694,76,42,132,3.1,28,34,562,16.5,6,12,0,30
2024,3,2024-09-14T20:15:00.000Z,401628351,Arkansas,37,427,64,38,266,7.0,11,26,161,6.2,7,12,1,29
2024,1,2024-08-29T23:30:00.000Z,401628320,Arkansas,70,687,70,33,279,8.5,28,37,408,11.0,9,9,0,34
2024,12,2024-11-16T17:00:00.000Z,401628419,Arkansas,10,231,59,34,82,2.4,17,25,149,6.0,5,12,2,15
2024,12,2024-11-16T17:00:00.000Z,401628419,Texas,20,315,73,41,139,3.4,20,32,176,5.5,4,15,0,20
2024,2,2024-09-07T16:00:00.000Z,401628336,Oklahoma State,39,385,74,26,59,2.3,27,48,326,6.8,5,16,1,21
2024,2,2024-09-07T16:00:00.000Z,401628336,Arkansas,31,648,93,47,232,4.9,26,46,416,9.0,11,19,3,33
2024,9,2024-10-26T16:45:00.000Z,401628403,Mississippi State,25,471,73,42,162,3.9,22,31,309,10.0,5,13,5,24
2024,9,2024-10-26T16:45:00.000Z,401628403,Arkansas,58,673,66,37,359,9.7,23,29,314,10.8,0,7,1,29
2024,13,2024-11-23T21:00:00.000Z,401628427,Arkansas,35,456,75,38,235,6.2,20,37,221,6.0,1,11,3,26
2024,14,2024-11-30T20:30:00.000Z,401628443,Missouri,28,361,67,47,193,4.1,10,20,168,8.4,6,15,0,18
2024,14,2024-11-30T20:30:00.000Z,401628443,Arkansas,21,377,70,35,148,4.2,21,35,229,6.5,3,11,2,23
2024,2,2024-09-07T19:30:00.000Z,401628337,Auburn,14,286,57,30,121,4.0,14,27,165,6.1,5,10,5,16
2024,2,2024-09-07T19:30:00.000Z,401628337,California,21,334,69,33,101,3.1,25,36,233,6.5,10,19,0,18
2024,5,2024-09-28T19:30:00.000Z,401628375,Oklahoma,27,291,47,32,130,4.1,10,15,161,10.7,2,11,0,11
2024,5,2024-09-28T19:30:00.000Z,401628375,Auburn,21,482,75,43,144,3.3,21,32,338,10.6,4,14,1,26
2024,8,2024-10-19T16:00:00.000Z,401628395,Missouri,21,354,74,31,82,2.6,21,43,272,6.3,7,17,2,20
2024,8,2024-10-19T16:00:00.000Z,401628395,Auburn,17,286,64,35,110,3.1,17,29,176,6.1,4,14,1,17
2024,10,2024-11-02T16:45:00.000Z,401628407,Auburn,7,327,58,29,88,3.0,20,29,239,8.2,2,13,1,14
2024,10,2024-11-02T16:45:00.000Z,401628407,Vanderbilt,17,232,58,35,89,2.5,9,23,143,6.2,4,16,0,12
2024,1,2024-08-31T23:30:00.000Z,401628321,Auburn,73,628,46,18,177,9.8,18,28,451,16.1,4,6,2,18
2024,13,2024-11-24T00:30:00.000Z,401628428,Auburn,43,469,72,41,168,4.1,19,31,301,9.7,5,14,1,22
2024,13,2024-11-24T00:30:00.000Z,401628428,Texas A&M,41,464,87,52,167,3.2,22,35,297,8.5,10,19,1,28
2024,6,2024-10-05T19:30:00.000Z,401628381,Georgia,31,381,66,37,141,3.8,23,29,240,8.3,7,13,0,21
2024,6,2024-10-05T19:30:00.000Z,401628381,Auburn,13,337,58,31,137,4.4,16,27,200,7.4,4,13,0,18
2024,12,2024-11-16T17:45:00.000Z,401628426,Auburn,48,507,75,38,203,5.3,24,37,304,8.2,12,17,1,26
2024,9,2024-10-26T23:45:00.000Z,401628401,Auburn,24,500,73,47,328,7.0,20,26,172,6.6,8,14,1,27
2024,9,2024-10-26T23:45:00.000Z,401628401,Kentucky,10,224,54,27,70,2.6,12,27,154,5.7,4,12,2,13
2024,3,2024-09-14T23:30:00.000Z,401628352,Auburn,45,503,66,40,268,6.7,17,26,235,9.0,4,9,2,26
2024,3,2024-09-15T01:00:00.000Z,401636871,BYU,34,458,67,28,140,5.0,25,39,318,8.2,2,11,1,23
2024,8,2024-10-19T02:15:00.000Z,401636898,BYU,38,473,64,36,255,7.1,13,28,218,7.8,5,10,3,25
2024,8,2024-10-19T02:15:00.000Z,401636898,Oklahoma State,35,421,66,37,269,7.3,18,29,152,5.2,9,13,2,22
2024,4,2024-09-22T02:30:00.000Z,401636872,Kansas State,9,367,72,43,228,5.3,16,29,139,4.8,8,17,3,17
2024,4,2024-09-22T02:30:00.000Z,401636872,BYU,38,241,48,27,92,3.4,15,21,149,7.1,3,9,0,14
2024,1,2024-09-01T00:00:00.000Z,401634240,BYU,41,527,77,47,179,3.8,20,30,348,11.6,7,15,0,27
2024,11,2024-11-10T03:15:00.000Z,401636922,Utah,21,259,52,30,147,4.9,12,22,112,5.1,6,12,3,15
2024,11,2024-11-10T03:15:00.000Z,401636922,BYU,22,339,65,32,120,3.8,15,33,219,6.6,1,12,0,20
2024,5,2024-09-28T16:00:00.000Z,401636880,Baylor,28,387,76,28,63,2.3,27,48,324,6.8,3,13,2,21
2024,5,2024-09-28T16:00:00.000Z,401636880,BYU,34,369,67,35,153,4.4,17,32,216,6.8,4,13,2,20
2024,9,2024-10-26T19:30:00.000Z,401636911,UCF,24,379,56,29,181,6.2,14,27,198,7.3,2,10,2,18
2024,9,2024-10-26T19:30:00.000Z,401636911,BYU,37,483,72,48,255,5.3,16,24,228,9.5,7,15,1,29
2024,12,2024-11-17T03:15:00.000Z,401636924,BYU,13,354,63,34,162,4.8,18,29,192,6.6,3,10,2,23
2024,12,2024-11-17T03:15:00.000Z,401636924,Kansas,17,242,52,33,73,2.2,12,19,169,8.9,4,12,1,13
2024,14,2024-12-01T03:15:00.000Z,401636942,BYU,30,356,58,39,189,4.8,8,19,167,8.8,4,10,3,21
2024,14,2024-12-01T03:15:00.000Z,401636942,Houston,18,253,61,36,97,2.7,16,25,156,6.2,5,12,4,17
2024,2,2024-09-06T23:00:00.000Z,401634765,BYU,18,336,64,35,134,3.8,15,29,202,7.0,2,13,3,16
2024,2,2024-09-06T23:00:00.000Z,401634765,SMU,15,261,72,36,117,3.3,17,36,144,4.0,3,16,3,18
2024,3,2024-09-14T23:30:00.000Z,401636860,Baylor,31,478,62,38,230,6.1,18,24,248,10.3,4,10,3,20
2024,8,2024-10-19T20:00:00.000Z,401636902,Baylor,59,529,65,33,255,7.7,21,32,274,8.6,5,12,0,23
2024,8,2024-10-19T20:00:00.000Z,401636902,Texas Tech,35,455,85,35,149,4.3,34,50,306,6.1,6,17,2,29
2024,9,2024-10-26T19:30:00.000Z,401636906,Baylor,38,567,57,37,345,9.3,11,20,222,11.1,3,9,1,23
2024,9,2024-10-26T19:30:00.000Z,401636906,Oklahoma State,28,433,76,34,74,2.2,28,42,359,8.5,4,15,2,25
2024,4,2024-09-22T00:00:00.000Z,401636874,Baylor,31,314,62,41,166,4.0,11,21,148,7.0,7,17,0,15
2024,4,2024-09-22T00:00:00.000Z,401636874,Colorado,38,432,83,42,91,2.2,25,41,341,8.3,8,18,0,24
2024,10,2024-11-03T00:00:00.000Z,401636912,Baylor,37,499,78,44,257,5.8,19,34,242,7.1,8,15,0,31
2024,10,2024-11-03T00:00:00.000Z,401636912,TCU,34,444,67,32,105,3.3,26,35,339,9.7,4,12,0,25
2024,1,2024-08-31T23:00:00.000Z,401636610,Baylor,45,442,71,43,164,3.8,18,28,278,9.9,10,15,2,24
2024,6,2024-10-05T23:30:00.000Z,401636889,Iowa State,43,542,70,45,265,5.9,16,25,277,11.1,7,12,1,27
2024,6,2024-10-05T23:30:00.000Z,401636889,Baylor,21,337,64,20,79,4.0,25,44,258,5.9,4,13,1,21
2024,12,2024-11-16T21:00:00.000Z,401636929,West Virginia,35,499,88,49,262,5.3,19,39,237,6.1,5,13,1,29
2024,12,2024-11-16T21:00:00.000Z,401636929,Baylor,49,512,70,34,183,5.4,26,36,329,9.1,8,13,0,26
2024,13,2024-11-24T00:00:00.000Z,401636931,Houston,10,239,51,26,92,3.5,14,25,147,5.9,3,10,4,14
2024,13,2024-11-24T00:00:00.000Z,401636931,Baylor,20,325,72,49,121,2.5,15,23,204,8.9,4,15,3,20
2024,14,2024-11-30T17:00:00.000Z,401636941,Baylor,45,605,80,49,295,6.0,23,31,310,10.0,13,17,0,32
2024,14,2024-11-30T17:00:00.000Z,401636941,Kansas,17,491,54,31,211,6.8,12,23,280,12.2,5,11,3,18
2024,2,2024-09-07T19:30:00.000Z,401636618,Baylor,12,223,61,40,108,2.7,9,21,115,5.5,4,16,1,12
2024,2,2024-09-07T19:30:00.000Z,401636618,Utah,23,292,60,37,170,4.6,12,23,122,5.3,4,14,0,15
2024,8,2024-10-17T23:30:00.000Z,401634768,Virginia Tech,42,532,58,40,368,9.2,14,18,164,9.1,2,9,3,22
2024,8,2024-10-17T23:30:00.000Z,401634768,Boston College,21,372,74,48,167,3.5,17,26,205,7.9,7,16,3,22
2024,11,2024-11-09T17:00:00.000Z,401635606,Boston College,37,378,64,51,313,6.1,7,13,65,5.0,4,13,1,22
2024,11,2024-11-09T17:00:00.000Z,401635606,Syracuse,31,431,73,25,39,1.6,31,48,392,8.2,5,12,1,26
2024,3,2024-09-14T16:45:00.000Z,401628357,Boston College,21,298,54,26,49,1.9,16,28,249,8.9,4,12,2,16
2024,3,2024-09-14T16:45:00.000Z,401628357,Missouri,27,440,73,43,176,4.1,21,30,264,8.8,11,19,0,22
2024,1,2024-09-02T23:30:00.000Z,401634306,Boston College,28,373,67,51,267,5.2,10,16,106,6.6,9,15,0,19
2024,1,2024-09-02T23:30:00.000Z,401634306,Florida State,13,293,58,16,21,1.3,21,42,272,6.5,3,14,1,13
2024,4,2024-09-22T00:00:00.000Z,401628490,Boston College,23,292,59,43,152,3.5,10,16,140,8.8,5,13,1,16
2024,4,2024-09-22T00:00:00.000Z,401628490,Michigan State,19,368,68,33,127,3.8,17,35,241,6.9,7,15,4,21
2024,12,2024-11-16T20:30:00.000Z,401635580,SMU,38,438,65,30,140,4.7,24,35,298,8.5,4,10,1,25
2024,12,2024-11-16T20:30:00.000Z,401635580,Boston College,28,417,75,43,180,4.2,18,32,237,7.4,6,15,1,23
2024,6,2024-10-05T16:00:00.000Z,401635567,Virginia,24,339,65,37,121,3.3,17,28,218,7.8,7,16,0,20
2024,6,2024-10-05T16:00:00.000Z,401635567,Boston College,14,319,59,29,65,2.2,22,30,254,8.5,6,13,3,17
2024,14,2024-11-30T20:00:00.000Z,401635620,Boston College,34,387,63,35,134,3.8,20,28,253,9.0,5,14,0,18
2024,14,2024-11-30T20:00:00.000Z,401635620,Pittsburgh,23,322,70,26,23,0.9,24,44,299,6.8,9,17,2,22
2024,5,2024-09-28T16:00:00.000Z,401635560,Boston College,21,285,65,33,117,3.5,19,32,168,5.3,7,13,2,19
2024,13,2024-11-23T17:00:00.000Z,401635612,Boston College,41,422,78,51,230,4.5,18,27,192,7.1,7,15,1,24
2024,13,2024-11-23T17:00:00.000Z,401635612,North Carolina,21,212,55,25,36,1.4,16,30,176,5.9,3,13,3,13
2024,9,2024-10-25T23:30:00.000Z,401634771,Boston College,27,318,69,41,154,3.8,13,28,164,5.9,7,18,0,14
2024,9,2024-10-25T23:30:00.000Z,401634771,Louisville,31,461,70,32,129,4.0,28,38,332,8.7,4,11,3,24
2024,2,2024-09-07T19:30:00.000Z,401635531,Boston College,56,563,59,46,306,6.7,11,13,257,19.8,5,10,1,22
2024,11,2024-11-09T01:00:00.000Z,401634773,Wake Forest,36,386,75,39,112,2.9,19,36,274,7.6,5,15,4,26
2024,11,2024-11-09T01:00:00.000Z,401634773,California,46,500,87,31,115,3.7,40,56,385,6.9,5,14,1,31
2024,7,2024-10-12T19:30:00.000Z,401635575,California,15,335,77,40,63,1.6,27,37,272,7.4,6,16,0,23
2024,7,2024-10-12T19:30:00.000Z,401635575,Pittsburgh,17,277,56,28,144,5.1,14,28,133,4.8,1,12,2,14
2024,3,2024-09-15T02:30:00.000Z,401635541,California,31,473,71,42,275,6.5,21,29,198,6.8,7,15,1,21
2024,6,2024-10-06T02:30:00.000Z,401635568,California,38,370,49,25,73,2.9,12,24,297,12.4,2,10,1,12
2024,6,2024-10-06T02:30:00.000Z,401635568,Miami,39,575,86,33,138,4.2,35,53,437,8.2,7,16,1,30
2024,14,2024-11-30T20:30:00.000Z,401635621,SMU,38,415,64,30,115,3.8,24,34,300,8.8,3,10,0,20
2024,14,2024-11-30T20:30:00.000Z,401635621,California,6,254,63,37,95,2.6,14,26,159,6.1,3,15,1,14
2024,8,2024-10-19T19:30:00.000Z,401635587,NC State,24,363,67,30,29,1.0,26,37,334,9.0,8,17,2,15
2024,8,2024-10-19T19:30:00.000Z,401635587,California,23,399,72,29,117,4.0,30,43,282,6.6,2,14,1,23
2024,1,2024-08-31T21:00:00.000Z,401634301,California,31,281,66,38,102,2.7,18,28,179,6.4,2,13,1,16
2024,9,2024-10-26T20:00:00.000Z,401635594,California,44,482,69,32,118,3.7,27,37,364,9.8,7,14,0,28
2024,12,2024-11-16T20:00:00.000Z,401635581,California,25,391,57,23,166,7.2,22,34,225,6.6,8,13,2,19
2024,12,2024-11-16T20:00:00.000Z,401635581,Syracuse,33,471,84,38,148,3.9,29,46,323,7.0,7,17,0,26
2024,13,2024-11-23T20:30:00.000Z,401635613,California,24,374,66,28,75,2.7,25,38,299,7.9,9,17,1,20
2024,13,2024-11-23T20:30:00.000Z,401635613,Stanford,21,261,68,39,120,3.1,15,29,141,4.9,5,15,0,14
2024,4,2024-09-21T23:00:00.000Z,401635551,Florida State,14,284,68,41,107,2.6,16,27,177,6.6,7,17,1,17
2024,4,2024-09-21T23:00:00.000Z,401635551,California,9,410,74,37,107,2.9,22,37,303,8.2,5,15,1,23
2024,11,2024-11-09T17:00:00.000Z,401636918,Cincinnati,24,436,79,43,157,3.7,25,36,279,7.8,7,16,3,24
2024,11,2024-11-09T17:00:00.000Z,401636918,West Virginia,31,248,43,28,92,3.3,9,15,156,10.4,3,11,1,10
2024,4,2024-09-21T16:00:00.000Z,401636873,Cincinnati,34,362,57,38,149,3.9,15,19,213,11.2,4,10,0,22
2024,4,2024-09-21T16:00:00.000Z,401636873,Houston,0,233,54,33,141,4.3,13,21,92,4.4,4,14,3,12
2024,9,2024-10-27T02:15:00.000Z,401636907,Colorado,34,451,67,37,128,3.5,25,30,323,10.8,7,13,0,25
2024,9,2024-10-27T02:15:00.000Z,401636907,Cincinnati,23,351,62,32,171,5.3,16,30,180,6.0,3,10,0,22
2024,2,2024-09-07T16:00:00.000Z,401635538,Cincinnati,27,449,75,37,151,4.1,22,38,298,7.8,7,16,1,21
2024,2,2024-09-07T16:00:00.000Z,401635538,Pittsburgh,28,498,68,33,196,5.9,20,35,302,8.6,4,11,1,24
2024,3,2024-09-14T16:00:00.000Z,401636865,Cincinnati,27,401,68,34,215,6.3,21,34,186,5.5,7,15,1,20
2024,5,2024-09-29T00:00:00.000Z,401636884,Texas Tech,44,482,65,36,231,6.4,19,29,251,8.7,9,14,1,21
2024,5,2024-09-29T00:00:00.000Z,401636884,Cincinnati,41,555,78,33,129,3.9,31,45,426,9.5,7,12,2,29
2024,12,2024-11-17T01:00:00.000Z,401636926,Iowa State,34,386,69,34,152,4.5,24,35,234,6.7,7,16,1,20
2024,12,2024-11-17T01:00:00.000Z,401636926,Cincinnati,17,353,57,39,287,7.4,10,18,66,3.7,3,11,1,15
2024,13,2024-11-24T01:00:00.000Z,401636933,Kansas State,41,428,63,40,281,7.0,13,23,147,6.4,4,12,0,22
2024,13,2024-11-24T01:00:00.000Z,401636933,Cincinnati,15,374,69,29,174,6.0,21,40,200,5.0,3,12,1,21
2024,1,2024-08-31T18:30:00.000Z,401628591,Cincinnati,38,658,63,32,275,8.6,22,31,383,12.4,5,10,3,26
2024,7,2024-10-12T19:30:00.000Z,401636895,UCF,13,397,64,40,196,4.9,14,24,201,8.4,5,13,2,19
2024,7,2024-10-12T19:30:00.000Z,401636895,Cincinnati,19,338,70,32,97,3.0,25,38,241,6.3,9,16,2,19
2024,14,2024-11-30T23:00:00.000Z,401636943,Cincinnati,13,374,74,39,214,5.5,21,35,160,4.6,7,15,3,23
2024,14,2024-11-30T23:00:00.000Z,401636943,TCU,20,336,67,32,124,3.9,18,35,212,6.1,5,15,1,17
2024,4,2024-09-21T16:00:00.000Z,401635552,NC State,35,436,69,38,179,4.7,20,31,257,8.3,2,10,3,24
2024,4,2024-09-21T16:00:00.000Z,401635552,Clemson,59,523,67,33,269,8.2,21,34,254,7.5,3,10,0,24
2024,5,2024-09-28T23:00:00.000Z,401635561,Clemson,40,405,61,30,150,5.0,15,31,255,8.2,5,12,1,18
2024,5,2024-09-28T23:00:00.000Z,401635561,Stanford,14,361,71,44,236,5.4,13,27,125,4.6,7,17,3,20
2024,7,2024-10-12T16:00:00.000Z,401635576,Clemson,49,571,83,40,228,5.7,33,43,343,8.0,7,11,0,37
2024,7,2024-10-12T16:00:00.000Z,401635576,Wake Forest,14,233,57,28,87,3.1,14,29,146,5.0,3,11,2,16
2024,8,2024-10-19T16:00:00.000Z,401635588,Virginia,31,346,62,29,68,2.3,21,33,278,8.4,5,13,1,20
2024,8,2024-10-19T16:00:00.000Z,401635588,Clemson,48,540,74,37,195,5.3,25,37,345,9.3,9,15,1,28
2024,10,2024-11-02T23:30:00.000Z,401635600,Clemson,21,450,101,45,222,4.9,33,56,228,4.1,11,23,0,31
2024,10,2024-11-02T23:30:00.000Z,401635600,Louisville,33,366,59,27,210,7.8,17,32,156,4.9,4,12,0,19
2024,15,2024-12-08T01:00:00.000Z,401673463,Clemson,34,325,73,32,63,2.0,24,41,262,6.4,7,17,0,18
2024,15,2024-12-08T01:00:00.000Z,401673463,SMU,31,468,86,34,149,4.4,32,52,319,6.1,8,17,2,27
2024,12,2024-11-16T17:00:00.000Z,401635582,Pittsburgh,20,438,87,33,88,2.7,34,54,350,6.5,6,18,2,27
2024,12,2024-11-16T17:00:00.000Z,401635582,Clemson,24,346,68,27,58,2.1,27,41,288,7.0,5,15,1,21
2024,11,2024-11-09T20:30:00.000Z,401635607,Clemson,24,378,80,46,167,3.6,16,34,211,6.2,9,19,1,20
2024,11,2024-11-09T20:30:00.000Z,401635607,Virginia Tech,14,228,58,21,40,1.9,16,37,188,5.1,2,14,3,15
2024,1,2024-08-31T16:00:00.000Z,401628323,Georgia,34,447,60,27,169,6.3,23,33,278,8.4,4,11,0,19
2024,1,2024-08-31T16:00:00.000Z,401628323,Clemson,3,189,51,22,47,2.1,18,29,142,4.9,4,13,1,13
2024,6,2024-10-05T23:00:00.000Z,401635569,Florida State,13,250,64,23,22,1.0,23,41,228,5.6,4,16,1,14
2024,6,2024-10-05T23:00:00.000Z,401635569,Clemson,29,500,74,40,265,6.6,19,34,235,6.9,6,15,0,28
2024,13,2024-11-23T20:30:00.000Z,401635614,Clemson,51,562,59,28,302,10.8,18,31,260,8.4,5,9,1,27
2024,2,2024-09-08T00:00:00.000Z,401635532,Clemson,66,712,73,34,252,7.4,32,39,460,11.8,6,12,1,28
2024,14,2024-11-30T17:00:00.000Z,401628444,Clemson,14,419,68,32,139,4.3,24,36,280,7.8,7,15,2,22
2024,14,2024-11-30T17:00:00.000Z,401628444,South Carolina,17,432,62,41,268,6.5,13,21,164,7.8,7,13,3,20
2024,2,2024-09-07T23:30:00.000Z,401628467,Colorado,10,260,62,22,16,0.7,23,40,244,6.1,4,14,2,15
2024,2,2024-09-07T23:30:00.000Z,401628467,Nebraska,28,334,65,35,149,4.3,23,30,185,6.2,3,12,0,22
2024,7,2024-10-13T02:15:00.000Z,401636894,Colorado,28,359,59,19,-29,-1.5,34,40,388,9.7,4,11,1,20
2024,7,2024-10-13T02:15:00.000Z,401636894,Kansas State,31,426,66,40,188,4.7,17,26,238,9.2,5,13,1,21
2024,3,2024-09-14T23:30:00.000Z,401636861,Colorado,28,419,68,19,109,5.7,36,49,310,6.3,5,11,1,23
2024,5,2024-09-28T19:30:00.000Z,401636885,UCF,21,461,79,44,177,4.0,20,35,284,8.1,6,18,4,24
2024,5,2024-09-28T19:30:00.000Z,401636885,Colorado,48,418,64,29,128,4.4,28,35,290,8.3,5,11,1,26
2024,1,2024-08-30T00:00:00.000Z,401634206,Colorado,31,504,57,23,59,2.6,26,34,445,13.1,7,11,1,22
2024,13,2024-11-23T20:30:00.000Z,401636932,Kansas,37,522,76,55,333,6.1,14,21,189,9.0,9,14,0,29
2024,13,2024-11-23T20:30:00.000Z,401636932,Colorado,21,309,41,12,43,3.6,23,29,266,9.2,3,7,0,15
2024,14,2024-11-29T17:00:00.000Z,401636938,Colorado,52,471,71,29,33,1.1,34,42,438,10.4,5,12,1,26
2024,14,2024-11-29T17:00:00.000Z,401636938,Oklahoma State,0,147,65,31,70,2.3,12,34,77,2.3,3,15,4,10
2024,11,2024-11-09T21:00:00.000Z,401636921,Texas Tech,27,388,87,46,113,2.5,24,41,275,6.7,10,20,3,25
2024,11,2024-11-09T21:00:00.000Z,401636921,Colorado,41,351,70,27,60,2.2,30,43,291,6.8,2,13,0,22
2024,12,2024-11-16T17:00:00.000Z,401636925,Colorado,49,405,61,20,65,3.3,30,41,340,8.3,3,11,3,17
2024,12,2024-11-16T17:00:00.000Z,401636925,Utah,24,272,71,30,31,1.0,22,41,241,5.9,7,17,4,15
2024,4,2024-09-21T20:00:00.000Z,401635553,Duke,45,340,56,35,124,3.5,14,21,216,10.3,3,10,1,17
2024,8,2024-10-18T23:00:00.000Z,401634769,Florida State,16,291,66,40,162,4.1,12,26,129,5.0,2,14,4,16
2024,8,2024-10-18T23:00:00.000Z,401634769,Duke,23,180,59,35,110,3.1,12,24,70,2.9,3,17,0,10
2024,5,2024-09-28T20:00:00.000Z,401635562,Duke,21,396,74,40,187,4.7,15,34,209,6.1,2,14,1,20
2024,5,2024-09-28T20:00:00.000Z,401635562,North Carolina,20,407,79,40,156,3.9,21,39,251,6.4,5,18,1,20
2024,10,2024-11-02T16:00:00.000Z,401635601,Miami,53,526,72,31,126,4.1,25,41,400,9.8,6,12,2,27
2024,10,2024-11-02T16:00:00.000Z,401635601,Duke,31,405,68,27,80,3.0,25,41,325,7.9,5,13,4,23
2024,11,2024-11-09T20:30:00.000Z,401635608,NC State,19,268,68,29,84,2.9,16,39,184,4.7,3,15,2,19
2024,11,2024-11-09T20:30:00.000Z,401635608,Duke,29,276,58,27,31,1.1,22,31,245,7.9,0,9,1,16
2024,3,2024-09-14T22:00:00.000Z,401629030,Duke,26,409,82,39,142,3.6,28,43,267,6.2,6,18,1,22
2024,1,2024-08-30T23:30:00.000Z,401628584,Duke,26,350,67,27,59,2.2,26,40,291,7.3,5,12,1,17
2024,13,2024-11-24T01:00:00.000Z,401635615,Duke,31,396,57,22,64,2.9,17,35,332,9.5,2,11,4,12
2024,13,2024-11-24T01:00:00.000Z,401635615,Virginia Tech,28,403,85,53,190,3.6,15,32,213,6.7,6,19,2,24
2024,9,2024-10-27T00:00:00.000Z,401635595,Duke,27,393,77,29,98,3.4,27,48,295,6.1,8,16,0,24
2024,9,2024-10-27T00:00:00.000Z,401635595,SMU,28,469,74,50,211,4.2,13,24,258,10.8,6,12,6,23
2024,2,2024-09-07T01:00:00.000Z,401635533,Northwestern,20,288,73,37,130,3.5,20,36,158,4.4,3,16,2,19
2024,2,2024-09-07T01:00:00.000Z,401635533,Duke,26,342,70,30,93,3.1,25,40,249,6.2,4,15,2,18
2024,6,2024-10-06T00:00:00.000Z,401635570,Georgia Tech,24,412,80,49,245,5.0,23,31,167,5.4,7,16,0,25
2024,6,2024-10-06T00:00:00.000Z,401635570,Duke,14,279,51,20,74,3.7,18,31,205,6.6,3,11,1,15
2024,14,2024-11-30T17:00:00.000Z,401635622,Wake Forest,17,318,73,43,111,2.6,22,30,207,6.9,10,19,1,20
2024,14,2024-11-30T17:00:00.000Z,401635622,Duke,23,333,60,26,98,3.8,26,34,235,6.9,5,13,2,18
2024,1,2024-08-31T19:30:00.000Z,401628322,Miami,41,529,69,33,144,4.4,26,36,385,10.7,5,10,1,25
2024,1,2024-08-31T19:30:00.000Z,401628322,Florida,17,261,54,28,139,5.0,14,26,122,4.7,1,9,2,17
2024,8,2024-10-19T23:45:00.000Z,401628393,Florida,48,476,59,44,197,4.5,8,15,279,18.6,6,12,1,16
2024,8,2024-10-19T23:45:00.000Z,401628393,Kentucky,20,311,67,35,146,4.2,12,32,165,5.2,4,13,3,17
2024,4,2024-09-21T16:00:00.000Z,401628367,Mississippi State,28,480,90,56,240,4.3,20,34,240,7.1,11,20,1,31
2024,4,2024-09-21T16:00:00.000Z,401628367,Florida,45,503,64,36,226,6.3,26,28,277,9.9,7,9,1,28
2024,6,2024-10-05T23:45:00.000Z,401628380,UCF,13,273,62,40,108,2.7,12,22,165,7.5,4,12,1,20
2024,6,2024-10-05T23:45:00.000Z,401628380,Florida,24,359,60,32,130,4.1,23,28,229,8.2,6,13,0,18
2024,10,2024-11-02T19:30:00.000Z,401628408,Florida,20,259,65,37,146,3.9,9,28,113,4.0,3,16,1,13
2024,10,2024-11-02T19:30:00.000Z,401628408,Georgia,34,457,72,32,148,4.6,25,40,309,7.7,4,11,3,25
2024,7,2024-10-12T23:00:00.000Z,401628391,Tennessee,23,312,69,43,143,3.3,16,26,169,6.5,4,15,2,18
2024,7,2024-10-12T23:00:00.000Z,401628391,Florida,17,361,72,40,138,3.5,20,32,223,7.0,5,15,2,22
2024,3,2024-09-14T19:30:00.000Z,401628353,Texas A&M,33,488,72,55,310,5.6,11,17,178,10.5,5,13,0,27
2024,3,2024-09-14T19:30:00.000Z,401628353,Florida,20,301,54,25,52,2.1,18,29,249,8.6,2,9,3,19
2024,14,2024-12-01T00:00:00.000Z,401628438,Florida State,11,239,72,44,99,2.3,15,28,140,5.0,6,13,5,20
2024,14,2024-12-01T00:00:00.000Z,401628438,Florida,31,368,60,38,235,6.2,14,22,133,6.0,5,13,1,18
2024,12,2024-11-16T20:30:00.000Z,401628420,LSU,16,392,92,44,130,3.0,28,48,262,5.5,13,24,1,25
2024,12,2024-11-16T20:30:00.000Z,401628420,Florida,27,339,43,17,113,6.6,13,26,226,8.7,3,9,0,13
2024,13,2024-11-23T17:00:00.000Z,401628429,Florida,24,345,61,44,165,3.8,10,17,180,10.6,7,15,1,19
2024,13,2024-11-23T17:00:00.000Z,401628429,Ole Miss,17,464,77,35,141,4.0,24,42,323,7.7,3,14,3,24
2024,11,2024-11-09T17:00:00.000Z,401628417,Florida,17,329,66,41,197,4.8,12,25,132,5.3,6,14,3,20
2024,11,2024-11-09T17:00:00.000Z,401628417,Texas,49,562,64,31,210,6.8,22,33,352,10.7,5,11,1,23
2024,2,2024-09-07T23:00:00.000Z,401628338,Florida,45,632,62,34,166,4.9,19,28,466,16.6,5,11,1,21
2024,11,2024-11-10T00:30:00.000Z,401628984,Florida State,3,208,69,43,120,2.8,10,26,88,3.4,3,17,2,14
2024,1,2024-08-24T16:00:00.000Z,401635525,Georgia Tech,24,336,52,36,190,5.3,11,16,146,9.1,5,9,0,18
2024,1,2024-08-24T16:00:00.000Z,401635525,Florida State,21,291,58,31,98,3.2,19,27,193,7.1,5,12,0,20
2024,3,2024-09-14T16:00:00.000Z,401635542,Florida State,12,238,55,24,37,1.5,16,31,201,6.5,2,12,3,11
2024,9,2024-10-26T23:00:00.000Z,401635596,Miami,36,445,76,40,230,5.8,23,36,215,6.0,8,14,0,31
2024,9,2024-10-26T23:00:00.000Z,401635596,Florida State,14,248,60,28,133,4.8,11,32,115,3.6,3,13,0,14
2024,13,2024-11-23T18:30:00.000Z,401635616,Florida State,41,415,57,34,175,5.1,16,23,240,10.4,6,10,0,20
2024,5,2024-09-29T00:00:00.000Z,401635563,Florida State,16,295,59,25,73,2.9,12,34,222,6.5,3,12,3,13
2024,5,2024-09-29T00:00:00.000Z,401635563,SMU,42,480,70,47,226,4.8,16,23,254,11.0,8,15,1,23
2024,10,2024-11-02T19:30:00.000Z,401635602,Florida State,11,201,46,28,42,1.5,8,18,159,8.8,2,10,2,10
2024,10,2024-11-02T19:30:00.000Z,401635602,North Carolina,35,500,72,55,289,5.3,13,17,211,12.4,11,16,0,23
2024,15,2024-12-07T21:00:00.000Z,401673469,Georgia,22,277,67,37,141,3.8,20,30,136,4.5,5,15,2,19
2024,15,2024-12-07T21:00:00.000Z,401673469,Texas,19,389,74,28,31,1.1,27,46,358,7.8,6,18,3,21
2024,13,2024-11-23T17:45:00.000Z,401628430,Georgia,59,550,72,37,208,5.6,23,35,342,9.8,4,9,0,34
2024,8,2024-10-19T23:30:00.000Z,401628398,Georgia,30,285,69,28,110,3.9,23,41,175,4.3,6,17,3,14
2024,8,2024-10-19T23:30:00.000Z,401628398,Texas,15,259,76,27,29,1.1,28,49,230,4.7,2,15,4,19
2024,14,2024-11-30T00:30:00.000Z,401628439,Georgia Tech,42,563,83,47,260,5.5,26,36,303,8.4,7,15,1,28
2024,14,2024-11-30T00:30:00.000Z,401628439,Georgia,44,405,69,26,108,4.2,28,43,297,6.9,6,12,1,24
2024,3,2024-09-14T23:30:00.000Z,401628354,Georgia,13,262,54,30,102,3.4,15,24,160,6.7,5,13,0,12
2024,3,2024-09-14T23:30:00.000Z,401628354,Kentucky,12,284,73,45,170,3.8,14,28,114,4.1,9,16,1,23
2024,7,2024-10-12T20:15:00.000Z,401628386,Mississippi State,31,385,63,26,79,3.0,20,37,306,8.3,2,12,1,17
2024,7,2024-10-12T20:15:00.000Z,401628386,Georgia,41,609,74,26,150,5.8,36,48,459,9.6,5,11,2,28
2024,12,2024-11-17T00:30:00.000Z,401628421,Georgia,31,453,71,31,106,3.4,25,40,347,8.7,8,14,0,25
2024,12,2024-11-17T00:30:00.000Z,401628421,Tennessee,17,319,72,39,152,3.9,20,33,167,5.1,10,18,1,20
2024,11,2024-11-09T20:30:00.000Z,401628414,Georgia,10,245,64,33,59,1.8,20,31,186,6.0,6,14,3,16
2024,11,2024-11-09T20:30:00.000Z,401628414,Ole Miss,28,397,64,36,134,3.7,18,28,263,9.4,4,13,1,19
2024,2,2024-09-07T18:00:00.000Z,401628339,Georgia,48,498,61,24,166,6.9,28,37,332,9.0,4,9,0,27
2024,1,2024-09-01T00:00:00.000Z,401634302,Georgia Tech,35,499,64,34,225,6.6,25,30,274,9.1,4,9,1,22
2024,11,2024-11-09T17:00:00.000Z,401635609,Miami,23,436,63,24,88,3.7,25,39,348,8.9,3,10,1,23
2024,11,2024-11-09T17:00:00.000Z,401635609,Georgia Tech,28,370,64,48,271,5.6,11,16,99,6.2,9,14,0,18
2024,3,2024-09-14T19:30:00.000Z,401635543,Georgia Tech,59,572,66,34,190,5.6,23,32,382,11.9,3,8,0,30
2024,8,2024-10-19T19:30:00.000Z,401628982,Georgia Tech,13,333,67,29,64,2.2,20,38,269,7.1,4,14,2,18
2024,9,2024-10-26T16:00:00.000Z,401635597,Virginia Tech,21,237,58,30,103,3.4,17,28,134,4.8,2,15,0,11
2024,9,2024-10-26T16:00:00.000Z,401635597,Georgia Tech,6,356,81,33,96,2.9,21,48,260,5.4,5,19,2,17
2024,13,2024-11-22T00:30:00.000Z,401634772,Georgia Tech,30,391,72,36,119,3.3,22,36,272,7.6,5,14,1,19
2024,13,2024-11-22T00:30:00.000Z,401634772,NC State,29,400,59,29,253,8.7,17,30,147,4.9,5,12,3,16
2024,4,2024-09-21T19:30:00.000Z,401635554,Louisville,31,326,46,27,57,2.1,13,19,269,14.2,2,9,0,14
2024,4,2024-09-21T19:30:00.000Z,401635554,Georgia Tech,19,410,69,37,98,2.6,21,32,312,9.8,4,15,1,18
2024,7,2024-10-12T16:00:00.000Z,401635577,Georgia Tech,41,505,71,48,371,7.7,12,23,134,5.8,4,11,0,25
2024,7,2024-10-12T16:00:00.000Z,401635577,North Carolina,34,417,68,34,201,5.9,18,34,216,6.4,4,14,2,21
2024,2,2024-09-07T16:00:00.000Z,401635534,Syracuse,31,520,75,29,139,4.8,32,46,381,8.3,10,17,0,27
2024,2,2024-09-07T16:00:00.000Z,401635534,Georgia Tech,28,378,63,24,112,4.7,29,39,266,6.8,7,14,0,19
2024,1,2024-08-31T23:00:00.000Z,401636611,Houston,7,259,64,26,50,1.9,22,38,209,5.5,2,15,2,14
2024,8,2024-10-19T19:30:00.000Z,401636901,Houston,14,335,65,32,98,3.1,21,33,237,7.2,5,14,4,20
2024,8,2024-10-19T19:30:00.000Z,401636901,Kansas,42,470,51,30,223,7.4,16,21,247,11.8,3,7,0,21
2024,3,2024-09-15T00:00:00.000Z,401636862,Houston,33,379,63,42,237,5.6,12,21,142,6.8,6,14,0,16
2024,6,2024-10-04T23:30:00.000Z,401636891,TCU,19,299,59,22,66,3.0,23,37,233,6.3,3,10,4,20
2024,6,2024-10-04T23:30:00.000Z,401636891,Houston,30,361,64,44,207,4.7,17,20,154,7.7,5,13,0,19
2024,9,2024-10-26T23:00:00.000Z,401636908,Houston,17,291,62,49,230,4.7,6,13,61,4.7,3,15,1,16
2024,9,2024-10-26T23:00:00.000Z,401636908,Utah,14,306,63,26,90,3.5,20,37,216,5.8,4,16,2,12
2024,10,2024-11-02T19:30:00.000Z,401636913,Houston,24,234,51,39,123,3.2,12,12,111,9.3,3,12,1,10
2024,10,2024-11-02T19:30:00.000Z,401636913,Kansas State,19,337,72,33,99,3.0,23,39,238,6.1,5,14,2,21
2024,5,2024-09-28T23:00:00.000Z,401636881,Houston,0,243,46,30,171,5.7,9,16,72,4.5,1,8,3,11
2024,5,2024-09-28T23:00:00.000Z,401636881,Iowa State,20,393,66,38,240,6.3,17,28,153,5.5,9,17,0,19
2024,2,2024-09-07T23:45:00.000Z,401628345,Oklahoma,16,252,60,28,78,2.8,19,32,174,5.4,4,14,1,15
2024,2,2024-09-07T23:45:00.000Z,401628345,Houston,12,318,63,35,58,1.7,24,28,260,9.3,4,15,2,18
2024,8,2024-10-19T19:30:00.000Z,401628518,Illinois,21,267,57,38,187,4.9,9,19,80,4.2,3,11,0,18
2024,8,2024-10-19T19:30:00.000Z,401628518,Michigan,7,322,70,38,114,3.0,20,32,208,6.5,5,14,3,20
2024,4,2024-09-21T00:00:00.000Z,401628485,Nebraska,24,347,67,32,50,1.6,24,35,297,8.5,8,15,1,20
2024,4,2024-09-21T00:00:00.000Z,401628485,Illinois,31,383,65,38,168,4.4,21,27,215,8.0,7,13,2,25
2024,5,2024-09-28T23:30:00.000Z,401628495,Penn State,21,376,64,43,241,5.6,15,21,135,6.4,6,11,0,24
2024,5,2024-09-28T23:30:00.000Z,401628495,Illinois,7,219,57,32,34,1.1,16,25,185,7.4,4,13,2,17
2024,10,2024-11-02T16:00:00.000Z,401628533,Illinois,17,352,62,29,126,4.3,20,33,226,6.8,7,13,2,20
2024,10,2024-11-02T16:00:00.000Z,401628533,Minnesota,25,363,68,31,150,4.8,22,37,213,5.8,7,15,0,21
2024,12,2024-11-16T19:30:00.000Z,401628547,Illinois,38,370,62,30,139,4.6,19,32,231,7.2,8,15,0,18
2024,12,2024-11-16T19:30:00.000Z,401628547,Michigan State,16,345,67,27,89,3.3,23,40,256,6.4,2,15,0,18
2024,7,2024-10-12T19:30:00.000Z,401628511,Purdue,49,536,58,32,239,7.5,18,26,297,11.4,5,10,0,21
2024,7,2024-10-12T19:30:00.000Z,401628511,Illinois,50,556,73,39,177,4.5,20,34,379,11.1,8,12,1,28
2024,3,2024-09-14T16:00:00.000Z,401628475,Illinois,30,379,58,29,137,4.7,19,29,242,8.3,4,11,0,20
2024,13,2024-11-23T17:00:00.000Z,401628554,Rutgers,31,387,81,45,213,4.7,18,36,174,4.8,8,14,1,30
2024,13,2024-11-23T17:00:00.000Z,401628554,Illinois,38,431,62,36,182,5.1,12,26,249,9.6,4,10,0,24
2024,14,2024-11-30T17:00:00.000Z,401628563,Northwestern,28,442,90,29,113,3.9,29,61,329,5.4,9,19,4,28
2024,14,2024-11-30T17:00:00.000Z,401628563,Illinois,38,385,51,34,215,6.3,10,17,170,10.0,4,10,2,14
2024,9,2024-10-26T19:30:00.000Z,401628525,Oregon,38,527,67,39,229,5.9,20,28,298,10.6,6,11,1,27
2024,9,2024-10-26T19:30:00.000Z,401628525,Illinois,9,293,67,32,132,4.1,17,35,161,4.6,5,13,2,18
2024,1,2024-08-30T01:00:00.000Z,401654845,Illinois,45,486,71,42,244,5.8,21,29,242,8.3,4,10,0,27
2024,2,2024-09-07T23:00:00.000Z,401628462,Kansas,17,327,65,33,186,5.6,18,32,141,4.4,6,13,4,18
2024,2,2024-09-07T23:00:00.000Z,401628462,Illinois,23,271,59,34,79,2.3,16,25,192,7.7,6,15,1,14
2024,1,2024-08-31T19:30:00.000Z,401628449,Indiana,31,414,65,40,234,5.9,15,25,180,7.2,4,10,0,23
2024,9,2024-10-26T16:00:00.000Z,401628526,Washington,17,318,58,31,116,3.7,19,27,202,7.5,3,11,2,16
2024,9,2024-10-26T16:00:00.000Z,401628526,Indiana,31,312,71,52,188,3.6,11,19,124,6.5,8,15,1,20
2024,4,2024-09-21T16:00:00.000Z,401628486,Indiana,52,510,68,41,222,5.4,18,27,288,10.7,4,10,0,29
2024,5,2024-09-28T16:00:00.000Z,401628496,Indiana,42,510,75,42,151,3.6,22,33,359,10.9,7,13,4,28
2024,5,2024-09-28T16:00:00.000Z,401628496,Maryland,28,401,71,30,112,3.7,26,41,289,7.0,5,15,0,19
2024,8,2024-10-19T16:00:00.000Z,401628519,Nebraska,7,304,75,29,70,2.4,28,46,234,5.1,7,16,5,20
2024,8,2024-10-19T16:00:00.000Z,401628519,Indiana,56,495,63,33,215,6.5,24,30,280,9.3,5,9,1,24
2024,2,2024-09-06T23:00:00.000Z,401628463,Indiana,77,703,67,46,325,7.1,19,21,378,18.0,7,9,0,33
2024,3,2024-09-14T23:30:00.000Z,401628476,UCLA,13,238,50,26,96,3.7,15,24,142,5.9,2,8,2,16
2024,3,2024-09-14T23:30:00.000Z,401628476,Indiana,42,430,62,29,123,4.2,25,33,307,9.3,9,12,0,25
2024,14,2024-12-01T00:00:00.000Z,401628564,Indiana,66,586,73,42,237,5.6,23,31,349,11.3,5,10,0,30
2024,14,2024-12-01T00:00:00.000Z,401628564,Purdue,0,67,45,24,13,0.5,9,21,54,2.6,0,11,5,5
2024,6,2024-10-05T19:30:00.000Z,401628503,Northwestern,24,336,60,22,93,4.2,23,38,243,6.4,5,13,0,17
2024,6,2024-10-05T19:30:00.000Z,401628503,Indiana,41,529,68,35,149,4.3,25,33,380,11.5,3,9,0,27
2024,10,2024-11-02T19:30:00.000Z,401628534,Michigan State,10,193,64,32,-36,-1.1,20,32,229,7.2,5,15,2,15
2024,10,2024-11-02T19:30:00.000Z,401628534,Indiana,47,392,58,29,129,4.4,19,29,263,9.1,2,10,0,20
2024,13,2024-11-23T17:00:00.000Z,401628555,Ohio State,38,316,55,29,115,4.0,22,26,201,7.7,4,11,1,14
2024,13,2024-11-23T17:00:00.000Z,401628555,Indiana,15,153,58,40,85,2.1,8,18,68,3.8,6,14,1,16
2024,11,2024-11-09T20:30:00.000Z,401628541,Indiana,20,246,56,28,40,1.4,17,28,206,7.4,4,11,1,14
2024,11,2024-11-09T20:30:00.000Z,401628541,Michigan,15,206,66,34,69,2.0,16,32,137,4.3,5,15,1,16
2024,4,2024-09-21T23:30:00.000Z,401628487,Minnesota,14,288,58,21,79,3.8,22,37,209,5.6,6,14,2,15
2024,4,2024-09-21T23:30:00.000Z,401628487,Iowa,31,334,64,45,272,6.0,11,19,62,3.3,7,15,0,19
2024,11,2024-11-09T02:00:00.000Z,401628542,UCLA,20,415,73,39,211,5.4,21,34,203,6.0,9,14,3,23
2024,11,2024-11-09T02:00:00.000Z,401628542,Iowa,17,265,46,31,80,2.6,9,15,185,12.3,4,10,3,12
2024,3,2024-09-14T20:00:00.000Z,401628477,Iowa,38,462,69,45,284,6.3,20,24,178,7.4,7,13,0,25
2024,6,2024-10-05T19:30:00.000Z,401628504,Ohio State,35,412,65,40,203,5.1,21,25,209,8.4,7,11,2,21
2024,6,2024-10-05T19:30:00.000Z,401628504,Iowa,7,226,48,27,116,4.3,15,21,110,5.2,5,12,3,10
2024,2,2024-09-07T19:30:00.000Z,401628464,Iowa,19,303,67,38,204,5.4,13,29,99,3.4,6,17,2,16
2024,2,2024-09-07T19:30:00.000Z,401628464,Iowa State,20,361,63,28,89,3.2,23,35,272,7.8,2,14,1,15
2024,9,2024-10-26T19:30:00.000Z,401628527,Iowa,40,355,66,39,203,5.2,16,27,152,5.6,6,17,1,14
2024,9,2024-10-26T19:30:00.000Z,401628527,Northwestern,14,163,51,24,43,1.8,15,27,120,4.4,2,12,3,11
2024,8,2024-10-19T23:30:00.000Z,401628520,Michigan State,32,468,70,40,212,5.3,22,30,256,8.5,5,13,1,27
2024,8,2024-10-19T23:30:00.000Z,401628520,Iowa,20,283,46,23,133,5.8,11,23,150,6.5,5,11,1,12
2024,13,2024-11-23T17:00:00.000Z,401628556,Iowa,29,349,71,57,273,4.8,10,14,76,5.4,5,14,1,21
2024,13,2024-11-23T17:00:00.000Z,401628556,Maryland,13,227,57,26,98,3.8,17,31,129,4.2,4,13,2,14
2024,1,2024-08-31T16:00:00.000Z,401628450,Iowa,40,492,71,40,241,6.0,21,31,251,8.1,7,15,0,23
2024,14,2024-11-30T00:30:00.000Z,401628562,Iowa,13,164,41,26,49,1.9,8,15,115,7.7,0,10,0,5
2024,14,2024-11-30T00:30:00.000Z,401628562,Nebraska,10,334,76,43,144,3.3,22,33,190,5.8,8,17,2,20
2024,7,2024-10-12T16:00:00.000Z,401628512,Iowa,40,328,51,37,220,5.9,8,14,108,7.7,5,10,0,20
2024,7,2024-10-12T16:00:00.000Z,401628512,Washington,16,393,80,30,127,4.2,34,50,266,5.3,5,15,2,23
2024,10,2024-11-02T23:30:00.000Z,401628535,Iowa,42,423,63,53,330,6.2,7,10,93,9.3,6,11,0,23
2024,10,2024-11-02T23:30:00.000Z,401628535,Wisconsin,10,261,57,28,124,4.4,15,29,137,4.7,2,11,2,16
2024,4,2024-09-21T18:00:00.000Z,401636875,Iowa State,52,490,73,48,237,4.9,16,25,253,10.1,6,11,2,25
2024,7,2024-10-13T00:00:00.000Z,401636896,West Virginia,16,356,63,31,150,4.8,18,32,206,6.4,9,13,2,23
2024,7,2024-10-13T00:00:00.000Z,401636896,Iowa State,28,395,69,43,130,3.0,18,26,265,10.2,9,14,0,24
2024,10,2024-11-02T19:30:00.000Z,401636914,Iowa State,22,432,77,38,133,3.5,23,39,299,7.7,5,16,2,23
2024,10,2024-11-02T19:30:00.000Z,401636914,Texas Tech,23,366,74,34,129,3.8,21,40,237,5.9,6,15,2,21
2024,13,2024-11-24T00:30:00.000Z,401636936,Utah,28,224,45,28,95,3.4,13,17,129,7.6,3,10,1,9
2024,13,2024-11-24T00:30:00.000Z,401636936,Iowa State,31,405,77,38,123,3.2,21,39,282,7.2,8,16,2,25
2024,11,2024-11-09T20:30:00.000Z,401636919,Kansas,45,532,70,46,237,5.2,12,24,295,12.3,7,13,0,25
2024,11,2024-11-09T20:30:00.000Z,401636919,Iowa State,36,461,62,24,78,3.3,24,38,383,10.1,4,11,1,23
2024,1,2024-08-31T19:30:00.000Z,401634197,Iowa State,21,353,48,22,86,3.9,20,26,267,10.3,5,10,0,18
2024,14,2024-12-01T00:30:00.000Z,401636944,Iowa State,29,324,79,43,187,4.3,13,36,137,3.8,4,16,0,22
2024,14,2024-12-01T00:30:00.000Z,401636944,Kansas State,21,364,60,31,144,4.6,12,29,220,7.6,3,13,2,14
2024,8,2024-10-19T23:30:00.000Z,401636900,Iowa State,38,530,94,48,256,5.3,20,46,274,6.0,6,19,2,28
2024,8,2024-10-19T23:30:00.000Z,401636900,UCF,35,416,59,39,354,9.1,8,20,62,3.1,3,12,2,14
2024,4,2024-09-21T16:00:00.000Z,401636879,Kansas,28,432,71,46,248,5.4,15,25,184,7.4,6,13,2,25
2024,4,2024-09-21T16:00:00.000Z,401636879,West Virginia,32,444,62,32,149,4.7,15,30,295,9.8,7,13,2,23
2024,9,2024-10-27T00:00:00.000Z,401636909,Kansas State,29,482,69,35,229,6.5,19,34,253,7.4,6,15,1,22
2024,9,2024-10-27T00:00:00.000Z,401636909,Kansas,27,401,65,34,192,5.6,18,31,209,6.7,8,13,2,23
2024,5,2024-09-28T19:30:00.000Z,401636882,Kansas,27,347,67,33,168,5.1,15,34,179,5.3,9,17,1,20
2024,5,2024-09-28T19:30:00.000Z,401636882,TCU,38,509,70,33,153,4.6,28,37,356,9.6,5,11,3,26
2024,1,2024-08-30T00:00:00.000Z,401636606,Kansas,48,530,65,44,331,7.5,14,21,199,9.5,6,10,2,26
2024,3,2024-09-13T23:00:00.000Z,401636863,Kansas,20,352,59,35,199,5.7,12,24,153,6.4,5,12,2,17
2024,1,2024-08-31T23:00:00.000Z,401636612,Kansas State,41,449,56,31,283,9.1,16,25,166,6.6,4,10,2,20
2024,8,2024-10-19T23:30:00.000Z,401636904,West Virginia,18,295,75,43,152,3.5,15,32,143,4.5,5,17,2,20
2024,8,2024-10-19T23:30:00.000Z,401636904,Kansas State,45,414,53,24,116,4.8,19,29,298,10.3,7,12,0,19
2024,2,2024-09-07T16:00:00.000Z,401636616,Kansas State,34,396,56,33,215,6.5,15,23,181,7.9,2,10,0,19
2024,5,2024-09-28T16:00:00.000Z,401636883,Kansas State,42,559,65,34,300,8.8,19,31,259,8.4,3,12,1,23
2024,5,2024-09-28T16:00:00.000Z,401636883,Oklahoma State,20,499,79,29,135,4.7,26,50,364,7.3,6,17,2,25
2024,1,2024-08-31T23:45:00.000Z,401628324,Kentucky,31,317,42,24,148,6.2,12,18,169,9.4,3,5,1,19
2024,2,2024-09-07T19:30:00.000Z,401628340,South Carolina,31,252,50,34,86,2.5,12,16,166,10.4,3,10,1,13
2024,2,2024-09-07T19:30:00.000Z,401628340,Kentucky,6,183,63,46,139,3.0,6,17,44,2.6,3,14,2,13
2024,5,2024-09-28T16:00:00.000Z,401628377,Ole Miss,17,353,56,29,92,3.2,18,27,261,9.7,1,10,1,14
2024,5,2024-09-28T16:00:00.000Z,401628377,Kentucky,20,336,75,47,93,2.0,18,28,243,8.7,4,16,0,22
2024,14,2024-11-30T17:00:00.000Z,401628440,Kentucky,14,328,57,33,155,4.7,10,24,173,7.2,0,7,5,13
2024,14,2024-11-30T17:00:00.000Z,401628440,Louisville,41,486,69,51,358,7.0,9,18,128,7.1,5,13,1,23
2024,12,2024-11-16T18:30:00.000Z,401628422,Kentucky,48,582,79,46,269,5.8,22,33,313,9.5,4,11,2,32
2024,4,2024-09-21T16:45:00.000Z,401628364,Kentucky,41,488,68,41,206,5.0,19,27,282,10.4,7,13,0,25
2024,7,2024-10-12T23:45:00.000Z,401628387,Kentucky,13,324,56,30,166,5.5,15,26,158,6.1,4,9,2,23
2024,7,2024-10-12T23:45:00.000Z,401628387,Vanderbilt,20,290,52,34,147,4.3,15,18,143,7.9,8,13,1,19
2024,13,2024-11-23T20:30:00.000Z,401628436,Texas,31,442,77,46,251,5.5,20,31,191,6.2,6,14,2,28
2024,13,2024-11-23T20:30:00.000Z,401628436,Kentucky,14,232,55,30,21,0.7,13,25,211,8.4,2,12,2,14
2024,10,2024-11-02T23:45:00.000Z,401628412,Tennessee,28,478,81,43,186,4.3,28,38,292,7.7,7,14,1,29
2024,10,2024-11-02T23:45:00.000Z,401628412,Kentucky,18,366,63,36,174,4.8,14,27,192,7.1,4,14,3,19
2024,2,2024-09-07T23:30:00.000Z,401628341,LSU,44,378,59,21,64,3.0,28,38,314,8.3,4,9,0,24
2024,5,2024-09-28T23:45:00.000Z,401628376,LSU,42,667,69,27,237,8.8,29,42,430,10.2,6,9,2,29
2024,3,2024-09-14T16:00:00.000Z,401628359,South Carolina,33,398,61,41,243,5.9,11,20,155,7.8,3,12,3,18
2024,3,2024-09-14T16:00:00.000Z,401628359,LSU,36,417,72,32,132,4.1,24,40,285,7.1,6,14,2,26
2024,14,2024-12-01T00:00:00.000Z,401628441,LSU,37,395,63,29,110,3.8,23,34,285,8.4,6,15,1,18
2024,14,2024-12-01T00:00:00.000Z,401628441,Oklahoma,17,277,59,37,167,4.5,14,22,110,5.0,4,12,1,17
2024,7,2024-10-12T23:30:00.000Z,401628388,Ole Miss,26,465,83,41,181,4.4,24,42,284,6.8,11,22,2,22
2024,7,2024-10-12T23:30:00.000Z,401628388,LSU,29,421,75,24,84,3.5,22,51,337,6.6,6,16,2,22
2024,13,2024-11-24T00:45:00.000Z,401628431,LSU,24,474,66,29,142,4.9,28,37,332,9.0,8,13,0,27
2024,13,2024-11-24T00:45:00.000Z,401628431,Vanderbilt,17,308,48,24,122,5.1,13,24,186,7.8,2,10,0,13
2024,1,2024-09-01T23:30:00.000Z,401628334,LSU,20,421,64,26,117,4.5,29,38,304,8.0,5,13,1,22
2024,1,2024-09-01T23:30:00.000Z,401628334,USC,27,450,58,22,72,3.3,27,36,378,10.5,3,9,0,24
2024,9,2024-10-26T23:30:00.000Z,401628404,Texas A&M,38,376,69,49,242,4.9,8,20,134,6.7,6,15,1,17
2024,9,2024-10-26T23:30:00.000Z,401628404,LSU,23,429,73,23,24,1.0,25,50,405,8.1,8,17,3,20
2024,4,2024-09-21T19:30:00.000Z,401628365,LSU,34,454,72,28,102,3.6,32,44,352,8.0,10,15,0,26
2024,4,2024-09-21T19:30:00.000Z,401628365,UCLA,17,295,58,22,14,0.6,22,36,281,7.8,5,12,2,17
2024,8,2024-10-19T16:00:00.000Z,401635589,Miami,52,541,69,37,222,6.0,21,32,319,10.0,9,15,1,27
2024,8,2024-10-19T16:00:00.000Z,401635589,Louisville,45,448,72,21,106,5.0,31,51,342,6.7,3,12,1,24
2024,7,2024-10-12T19:30:00.000Z,401635578,Louisville,24,408,62,31,177,5.7,18,31,231,7.5,3,10,1,18
2024,7,2024-10-12T19:30:00.000Z,401635578,Virginia,20,449,82,36,148,4.1,27,46,301,6.5,8,19,0,22
2024,5,2024-09-28T19:30:00.000Z,401628980,Louisville,24,437,75,34,173,5.1,24,41,264,6.4,7,17,2,19
2024,1,2024-08-31T16:00:00.000Z,401632062,Louisville,62,571,62,28,293,10.5,27,34,278,8.2,4,10,0,23
2024,13,2024-11-23T21:00:00.000Z,401635617,Louisville,37,507,71,43,214,5.0,17,28,293,10.5,7,12,0,26
2024,13,2024-11-23T21:00:00.000Z,401635617,Pittsburgh,9,265,62,27,75,2.8,19,35,190,5.4,4,12,3,17
2024,12,2024-11-16T20:30:00.000Z,401635517,Stanford,38,406,71,37,83,2.2,23,34,323,9.5,5,16,1,22
2024,12,2024-11-16T20:30:00.000Z,401635517,Louisville,35,432,66,26,162,6.2,26,40,270,6.8,4,10,1,21
2024,6,2024-10-05T16:00:00.000Z,401635571,Louisville,27,461,69,34,132,3.9,22,35,329,9.4,4,12,1,21
2024,6,2024-10-05T16:00:00.000Z,401635571,SMU,34,481,63,35,190,5.4,22,28,291,10.4,5,11,0,26
2024,2,2024-09-07T19:30:00.000Z,401635535,Louisville,49,611,70,35,234,6.7,23,35,377,10.8,9,13,0,29
2024,4,2024-09-21T16:00:00.000Z,401628488,Maryland,38,497,64,30,159,5.3,29,34,338,9.9,7,10,2,25
2024,3,2024-09-15T00:00:00.000Z,401628478,Virginia,13,370,67,30,123,4.1,21,37,247,6.7,3,15,4,18
2024,3,2024-09-15T00:00:00.000Z,401628478,Maryland,27,391,80,37,128,3.5,28,43,263,6.1,8,19,0,21
2024,9,2024-10-26T19:30:00.000Z,401628528,Minnesota,48,443,63,29,123,4.2,26,34,320,9.4,9,13,0,26
2024,9,2024-10-26T19:30:00.000Z,401628528,Maryland,23,427,69,26,104,4.0,26,43,323,7.5,6,14,2,21
2024,14,2024-11-30T20:30:00.000Z,401628565,Penn State,44,412,79,49,219,4.5,20,30,193,6.4,5,15,1,24
2024,14,2024-11-30T20:30:00.000Z,401628565,Maryland,7,194,57,31,72,2.3,15,26,122,4.7,2,12,3,13
2024,8,2024-10-19T20:00:00.000Z,401628521,Maryland,29,429,75,24,56,2.3,39,51,373,7.3,2,13,2,25
2024,8,2024-10-19T20:00:00.000Z,401628521,USC,28,417,74,24,81,3.4,34,50,336,6.7,6,14,1,25
2024,1,2024-08-31T16:00:00.000Z,401628451,Maryland,50,629,83,46,248,5.4,27,37,381,10.3,6,16,0,29
2024,12,2024-11-16T23:00:00.000Z,401628548,Maryland,17,457,81,25,122,4.9,32,56,335,6.0,8,17,1,26
2024,12,2024-11-16T23:00:00.000Z,401628548,Rutgers,31,375,66,36,137,3.8,20,30,238,7.9,6,14,0,24
2024,7,2024-10-12T00:00:00.000Z,401628513,Maryland,10,355,85,33,59,1.8,28,52,296,5.7,6,15,4,25
2024,7,2024-10-12T00:00:00.000Z,401628513,Northwestern,37,283,52,34,80,2.4,10,18,203,11.3,3,12,0,10
2024,2,2024-09-07T19:30:00.000Z,401628465,Maryland,24,339,65,31,86,2.8,26,34,253,7.4,11,17,1,21
2024,2,2024-09-07T19:30:00.000Z,401628465,Michigan State,27,493,69,30,130,4.3,24,39,363,9.3,8,14,3,26
2024,11,2024-11-10T00:00:00.000Z,401628543,Oregon,39,363,65,31,180,5.8,23,34,183,5.4,6,15,0,19
2024,11,2024-11-10T00:00:00.000Z,401628543,Maryland,18,289,76,31,83,2.7,22,45,206,4.6,7,19,3,19
2024,4,2024-09-21T23:00:00.000Z,401635555,Miami,50,592,63,29,188,6.5,24,34,404,11.9,7,10,1,27
2024,3,2024-09-14T19:30:00.000Z,401635544,Miami,62,750,71,31,243,7.8,30,40,507,12.7,7,11,0,31
2024,5,2024-09-27T23:30:00.000Z,401634767,Miami,38,508,70,32,165,5.2,24,38,343,9.0,10,15,3,24
2024,5,2024-09-27T23:30:00.000Z,401634767,Virginia Tech,34,394,66,32,206,6.4,20,34,188,5.5,9,14,1,23
2024,14,2024-11-30T20:30:00.000Z,401635623,Syracuse,42,482,68,32,102,3.2,26,36,380,10.6,7,10,1,26
2024,14,2024-11-30T20:30:00.000Z,401635623,Miami,38,503,67,31,154,5.0,25,36,349,9.7,6,11,1,25
2024,2,2024-09-07T22:00:00.000Z,401635536,Miami,56,549,71,38,225,5.9,26,33,324,9.8,8,12,0,31
2024,13,2024-11-23T17:00:00.000Z,401635618,Miami,42,508,70,32,228,7.1,27,38,280,7.4,7,12,2,27
2024,13,2024-11-23T17:00:00.000Z,401635618,Wake Forest,14,193,57,40,94,2.4,9,17,99,5.8,4,14,2,12
2024,3,2024-09-14T16:00:00.000Z,401628479,Michigan,28,435,62,44,301,6.8,13,18,134,7.4,9,12,3,20
2024,6,2024-10-05T23:30:00.000Z,401628505,Washington,27,429,68,35,114,3.3,23,33,315,9.5,5,11,1,23
2024,6,2024-10-05T23:30:00.000Z,401628505,Michigan,17,287,62,37,174,4.7,13,25,113,4.5,4,12,2,17
2024,4,2024-09-21T19:30:00.000Z,401628489,Michigan,27,322,58,46,290,6.3,7,12,32,2.7,4,15,2,12
2024,4,2024-09-21T19:30:00.000Z,401628489,USC,24,379,73,21,96,4.6,28,52,283,5.4,7,19,2,17
2024,13,2024-11-23T20:30:00.000Z,401628557,Michigan,50,396,70,35,201,5.7,26,35,195,5.6,11,16,1,25
2024,13,2024-11-23T20:30:00.000Z,401628557,Northwestern,6,128,48,24,11,0.5,12,24,117,4.9,5,14,2,8
2024,14,2024-11-30T17:00:00.000Z,401628566,Ohio State,10,252,59,26,77,3.0,19,33,175,5.3,6,16,2,16
2024,14,2024-11-30T17:00:00.000Z,401628566,Michigan,13,235,57,41,173,4.2,9,16,62,3.9,7,14,2,13
2024,1,2024-08-31T23:30:00.000Z,401628452,Michigan,30,269,61,34,148,4.4,16,27,121,4.5,4,11,1,18
2024,5,2024-09-28T16:00:00.000Z,401628497,Michigan,27,241,61,43,155,3.6,10,18,86,4.8,6,15,1,15
2024,5,2024-09-28T16:00:00.000Z,401628497,Minnesota,24,296,65,25,38,1.5,27,40,258,6.5,6,15,2,20
2024,9,2024-10-26T23:30:00.000Z,401628529,Michigan,24,265,51,31,119,3.8,14,20,146,7.3,7,12,0,17
2024,9,2024-10-26T23:30:00.000Z,401628529,Michigan State,17,352,65,42,163,3.9,17,23,189,8.2,8,15,1,18
2024,10,2024-11-02T19:30:00.000Z,401628536,Michigan,17,270,53,28,105,3.8,13,25,165,6.6,4,12,0,11
2024,10,2024-11-02T19:30:00.000Z,401628536,Oregon,38,470,71,37,176,4.8,22,34,294,8.6,10,15,1,23
2024,2,2024-09-07T16:00:00.000Z,401628347,Michigan,12,286,55,22,82,3.7,22,33,204,6.2,3,12,3,13
2024,2,2024-09-07T16:00:00.000Z,401628347,Texas,31,389,68,32,143,4.5,24,36,246,6.8,10,16,0,19
2024,14,2024-11-30T20:30:00.000Z,401628567,Rutgers,41,375,68,46,218,4.7,13,22,157,7.1,7,13,0,24
2024,14,2024-11-30T20:30:00.000Z,401628567,Michigan State,14,276,47,23,126,5.5,13,24,150,6.3,3,9,1,13
2024,6,2024-10-05T01:00:00.000Z,401628506,Oregon,31,477,71,37,213,5.8,21,34,264,7.8,6,12,2,25
2024,6,2024-10-05T01:00:00.000Z,401628506,Michigan State,10,250,52,30,59,2.0,15,22,191,8.7,2,11,1,16
2024,13,2024-11-23T01:00:00.000Z,401628558,Michigan State,24,296,67,36,137,3.8,15,31,159,5.1,6,14,0,22
2024,13,2024-11-23T01:00:00.000Z,401628558,Purdue,17,338,66,19,-4,-0.2,26,47,342,7.3,5,13,2,19
2024,1,2024-08-30T23:00:00.000Z,401628453,Michigan State,16,293,61,37,179,4.8,10,24,114,4.8,3,13,3,15
2024,5,2024-09-28T23:30:00.000Z,401628498,Michigan State,7,246,50,25,47,1.9,16,25,199,8.0,2,9,3,13
2024,5,2024-09-28T23:30:00.000Z,401628498,Ohio State,38,483,75,35,185,5.3,26,40,298,7.5,8,17,1,23
2024,3,2024-09-14T19:30:00.000Z,401628480,Michigan State,40,458,63,34,188,5.5,20,29,270,9.3,8,11,0,22
2024,2,2024-09-07T16:00:00.000Z,401628466,Minnesota,48,422,72,38,116,3.1,27,34,306,9.0,6,11,0,27
2024,6,2024-10-05T23:30:00.000Z,401628507,Minnesota,24,362,59,40,193,4.8,15,19,169,8.9,2,8,1,22
2024,6,2024-10-05T23:30:00.000Z,401628507,USC,17,373,66,28,173,6.2,23,38,200,5.3,7,11,3,21
2024,14,2024-11-29T17:00:00.000Z,401628568,Wisconsin,7,167,55,23,37,1.6,15,32,130,4.1,3,14,0,12
2024,14,2024-11-29T17:00:00.000Z,401628568,Minnesota,24,374,65,39,183,4.7,17,26,191,7.3,7,15,0,21
2024,3,2024-09-14T19:30:00.000Z,401628481,Minnesota,27,386,58,32,195,6.1,16,26,191,7.3,4,11,1,20
2024,1,2024-08-30T00:00:00.000Z,401628448,Minnesota,17,244,55,33,78,2.4,13,22,166,7.5,4,12,1,14
2024,1,2024-08-30T00:00:00.000Z,401628448,North Carolina,19,252,64,41,147,3.6,14,23,105,4.6,8,16,1,18
2024,7,2024-10-13T01:00:00.000Z,401628514,Minnesota,21,234,61,24,41,1.7,26,37,193,5.2,8,15,0,19
2024,7,2024-10-13T01:00:00.000Z,401628514,UCLA,17,329,62,26,36,1.4,25,36,293,8.1,6,13,3,18
2024,13,2024-11-23T20:30:00.000Z,401628559,Minnesota,25,282,58,35,107,3.1,15,23,175,7.6,5,12,2,18
2024,13,2024-11-23T20:30:00.000Z,401628559,Penn State,26,361,61,33,117,3.5,21,28,244,8.7,1,11,0,20
2024,11,2024-11-09T17:00:00.000Z,401628544,Rutgers,26,349,71,38,109,2.9,17,33,240,7.3,4,14,1,19
2024,11,2024-11-09T17:00:00.000Z,401628544,Minnesota,19,297,64,19,35,1.8,27,45,262,5.8,7,16,1,18
2024,8,2024-10-19T20:15:00.000Z,401628394,Mississippi State,24,367,77,36,125,3.5,22,41,242,5.9,5,16,1,22
2024,8,2024-10-19T20:15:00.000Z,401628394,Texas A&M,34,354,61,36,137,3.8,15,25,217,8.7,9,14,2,17
2024,5,2024-09-28T20:15:00.000Z,401628378,Mississippi State,13,294,73,50,150,3.0,12,23,144,6.3,8,17,1,19
2024,5,2024-09-28T20:15:00.000Z,401628378,Texas,35,522,62,31,198,6.4,26,31,324,10.5,5,9,2,21
2024,10,2024-11-02T20:15:00.000Z,401628409,Mississippi State,45,465,54,29,243,8.4,14,25,222,8.9,5,9,0,26
2024,1,2024-08-31T22:00:00.000Z,401628326,Mississippi State,56,450,57,35,203,5.8,15,22,247,11.2,5,11,0,19
2024,13,2024-11-23T21:15:00.000Z,401628432,Mississippi State,20,338,50,22,147,6.7,16,28,191,6.8,2,10,1,16
2024,13,2024-11-23T21:15:00.000Z,401628432,Missouri,39,475,73,53,207,3.9,15,20,268,13.4,11,18,0,24
2024,14,2024-11-29T20:30:00.000Z,401628442,Ole Miss,26,397,75,51,254,5.0,14,24,143,6.0,8,18,0,21
2024,14,2024-11-29T20:30:00.000Z,401628442,Mississippi State,14,330,63,30,39,1.3,18,33,291,8.8,4,15,3,16
2024,3,2024-09-14T23:30:00.000Z,401628356,Mississippi State,17,385,66,27,66,2.4,28,39,319,8.2,6,13,2,21
2024,11,2024-11-10T00:00:00.000Z,401628416,Tennessee,33,452,78,57,240,4.2,13,21,212,10.1,5,14,1,25
2024,11,2024-11-10T00:00:00.000Z,401628416,Mississippi State,14,271,64,38,179,4.7,10,26,92,3.5,3,13,2,15
2024,7,2024-10-12T16:00:00.000Z,401628389,Missouri,45,461,62,38,231,6.1,17,24,230,9.6,5,10,0,22
2024,12,2024-11-16T21:15:00.000Z,401628423,South Carolina,34,462,66,36,109,3.0,21,30,353,11.8,4,10,1,22
2024,12,2024-11-16T21:15:00.000Z,401628423,Missouri,30,381,68,37,144,3.9,21,31,237,7.6,1,9,1,20
2024,1,2024-08-30T00:00:00.000Z,401628327,Missouri,51,489,78,37,189,5.1,29,41,300,7.3,8,13,1,30
2024,6,2024-10-05T16:00:00.000Z,401628383,Texas A&M,41,512,58,36,236,6.6,18,22,276,12.5,7,12,0,20
2024,6,2024-10-05T16:00:00.000Z,401628383,Missouri,10,254,61,30,68,2.3,13,31,186,6.0,5,15,0,13
2024,4,2024-09-21T20:15:00.000Z,401628368,Missouri,30,442,77,40,216,5.4,23,37,226,6.1,7,17,0,22
2024,4,2024-09-21T20:15:00.000Z,401628368,Vanderbilt,27,324,59,36,146,4.1,14,23,178,7.7,4,14,0,15
2024,11,2024-11-10T00:45:00.000Z,401628415,Missouri,30,278,73,46,135,2.9,14,27,143,5.3,11,19,1,19
2024,11,2024-11-10T00:45:00.000Z,401628415,Oklahoma,23,257,62,36,122,3.4,17,26,135,5.2,5,15,4,15
2024,2,2024-09-07T23:00:00.000Z,401628344,Missouri,38,518,83,41,255,6.2,34,42,263,6.3,9,15,1,28
2024,7,2024-10-13T00:00:00.000Z,401635574,Syracuse,24,424,76,33,78,2.4,31,43,346,8.0,8,15,0,25
2024,7,2024-10-13T00:00:00.000Z,401635574,NC State,17,411,45,21,82,3.9,17,24,329,13.7,1,6,3,19
2024,1,2024-08-29T23:00:00.000Z,401634299,NC State,38,521,73,33,203,6.2,26,40,318,8.0,7,13,1,28
2024,10,2024-11-02T16:00:00.000Z,401635516,NC State,59,527,62,40,281,7.0,19,22,246,11.2,6,10,1,25
2024,10,2024-11-02T16:00:00.000Z,401635516,Stanford,28,398,55,39,225,5.8,9,16,173,10.8,3,9,2,16
2024,3,2024-09-14T16:00:00.000Z,401635546,NC State,30,361,69,36,151,4.2,22,33,210,6.4,7,13,1,20
2024,14,2024-11-30T20:30:00.000Z,401635624,North Carolina,30,468,62,28,193,6.9,19,34,275,8.1,3,14,2,17
2024,14,2024-11-30T20:30:00.000Z,401635624,NC State,35,462,66,46,220,4.8,14,20,242,12.1,2,9,1,27
2024,2,2024-09-07T23:30:00.000Z,401628346,NC State,10,143,50,28,39,1.4,15,22,104,4.7,3,12,3,10
2024,2,2024-09-07T23:30:00.000Z,401628346,Tennessee,51,460,67,44,249,5.7,16,23,211,9.2,7,14,2,22
2024,6,2024-10-05T16:00:00.000Z,401635638,NC State,30,419,76,29,105,3.6,31,47,314,6.7,8,15,2,28
2024,6,2024-10-05T16:00:00.000Z,401635638,Wake Forest,34,315,63,31,161,5.2,16,32,154,4.8,3,11,2,21
2024,5,2024-09-28T16:00:00.000Z,401635564,NC State,24,176,46,26,68,2.6,13,20,108,5.4,1,11,0,11
2024,1,2024-08-31T19:30:00.000Z,401628454,Nebraska,40,507,83,47,223,4.7,25,36,284,7.9,11,17,1,30
2024,9,2024-10-26T16:00:00.000Z,401628530,Ohio State,21,285,47,31,64,2.1,13,16,221,13.8,1,10,1,11
2024,9,2024-10-26T16:00:00.000Z,401628530,Nebraska,17,273,66,33,121,3.7,21,33,152,4.6,5,16,1,18
2024,3,2024-09-14T23:30:00.000Z,401628482,Nebraska,34,423,48,22,142,6.5,20,26,281,10.8,4,7,1,22
2024,13,2024-11-23T20:30:00.000Z,401628560,Nebraska,44,478,72,34,185,5.4,28,38,293,7.7,4,9,1,29
2024,13,2024-11-23T20:30:00.000Z,401628560,Wisconsin,25,409,54,24,117,4.9,20,30,292,9.7,3,10,2,15
2024,5,2024-09-28T16:00:00.000Z,401628499,Purdue,10,226,55,30,52,1.7,18,25,174,7.0,7,15,1,12
2024,5,2024-09-28T16:00:00.000Z,401628499,Nebraska,28,405,58,32,161,5.0,16,26,244,9.4,1,8,0,25
2024,12,2024-11-16T21:00:00.000Z,401628549,USC,28,444,66,31,185,6.0,25,35,259,7.4,6,13,2,22
2024,12,2024-11-16T21:00:00.000Z,401628549,Nebraska,20,310,63,25,119,4.8,27,38,191,5.0,5,13,2,19
2024,6,2024-10-05T20:00:00.000Z,401628508,Nebraska,14,261,70,42,97,2.3,14,28,164,5.9,7,19,1,15
2024,6,2024-10-05T20:00:00.000Z,401628508,Rutgers,7,264,69,32,78,2.4,15,37,186,5.0,2,14,2,18
2024,10,2024-11-02T19:30:00.000Z,401628537,Nebraska,20,322,72,38,113,3.0,16,34,209,6.1,9,17,2,21
2024,10,2024-11-02T19:30:00.000Z,401628537,UCLA,27,360,54,29,141,4.9,17,25,219,8.8,6,13,0,17
2024,4,2024-09-21T16:00:00.000Z,401635556,North Carolina,50,616,79,31,141,4.5,28,48,475,9.9,2,9,5,30
2024,12,2024-11-17T01:00:00.000Z,401635583,North Carolina,31,362,75,53,230,4.3,14,22,132,6.0,6,15,1,21
2024,12,2024-11-17T01:00:00.000Z,401635583,Wake Forest,24,354,69,32,114,3.6,24,37,240,6.5,6,14,3,19
2024,9,2024-10-26T16:00:00.000Z,401635598,North Carolina,41,431,69,39,138,3.5,19,30,293,9.8,7,14,0,23
2024,9,2024-10-26T16:00:00.000Z,401635598,Virginia,14,299,69,28,18,0.6,24,41,281,6.9,6,16,2,17
2024,2,2024-09-07T19:30:00.000Z,401635537,North Carolina,38,490,71,45,269,6.0,17,26,221,8.5,6,11,1,28
2024,6,2024-10-05T16:00:00.000Z,401635572,North Carolina,24,416,80,35,147,4.2,24,45,269,6.0,5,15,0,23
2024,6,2024-10-05T16:00:00.000Z,401635572,Pittsburgh,34,520,77,35,139,4.0,25,42,381,9.1,9,16,1,23
2024,3,2024-09-14T22:00:00.000Z,401635545,North Carolina,45,513,70,41,330,8.0,16,29,183,6.3,6,12,0,25
2024,4,2024-09-21T23:00:00.000Z,401628491,Washington,24,391,69,39,144,3.7,22,30,247,8.2,6,12,1,22
2024,4,2024-09-21T23:00:00.000Z,401628491,Northwestern,5,112,53,26,59,2.3,8,27,53,2.0,2,13,2,12
2024,8,2024-10-19T16:00:00.000Z,401628522,Northwestern,3,209,55,31,127,4.1,9,24,82,3.4,2,14,1,9
2024,8,2024-10-19T16:00:00.000Z,401628522,Wisconsin,23,359,67,43,199,4.6,14,24,160,6.7,4,12,2,19
2024,3,2024-09-14T23:30:00.000Z,401655632,Northwestern,31,450,67,35,203,5.8,21,32,247,7.7,4,11,0,22
2024,10,2024-11-02T16:00:00.000Z,401628538,Purdue,20,337,64,23,47,2.0,25,41,290,7.1,7,16,0,16
2024,10,2024-11-02T16:00:00.000Z,401628538,Northwestern,26,426,68,29,124,4.3,25,39,302,7.7,9,16,1,19
2024,12,2024-11-16T17:00:00.000Z,401628550,Ohio State,31,420,57,33,173,5.2,15,24,247,10.3,4,10,0,19
2024,12,2024-11-16T17:00:00.000Z,401628550,Northwestern,7,251,66,30,50,1.7,21,36,201,5.6,6,16,1,17
2024,1,2024-08-31T19:30:00.000Z,401644683,Northwestern,13,328,61,31,150,4.8,18,30,178,5.9,5,11,2,20
2024,1,2024-08-31T19:30:00.000Z,401628455,Ohio State,52,404,64,33,170,5.2,18,31,234,7.5,9,14,0,24
2024,11,2024-11-09T17:00:00.000Z,401628545,Purdue,0,206,59,38,98,2.6,9,21,108,5.1,2,12,2,15
2024,11,2024-11-09T17:00:00.000Z,401628545,Ohio State,45,433,66,35,173,4.9,21,31,260,8.4,5,12,0,24
2024,7,2024-10-12T23:30:00.000Z,401628515,Oregon,32,496,65,31,155,5.0,23,34,341,10.0,6,14,0,18
2024,7,2024-10-12T23:30:00.000Z,401628515,Ohio State,31,467,68,33,141,4.3,28,35,326,9.3,4,12,1,21
2024,10,2024-11-02T16:00:00.000Z,401628539,Penn State,13,270,53,32,120,3.8,13,21,150,7.1,3,11,1,15
2024,10,2024-11-02T16:00:00.000Z,401628539,Ohio State,20,361,62,38,179,4.7,16,24,182,7.6,6,13,2,21
2024,2,2024-09-07T23:30:00.000Z,401628468,Ohio State,56,683,72,39,273,7.0,25,33,410,12.4,3,10,0,30
2024,4,2024-09-21T16:00:00.000Z,401628492,Ohio State,49,569,57,31,280,9.0,18,26,289,11.1,4,8,1,23
2024,3,2024-09-14T19:30:00.000Z,401628358,Oklahoma,34,349,75,45,182,4.0,19,30,167,5.6,8,16,1,23
2024,10,2024-11-02T16:00:00.000Z,401628410,Oklahoma,59,665,78,52,381,7.3,18,26,284,10.9,10,14,1,26
2024,8,2024-10-19T16:45:00.000Z,401628396,South Carolina,35,256,65,39,76,1.9,17,26,180,6.9,6,18,0,15
2024,8,2024-10-19T16:45:00.000Z,401628396,Oklahoma,9,291,83,41,53,1.3,22,42,238,5.7,6,19,4,19
2024,4,2024-09-21T23:30:00.000Z,401628369,Oklahoma,15,222,68,34,36,1.1,18,34,186,5.5,3,15,3,16
2024,4,2024-09-21T23:30:00.000Z,401628369,Tennessee,25,345,73,52,151,2.9,13,21,194,9.2,6,19,2,13
2024,1,2024-08-30T23:00:00.000Z,401628328,Oklahoma,51,378,65,36,220,6.1,19,29,158,5.4,1,12,0,18
2024,9,2024-10-26T16:00:00.000Z,401628402,Ole Miss,26,380,61,31,69,2.2,22,30,311,10.4,5,13,1,18
2024,9,2024-10-26T16:00:00.000Z,401628402,Oklahoma,14,329,81,50,147,2.9,22,31,182,5.9,8,18,2,24
2024,7,2024-10-12T19:30:00.000Z,401628390,Texas,34,406,61,30,177,5.9,21,31,229,7.4,5,13,1,17
2024,7,2024-10-12T19:30:00.000Z,401628390,Oklahoma,3,239,68,38,91,2.4,19,30,148,4.9,4,15,2,18
2024,4,2024-09-21T20:00:00.000Z,401636876,Oklahoma State,19,285,59,15,48,3.2,19,44,237,5.4,4,15,2,11
2024,4,2024-09-21T20:00:00.000Z,401636876,Utah,22,456,81,52,249,4.8,17,29,207,7.1,5,18,3,20
2024,3,2024-09-14T16:00:00.000Z,401636869,Oklahoma State,45,560,74,35,129,3.7,28,39,431,11.1,8,14,1,24
2024,11,2024-11-10T00:00:00.000Z,401636920,TCU,38,468,65,28,175,6.3,28,37,293,7.9,6,10,0,27
2024,11,2024-11-10T00:00:00.000Z,401636920,Oklahoma State,13,368,73,36,135,3.8,25,37,233,6.3,5,12,3,25
2024,1,2024-08-31T18:00:00.000Z,401634212,Oklahoma State,44,394,72,38,127,3.3,25,34,267,7.9,5,14,0,23
2024,6,2024-10-05T20:00:00.000Z,401636890,Oklahoma State,14,227,45,21,36,1.7,14,24,191,8.0,3,10,2,11
2024,6,2024-10-05T20:00:00.000Z,401636890,West Virginia,38,558,81,65,389,6.0,10,16,169,10.6,9,15,0,31
2024,13,2024-11-23T20:30:00.000Z,401636934,Oklahoma State,48,556,65,28,203,7.3,27,37,353,9.5,2,9,1,32
2024,13,2024-11-23T20:30:00.000Z,401636934,Texas Tech,56,544,91,38,140,3.7,37,53,404,7.6,14,22,1,31
2024,1,2024-08-31T23:00:00.000Z,401628325,Ole Miss,76,772,82,37,243,6.6,29,45,529,11.8,8,14,0,37
2024,6,2024-10-05T19:30:00.000Z,401628382,South Carolina,3,313,76,43,151,3.5,20,33,162,4.9,5,16,2,19
2024,6,2024-10-05T19:30:00.000Z,401628382,Ole Miss,27,425,68,41,140,3.4,14,27,285,10.6,3,13,1,17
2024,2,2024-09-07T20:15:00.000Z,401628342,Ole Miss,52,655,73,42,258,6.1,27,31,397,12.8,7,9,0,34
2024,3,2024-09-14T22:30:00.000Z,401628355,Wake Forest,6,311,74,32,46,1.4,24,42,265,6.3,4,17,2,21
2024,3,2024-09-14T22:30:00.000Z,401628355,Ole Miss,40,649,79,45,272,6.0,26,34,377,11.1,4,10,2,33
2024,4,2024-09-21T23:45:00.000Z,401628366,Ole Miss,52,607,69,36,219,6.1,23,33,388,11.8,5,10,1,26
2024,8,2024-10-19T00:00:00.000Z,401628523,Oregon,35,421,60,35,131,3.7,21,25,290,11.6,5,9,1,25
2024,8,2024-10-19T00:00:00.000Z,401628523,Purdue,0,301,59,40,208,5.2,9,19,93,4.9,4,12,2,16
2024,1,2024-08-31T23:30:00.000Z,401628456,Oregon,24,487,87,37,107,2.9,41,50,380,7.6,7,16,1,31
2024,3,2024-09-14T19:30:00.000Z,401628483,Oregon,49,546,59,32,240,7.5,23,27,306,11.3,4,6,0,26
2024,14,2024-12-01T00:30:00.000Z,401628569,Washington,21,244,57,37,43,1.2,17,20,201,10.1,4,12,1,17
2024,14,2024-12-01T00:30:00.000Z,401628569,Oregon,49,462,60,34,226,6.6,19,26,236,9.1,5,8,1,28
2024,15,2024-12-08T01:00:00.000Z,401673464,Oregon,45,466,75,43,183,4.3,22,32,283,8.8,6,13,0,25
2024,15,2024-12-08T01:00:00.000Z,401673464,Penn State,37,518,74,35,292,8.3,20,39,226,5.8,7,13,2,28
2024,12,2024-11-17T00:30:00.000Z,401628551,Wisconsin,13,226,62,34,130,3.8,12,28,96,3.4,1,12,1,15
2024,12,2024-11-17T00:30:00.000Z,401628551,Oregon,16,354,71,40,136,3.4,22,31,218,7.0,5,15,1,19
2024,2,2024-09-08T02:00:00.000Z,401628469,Oregon,37,353,56,35,110,3.1,18,21,243,11.6,4,12,2,16
2024,5,2024-09-29T03:00:00.000Z,401628500,UCLA,13,172,48,24,47,2.0,13,24,125,5.2,1,10,2,11
2024,5,2024-09-29T03:00:00.000Z,401628500,Oregon,34,431,78,36,153,4.3,31,42,278,6.6,9,15,1,27
2024,9,2024-10-26T23:30:00.000Z,401628531,Wisconsin,13,298,69,27,81,3.0,22,42,217,5.2,7,18,1,16
2024,9,2024-10-26T23:30:00.000Z,401628531,Penn State,28,419,66,35,173,4.9,25,31,246,7.9,8,14,1,22
2024,11,2024-11-10T01:00:00.000Z,401628546,Washington,6,193,56,33,74,2.2,16,23,119,5.2,4,13,1,14
2024,11,2024-11-10T01:00:00.000Z,401628546,Penn State,35,486,70,40,266,6.7,20,30,220,7.3,10,13,1,24
2024,12,2024-11-16T20:30:00.000Z,401628552,Purdue,10,302,59,28,85,3.0,15,31,217,7.0,5,14,0,16
2024,12,2024-11-16T20:30:00.000Z,401628552,Penn State,49,539,61,34,234,6.9,22,27,305,11.3,9,14,0,23
2024,1,2024-08-31T16:00:00.000Z,401628457,Penn State,34,457,60,42,222,5.3,12,18,235,13.1,5,11,1,21
2024,1,2024-08-31T16:00:00.000Z,401628457,West Virginia,12,246,66,37,85,2.3,15,29,161,5.6,4,14,3,19
2024,4,2024-09-21T19:30:00.000Z,401628493,Penn State,56,718,81,50,309,6.2,24,31,409,13.2,8,10,1,40
2024,6,2024-10-05T16:00:00.000Z,401628510,Penn State,27,322,54,30,85,2.8,17,24,237,9.9,7,12,0,18
2024,6,2024-10-05T16:00:00.000Z,401628510,UCLA,11,260,59,29,93,3.2,22,30,167,5.6,6,15,0,14
2024,7,2024-10-12T19:30:00.000Z,401628516,USC,30,409,58,24,189,7.9,20,34,220,6.5,2,11,1,16
2024,7,2024-10-12T19:30:00.000Z,401628516,Penn State,33,518,75,31,118,3.8,31,44,400,9.1,4,13,3,28
2024,2,2024-09-07T16:00:00.000Z,401628470,Penn State,34,438,57,37,234,6.3,13,20,204,10.2,2,9,1,21
2024,3,2024-09-14T19:30:00.000Z,401635547,West Virginia,34,398,75,45,188,4.2,16,30,210,7.0,3,14,2,22
2024,3,2024-09-14T19:30:00.000Z,401635547,Pittsburgh,38,379,59,29,78,2.7,21,30,301,10.0,1,8,0,24
2024,11,2024-11-10T01:00:00.000Z,401635610,Pittsburgh,19,292,67,32,127,4.0,14,35,165,4.7,4,13,2,17
2024,11,2024-11-10T01:00:00.000Z,401635610,Virginia,24,340,70,45,170,3.8,17,25,170,6.8,4,14,2,19
2024,4,2024-09-21T19:30:00.000Z,401634247,Pittsburgh,73,644,61,26,295,11.3,24,35,349,10.0,5,9,0,28
2024,9,2024-10-24T23:30:00.000Z,401634770,Syracuse,13,327,93,29,6,0.2,35,64,321,5.0,6,20,5,23
2024,9,2024-10-24T23:30:00.000Z,401634770,Pittsburgh,41,217,44,22,73,3.3,16,22,144,6.5,2,9,0,13
2024,10,2024-11-03T00:00:00.000Z,401635627,SMU,48,467,67,36,161,4.5,18,31,306,9.9,7,14,0,19
2024,10,2024-11-03T00:00:00.000Z,401635627,Pittsburgh,25,453,91,32,103,3.2,39,59,350,5.9,5,16,2,29
2024,1,2024-08-31T16:00:00.000Z,401634305,Pittsburgh,55,567,80,32,201,6.3,34,48,366,7.6,9,16,2,31
2024,3,2024-09-14T19:30:00.000Z,401628978,Purdue,7,162,49,25,38,1.5,11,24,124,5.2,1,12,2,6
2024,6,2024-10-05T16:00:00.000Z,401628509,Wisconsin,52,589,73,41,228,5.6,21,32,361,11.3,8,14,2,28
2024,6,2024-10-05T16:00:00.000Z,401628509,Purdue,6,216,48,26,99,3.8,12,22,117,5.3,1,11,2,10
2024,4,2024-09-22T00:30:00.000Z,401643717,Purdue,21,319,47,30,263,8.8,7,17,56,3.3,2,9,2,13
2024,1,2024-08-31T16:00:00.000Z,401634169,Purdue,49,583,66,31,248,8.0,30,35,335,9.6,7,12,1,26
2024,4,2024-09-21T19:30:00.000Z,401628494,Rutgers,26,422,77,52,153,2.9,16,25,269,10.8,8,17,1,25
2024,4,2024-09-21T19:30:00.000Z,401628494,Virginia Tech,23,320,54,27,183,6.8,13,27,137,5.1,5,12,3,14
2024,5,2024-09-28T00:00:00.000Z,401628501,Rutgers,21,299,57,33,184,5.6,14,24,115,4.8,7,15,0,15
2024,5,2024-09-28T00:00:00.000Z,401628501,Washington,18,521,66,29,207,7.1,27,37,314,8.5,2,12,0,23
2024,8,2024-10-19T16:00:00.000Z,401628524,UCLA,35,478,69,31,95,3.1,32,38,383,10.1,7,13,1,24
2024,8,2024-10-19T16:00:00.000Z,401628524,Rutgers,32,422,59,29,135,4.7,18,30,287,9.6,3,9,1,23
2024,1,2024-08-29T22:00:00.000Z,401628458,Rutgers,44,476,70,46,329,7.2,15,24,147,6.1,5,10,0,29
2024,7,2024-10-12T16:00:00.000Z,401628517,Rutgers,7,271,67,35,168,4.8,12,32,103,3.2,5,17,1,13
2024,7,2024-10-12T16:00:00.000Z,401628517,Wisconsin,42,551,74,46,311,6.8,20,28,240,8.6,7,14,2,24
2024,9,2024-10-26T03:00:00.000Z,401628532,USC,42,443,51,23,135,5.9,20,28,308,11.0,3,6,0,23
2024,9,2024-10-26T03:00:00.000Z,401628532,Rutgers,20,434,89,42,121,2.9,27,47,313,6.7,11,22,0,27
2024,2,2024-09-07T16:00:00.000Z,401628471,Rutgers,49,515,67,44,285,6.5,14,23,230,10.0,6,9,1,26
2024,4,2024-09-21T21:00:00.000Z,401635557,SMU,66,375,61,42,238,5.7,14,19,137,7.2,7,12,1,23
2024,4,2024-09-21T21:00:00.000Z,401635557,TCU,42,480,78,32,65,2.0,31,46,415,9.0,8,16,5,24
2024,8,2024-10-20T00:00:00.000Z,401635590,Stanford,10,206,72,35,33,0.9,18,37,173,4.7,2,15,2,15
2024,8,2024-10-20T00:00:00.000Z,401635590,SMU,40,502,64,37,180,4.9,17,27,322,11.9,5,12,3,22
2024,1,2024-09-01T00:00:00.000Z,401634303,SMU,59,595,77,54,369,6.8,16,23,226,9.8,9,14,1,28
2024,13,2024-11-23T17:00:00.000Z,401635619,Virginia,7,173,66,39,65,1.7,18,27,108,4.0,3,15,0,14
2024,13,2024-11-23T17:00:00.000Z,401635619,SMU,33,434,68,35,111,3.2,25,33,323,9.8,8,14,2,20
2024,1,2024-08-25T00:00:00.000Z,401643696,SMU,29,408,69,34,100,2.9,21,35,308,8.8,5,12,1,22
2024,1,2024-08-31T20:15:00.000Z,401628329,South Carolina,23,288,79,56,174,3.1,10,23,114,5.0,5,18,1,18
2024,13,2024-11-23T21:00:00.000Z,401628434,South Carolina,56,608,78,46,265,5.8,27,32,343,10.7,10,12,2,34
2024,10,2024-11-02T23:30:00.000Z,401628411,South Carolina,44,530,70,43,286,6.7,13,27,244,9.0,4,13,1,26
2024,10,2024-11-02T23:30:00.000Z,401628411,Texas A&M,20,351,69,41,145,3.5,18,28,206,7.4,4,15,2,19
2024,4,2024-09-21T23:30:00.000Z,401628370,South Carolina,50,549,80,53,273,5.2,19,27,276,10.2,5,14,1,27
2024,11,2024-11-09T21:15:00.000Z,401628418,Vanderbilt,7,274,59,28,108,3.9,16,31,166,5.4,6,13,1,17
2024,11,2024-11-09T21:15:00.000Z,401628418,South Carolina,28,452,63,43,214,5.0,14,20,238,11.9,9,12,1,25
2024,2,2024-09-07T23:00:00.000Z,401635539,Stanford,41,437,62,32,119,3.7,26,30,318,10.6,4,10,1,22
2024,4,2024-09-20T23:30:00.000Z,401634766,Stanford,26,351,70,32,173,5.4,23,38,178,4.7,5,14,2,20
2024,4,2024-09-20T23:30:00.000Z,401634766,Syracuse,24,365,59,17,26,1.5,27,42,339,8.1,5,13,2,18
2024,14,2024-11-29T21:00:00.000Z,401635625,Stanford,31,379,72,32,127,4.0,26,40,252,6.3,6,15,3,21
2024,1,2024-08-31T02:30:00.000Z,401634300,TCU,34,457,76,34,104,3.1,28,42,353,8.4,8,15,2,24
2024,1,2024-08-31T02:30:00.000Z,401634300,Stanford,27,286,73,37,121,3.3,18,36,165,4.6,5,15,1,17
2024,7,2024-10-12T19:30:00.000Z,401628981,Stanford,7,200,59,41,113,2.8,10,18,87,4.8,4,12,1,14
2024,6,2024-10-05T19:30:00.000Z,401635573,Virginia Tech,31,337,55,36,136,3.8,14,19,201,10.6,5,12,0,16
2024,6,2024-10-05T19:30:00.000Z,401635573,Stanford,7,258,66,41,136,3.3,14,25,122,4.9,5,13,2,18
2024,9,2024-10-26T19:30:00.000Z,401635599,Stanford,24,358,66,26,120,4.6,29,40,238,6.0,5,11,4,23
2024,9,2024-10-26T19:30:00.000Z,401635599,Wake Forest,27,422,73,43,177,4.1,20,30,245,8.2,6,15,2,23
2024,5,2024-09-28T16:00:00.000Z,401635565,Syracuse,42,541,92,39,125,3.2,30,53,416,7.8,9,17,2,32
2024,13,2024-11-23T17:00:00.000Z,401635518,Syracuse,31,546,77,30,76,2.5,37,47,470,10.0,8,17,0,25
2024,10,2024-11-02T16:00:00.000Z,401635604,Syracuse,38,410,69,33,130,3.9,24,36,280,7.8,7,14,2,23
2024,10,2024-11-02T16:00:00.000Z,401635604,Virginia Tech,31,455,72,48,249,5.2,16,24,206,8.6,5,11,2,24
2024,6,2024-10-05T01:00:00.000Z,401634779,Syracuse,44,492,96,33,137,4.2,40,63,355,5.6,11,18,1,34
2024,1,2024-08-31T19:30:00.000Z,401634304,Syracuse,38,480,70,30,126,4.2,27,40,354,8.9,9,15,1,25
2024,3,2024-09-14T23:30:00.000Z,401636866,UCF,35,519,76,54,289,5.4,13,22,230,10.5,11,16,0,30
2024,3,2024-09-14T23:30:00.000Z,401636866,TCU,34,460,70,17,58,3.4,35,53,402,7.6,10,15,0,26
2024,8,2024-10-20T02:30:00.000Z,401636903,Utah,7,267,59,26,68,2.6,17,33,199,6.0,2,15,1,12
2024,8,2024-10-20T02:30:00.000Z,401636903,TCU,13,403,70,29,140,4.8,22,41,263,6.4,4,17,1,20
2024,9,2024-10-26T19:30:00.000Z,401636910,TCU,35,461,59,27,117,4.3,21,32,344,10.8,3,9,3,18
2024,9,2024-10-26T19:30:00.000Z,401636910,Texas Tech,34,438,88,50,180,3.6,23,38,258,6.8,8,20,2,25
2024,2,2024-09-08T00:00:00.000Z,401636615,TCU,45,425,67,37,127,3.4,24,30,298,9.9,4,11,0,22
2024,13,2024-11-23T18:00:00.000Z,401628435,Tennessee,56,460,67,39,241,6.2,18,28,219,7.8,6,12,0,26
2024,14,2024-11-30T17:00:00.000Z,401628446,Vanderbilt,23,213,48,30,109,3.6,8,18,104,5.8,4,10,1,15
2024,14,2024-11-30T17:00:00.000Z,401628446,Tennessee,36,538,73,47,281,6.0,18,26,257,9.9,11,15,2,28
2024,3,2024-09-14T23:45:00.000Z,401628360,Tennessee,71,740,80,55,456,8.3,16,25,284,11.4,9,15,0,32
2024,1,2024-08-31T16:45:00.000Z,401628330,Tennessee,69,718,90,46,304,6.6,33,44,414,9.4,9,15,1,36
2024,1,2024-08-31T19:30:00.000Z,401628331,Texas,52,545,74,41,190,4.6,25,33,355,10.8,6,12,1,26
2024,14,2024-12-01T00:30:00.000Z,401628445,Texas,17,461,75,47,243,5.2,17,28,218,7.8,7,15,2,26
2024,14,2024-12-01T00:30:00.000Z,401628445,Texas A&M,7,248,57,34,102,3.0,16,23,146,6.3,4,11,2,15
2024,3,2024-09-14T23:00:00.000Z,401628361,Texas,56,614,67,35,187,5.3,25,32,427,13.3,3,10,2,24
2024,9,2024-10-26T20:15:00.000Z,401628405,Vanderbilt,24,269,62,31,114,3.7,17,31,155,5.0,3,12,3,17
2024,9,2024-10-26T20:15:00.000Z,401628405,Texas,27,394,69,32,106,3.3,27,37,288,7.8,9,15,2,20
2024,4,2024-09-22T00:00:00.000Z,401628371,Texas,51,497,81,52,239,4.6,15,29,258,8.9,7,13,2,26
2024,1,2024-08-31T23:30:00.000Z,401628332,Texas A&M,13,246,68,38,146,3.8,12,30,100,3.3,4,13,2,17
2024,12,2024-11-17T00:45:00.000Z,401628424,Texas A&M,38,565,77,34,209,6.1,27,43,356,8.3,8,13,2,28
2024,4,2024-09-21T23:30:00.000Z,401628372,Texas A&M,26,408,72,43,235,5.5,16,29,173,6.0,6,15,1,21
2024,2,2024-09-07T16:45:00.000Z,401628348,Texas A&M,52,529,63,38,333,8.8,16,25,196,7.8,5,8,0,29
2024,2,2024-09-08T02:00:00.000Z,401636859,Texas Tech,16,491,87,27,148,5.5,35,60,343,5.7,10,19,4,24
2024,1,2024-08-31T23:30:00.000Z,401636613,Texas Tech,52,539,74,32,161,5.0,30,42,378,9.0,8,15,0,27
2024,14,2024-11-30T17:00:00.000Z,401636945,Texas Tech,52,568,74,32,209,6.5,28,42,359,8.5,9,12,1,31
2024,14,2024-11-30T17:00:00.000Z,401636945,West Virginia,15,423,75,35,158,4.5,29,40,265,6.6,8,16,3,25
2024,3,2024-09-14T16:00:00.000Z,401636868,Texas Tech,66,586,71,37,232,6.3,24,34,354,10.4,7,14,1,25
2024,1,2024-08-29T23:00:00.000Z,401628582,UCF,57,639,76,54,454,8.4,11,22,185,8.4,4,11,2,27
2024,13,2024-11-23T20:30:00.000Z,401636937,UCF,21,348,55,34,176,5.2,11,21,172,8.2,3,9,1,21
2024,13,2024-11-23T20:30:00.000Z,401636937,West Virginia,31,323,72,51,205,4.0,13,21,118,5.6,8,18,0,20
2024,14,2024-11-30T01:00:00.000Z,401636939,UCF,14,379,85,44,173,3.9,20,41,206,5.0,6,18,3,22
2024,14,2024-11-30T01:00:00.000Z,401636939,Utah,28,196,52,32,85,2.7,13,20,111,5.6,3,13,0,11
2024,2,2024-09-07T22:30:00.000Z,401636617,UCF,45,554,74,57,384,6.7,14,17,170,10.0,8,13,1,29
2024,13,2024-11-24T03:30:00.000Z,401628561,UCLA,13,376,55,26,111,4.3,20,29,265,9.1,3,11,0,16
2024,13,2024-11-24T03:30:00.000Z,401628561,USC,19,351,62,26,91,3.5,20,36,260,7.2,4,14,0,17
2024,1,2024-08-31T23:30:00.000Z,401628459,UCLA,16,343,58,20,71,3.6,19,38,272,7.2,4,13,2,19
2024,12,2024-11-16T02:00:00.000Z,401628553,Washington,31,306,58,29,124,4.3,20,29,182,6.3,3,9,2,20
2024,12,2024-11-16T02:00:00.000Z,401628553,UCLA,19,319,77,33,52,1.6,27,44,267,6.1,10,18,2,21
2024,14,2024-11-30T20:30:00.000Z,401628570,UCLA,20,365,71,31,76,2.5,26,40,289,7.2,8,16,0,20
2024,10,2024-11-02T23:30:00.000Z,401628540,Washington,26,379,67,27,117,4.3,25,40,262,6.6,6,14,0,21
2024,10,2024-11-02T23:30:00.000Z,401628540,USC,21,459,79,29,166,5.7,30,50,293,5.9,8,16,3,26
2024,2,2024-09-08T03:00:00.000Z,401628472,USC,48,548,76,35,253,7.2,29,41,295,7.2,6,10,1,28
2024,5,2024-09-28T19:30:00.000Z,401628502,USC,38,469,82,37,161,4.4,30,45,308,6.8,11,17,3,29
2024,5,2024-09-28T19:30:00.000Z,401628502,Wisconsin,21,286,51,25,106,4.2,13,26,180,6.9,2,10,2,13
2024,14,2024-11-30T20:30:00.000Z,401628571,USC,35,557,77,28,197,7.0,27,49,360,7.3,5,12,2,29
2024,1,2024-08-30T01:00:00.000Z,401636607,Utah,49,513,65,39,185,4.7,17,26,328,12.6,6,13,2,26
2024,3,2024-09-14T20:30:00.000Z,401636870,Utah,38,460,74,41,221,5.4,20,33,239,7.2,3,13,1,23
2024,8,2024-10-19T23:00:00.000Z,401628399,Vanderbilt,24,420,68,37,145,3.9,17,31,275,8.9,9,16,0,21
2024,2,2024-09-07T23:30:00.000Z,401628349,Vanderbilt,55,342,53,39,242,6.2,11,14,100,7.1,6,10,0,18
2024,3,2024-09-14T23:00:00.000Z,401628362,Vanderbilt,32,380,67,34,110,3.2,18,33,270,8.2,6,13,1,23
2024,1,2024-08-31T16:00:00.000Z,401628333,Vanderbilt,34,371,64,48,181,3.8,12,16,190,11.9,5,12,0,20
2024,1,2024-08-31T16:00:00.000Z,401628333,Virginia Tech,27,397,64,30,75,2.5,22,34,322,9.5,7,15,1,21
2024,2,2024-09-07T23:00:00.000Z,401635639,Wake Forest,30,544,83,40,141,3.5,27,43,403,9.4,5,15,1,25
2024,2,2024-09-07T23:00:00.000Z,401635639,Virginia,31,430,71,28,73,2.6,33,43,357,8.3,3,14,2,23
2024,12,2024-11-16T20:30:00.000Z,401628985,Virginia,14,300,68,32,128,4.0,17,36,172,4.8,6,18,5,15
2024,4,2024-09-21T18:00:00.000Z,401635558,Virginia,43,525,81,58,384,6.6,15,23,141,6.1,9,18,0,26
2024,1,2024-08-31T22:00:00.000Z,401628589,Virginia,34,497,63,37,200,5.4,17,26,297,11.4,3,11,1,19
2024,14,2024-12-01T01:00:00.000Z,401635640,Virginia Tech,37,458,59,38,204,5.4,14,21,254,12.1,6,13,0,21
2024,14,2024-12-01T01:00:00.000Z,401635640,Virginia,17,274,68,32,96,3.0,19,36,178,4.9,5,13,2,19
2024,3,2024-09-14T22:00:00.000Z,401635548,Virginia Tech,37,465,77,51,289,5.7,15,26,176,6.8,8,18,1,22
2024,2,2024-09-07T20:30:00.000Z,401635540,Virginia Tech,31,338,72,51,208,4.1,14,21,130,6.2,5,16,0,20
2024,5,2024-09-28T19:30:00.000Z,401635659,Wake Forest,38,472,72,37,218,5.9,29,35,254,7.3,8,13,1,28
2024,8,2024-10-19T16:00:00.000Z,401629034,Wake Forest,23,397,76,40,123,3.1,21,36,274,7.6,6,16,1,24
2024,1,2024-08-29T23:00:00.000Z,401628581,Wake Forest,45,513,68,32,193,6.0,23,36,320,8.9,7,11,0,26
2024,3,2024-09-14T19:30:00.000Z,401628484,Washington,19,452,66,31,126,4.1,26,35,326,9.3,4,13,0,21
2024,1,2024-09-01T03:00:00.000Z,401628460,Washington,35,482,67,35,204,5.8,23,32,278,8.7,5,10,0,25
2024,2,2024-09-07T19:30:00.000Z,401628473,Washington,30,501,57,28,185,6.6,24,29,316,10.9,4,9,1,23
2024,2,2024-09-07T22:00:00.000Z,401628593,West Virginia,49,553,58,32,305,9.5,20,26,248,9.5,1,6,1,31
2024,2,2024-09-07T19:30:00.000Z,401628474,Wisconsin,27,385,68,41,171,4.2,17,27,214,7.9,7,14,1,23
2024,1,2024-08-31T01:00:00.000Z,401628461,Wisconsin,28,388,82,46,196,4.3,21,36,192,5.3,10,16,1,27
2025,7,2025-10-11T16:00:00.000Z,401752734,Missouri,24,330,56,28,163,5.8,16,28,167,6.0,1,10,2,15
2025,7,2025-10-11T16:00:00.000Z,401752734,Alabama,27,326,74,43,126,2.9,23,31,200,6.5,6,15,1,22
2025,2,2025-09-06T23:45:00.000Z,401752681,Alabama,73,583,69,36,212,5.9,29,33,371,11.2,9,12,0,29
2025,3,2025-09-13T16:00:00.000Z,401752696,Alabama,38,454,52,22,72,3.3,24,30,382,12.7,2,8,0,22
2025,3,2025-09-13T16:00:00.000Z,401752696,Wisconsin,14,209,51,34,92,2.7,11,17,117,6.9,6,11,2,14
2025,11,2025-11-09T00:30:00.000Z,401752759,Alabama,20,344,62,26,56,2.2,22,36,288,8.0,4,13,1,17
2025,11,2025-11-09T00:30:00.000Z,401752759,LSU,9,232,58,26,59,2.3,23,32,173,5.4,5,14,2,13
2025,12,2025-11-15T20:30:00.000Z,401752765,Alabama,21,406,75,33,80,2.4,28,42,326,7.8,5,13,3,23
2025,12,2025-11-15T20:30:00.000Z,401752765,Oklahoma,23,212,51,28,74,2.6,15,23,138,6.0,3,13,0,12
2025,9,2025-10-25T19:30:00.000Z,401752751,South Carolina,22,333,70,37,111,3.0,18,33,222,6.7,6,17,2,18
2025,9,2025-10-25T19:30:00.000Z,401752751,Alabama,29,325,66,23,72,3.1,24,43,253,5.9,8,16,2,17
2025,14,2025-11-30T00:30:00.000Z,401752784,Auburn,20,411,75,36,152,4.2,18,39,259,6.6,8,19,2,20
2025,14,2025-11-30T00:30:00.000Z,401752784,Alabama,27,280,73,38,158,4.2,19,35,122,3.5,4,17,0,18
2025,13,2025-11-22T19:00:00.000Z,401752773,Alabama,56,539,79,49,269,5.5,23,30,270,9.0,8,11,2,32
2025,1,2025-08-30T19:30:00.000Z,401752665,Alabama,17,341,72,29,87,3.0,23,43,254,5.9,6,17,0,18
2025,1,2025-08-30T19:30:00.000Z,401752665,Florida State,31,382,63,49,230,4.7,9,14,152,10.9,5,12,1,20
2025,6,2025-10-04T19:30:00.000Z,401752726,Alabama,30,486,69,38,146,3.8,23,31,340,11.0,7,15,1,25
2025,6,2025-10-04T19:30:00.000Z,401752726,Vanderbilt,14,334,53,18,136,7.6,21,35,198,5.7,5,11,2,17
2025,8,2025-10-18T23:30:00.000Z,401752738,Alabama,37,373,61,32,120,3.8,19,29,253,8.7,5,11,1,23
2025,8,2025-10-18T23:30:00.000Z,401752738,Tennessee,20,410,77,33,142,4.3,28,44,268,6.1,5,13,1,27
2025,15,2025-12-06T21:00:00.000Z,401777351,Georgia,28,297,67,41,141,3.4,20,26,156,6.0,6,16,0,16
2025,15,2025-12-06T21:00:00.000Z,401777351,Alabama,7,209,55,16,-3,-0.2,19,39,212,5.4,3,14,1,11
2025,5,2025-09-27T23:30:00.000Z,401752718,Alabama,24,397,77,38,117,3.1,25,39,280,7.2,13,19,0,25
2025,5,2025-09-27T23:30:00.000Z,401752718,Georgia,21,357,53,33,227,6.9,13,20,130,6.5,2,8,1,17
2025,14,2025-11-29T02:00:00.000Z,401756961,Arizona State,7,214,52,27,100,3.7,11,25,114,4.6,3,11,5,12
2025,14,2025-11-29T02:00:00.000Z,401756961,Arizona,23,374,89,44,88,2.0,28,45,286,6.4,10,20,1,24
2025,1,2025-08-31T02:30:00.000Z,401756849,Arizona,40,346,55,32,185,5.8,13,23,161,7.0,3,11,0,16
2025,7,2025-10-12T00:00:00.000Z,401756916,Arizona,27,384,78,33,165,5.0,25,45,219,4.9,4,17,1,23
2025,7,2025-10-12T00:00:00.000Z,401756916,BYU,33,430,80,51,258,5.1,12,29,172,5.9,8,16,2,24
2025,11,2025-11-08T20:30:00.000Z,401756943,Arizona,24,323,60,29,165,5.7,16,31,158,5.1,5,13,0,18
2025,11,2025-11-08T20:30:00.000Z,401756943,Kansas,20,369,70,40,170,4.3,15,30,199,6.6,6,17,0,19
2025,2,2025-09-07T02:00:00.000Z,401756879,Arizona,48,556,67,39,150,3.8,20,28,406,14.5,5,10,0,31
2025,10,2025-11-01T23:00:00.000Z,401756937,Arizona,52,417,63,38,204,5.4,11,25,213,8.5,5,13,2,16
2025,10,2025-11-01T23:00:00.000Z,401756937,Colorado,17,299,77,42,129,3.1,20,35,170,4.9,7,18,5,16
2025,8,2025-10-18T16:00:00.000Z,401756925,Arizona,28,381,57,31,112,3.6,24,26,269,10.3,4,9,0,21
2025,8,2025-10-18T16:00:00.000Z,401756925,Houston,31,396,68,45,232,5.2,15,23,164,7.1,8,14,0,25
2025,3,2025-09-13T01:00:00.000Z,401756888,Arizona,23,412,79,45,234,5.2,16,34,178,5.2,8,18,2,21
2025,3,2025-09-13T01:00:00.000Z,401756888,Kansas State,17,193,53,24,105,4.4,13,29,88,3.0,3,13,1,8
2025,13,2025-11-22T18:00:00.000Z,401756954,Arizona,41,355,60,35,172,4.9,14,25,183,7.3,4,10,1,22
2025,13,2025-11-22T18:00:00.000Z,401756954,Baylor,17,343,78,45,181,4.0,22,33,162,4.9,7,17,3,20
2025,12,2025-11-15T17:00:00.000Z,401756951,Cincinnati,24,344,57,29,190,6.6,15,28,154,5.5,3,12,2,14
2025,12,2025-11-15T17:00:00.000Z,401756951,Arizona,30,475,73,42,181,4.3,23,31,294,9.5,8,16,0,24
2025,5,2025-09-27T23:00:00.000Z,401756904,Iowa State,39,400,68,46,112,2.4,15,22,288,13.1,6,13,1,19
2025,5,2025-09-27T23:00:00.000Z,401756904,Arizona,14,360,72,24,107,4.5,32,48,253,5.3,4,13,2,20
2025,6,2025-10-04T19:00:00.000Z,401756910,Arizona,41,479,75,32,46,1.4,31,43,433,10.1,5,12,3,28
2025,6,2025-10-04T19:00:00.000Z,401756910,Oklahoma State,13,158,59,31,89,2.9,13,28,69,2.5,3,17,2,7
2025,10,2025-11-01T17:00:00.000Z,401756939,Iowa State,19,336,69,32,150,4.7,18,37,186,5.0,2,14,1,21
2025,10,2025-11-01T17:00:00.000Z,401756939,Arizona State,24,467,70,46,290,6.3,13,24,177,7.4,5,15,3,20
2025,2,2025-09-06T23:30:00.000Z,401752688,Mississippi State,24,345,63,30,66,2.2,19,33,279,8.5,6,14,0,17
2025,2,2025-09-06T23:30:00.000Z,401752688,Arizona State,20,333,74,51,251,4.9,10,23,82,3.6,3,14,2,23
2025,9,2025-10-26T00:00:00.000Z,401756929,Arizona State,16,426,67,21,98,4.7,24,46,328,7.1,5,15,1,19
2025,9,2025-10-26T00:00:00.000Z,401756929,Houston,24,384,70,48,183,3.8,17,22,201,9.1,7,15,0,22
2025,7,2025-10-12T02:15:00.000Z,401756922,Utah,42,415,53,40,279,7.0,8,13,136,10.5,4,8,0,23
2025,7,2025-10-12T02:15:00.000Z,401756922,Arizona State,10,259,78,40,135,3.4,18,38,124,3.3,7,18,0,23
2025,1,2025-08-31T02:00:00.000Z,401756850,Arizona State,38,460,60,21,203,9.7,25,39,257,6.6,1,10,1,21
2025,12,2025-11-15T18:00:00.000Z,401756948,Arizona State,25,330,67,39,123,3.2,19,28,207,7.4,6,15,1,18
2025,12,2025-11-15T18:00:00.000Z,401756948,West Virginia,23,421,70,39,68,1.7,19,31,353,11.4,6,15,1,20
2025,8,2025-10-18T20:00:00.000Z,401756923,Arizona State,26,394,83,36,75,2.1,28,47,319,6.8,9,21,0,21
2025,8,2025-10-18T20:00:00.000Z,401756923,Texas Tech,22,276,65,27,109,4.0,22,38,167,4.4,6,16,1,16
2025,13,2025-11-23T01:00:00.000Z,401756956,Arizona State,42,580,71,45,355,7.9,12,26,225,8.7,3,13,4,23
2025,13,2025-11-23T01:00:00.000Z,401756956,Colorado,17,300,69,30,135,4.5,20,39,165,4.2,5,18,1,12
2025,3,2025-09-14T02:30:00.000Z,401756889,Arizona State,34,433,67,42,245,5.8,15,25,188,7.5,5,13,0,21
2025,4,2025-09-20T23:30:00.000Z,401756896,Baylor,24,357,62,23,107,4.7,25,39,250,6.4,5,12,3,18
2025,4,2025-09-20T23:30:00.000Z,401756896,Arizona State,27,401,79,47,180,3.8,22,32,221,6.9,6,16,0,26
2025,5,2025-09-27T01:00:00.000Z,401756902,Arizona State,27,500,81,42,209,5.0,27,39,291,7.5,5,16,1,25
2025,5,2025-09-27T01:00:00.000Z,401756902,TCU,24,271,57,24,12,0.5,21,33,259,7.8,5,12,3,15
2025,5,2025-09-27T16:00:00.000Z,401752717,Arkansas,13,367,61,29,160,5.5,17,32,207,6.5,7,15,2,15
2025,13,2025-11-22T20:30:00.000Z,401752780,Texas,52,490,59,28,97,3.5,19,31,393,12.7,8,12,0,22
2025,13,2025-11-22T20:30:00.000Z,401752780,Arkansas,37,512,80,31,188,6.1,26,49,324,6.6,6,14,2,29
2025,7,2025-10-11T20:15:00.000Z,401752735,Tennessee,34,494,63,38,273,7.2,16,25,221,8.8,2,9,0,22
2025,7,2025-10-11T20:15:00.000Z,401752735,Arkansas,31,497,75,44,241,5.5,21,31,256,8.3,7,13,3,29
2025,3,2025-09-13T23:00:00.000Z,401752700,Ole Miss,41,475,70,40,118,3.0,22,30,357,11.9,8,12,0,25
2025,3,2025-09-13T23:00:00.000Z,401752700,Arkansas,35,526,72,37,221,6.0,22,35,305,8.7,9,12,1,30
2025,9,2025-10-25T16:45:00.000Z,401752746,Arkansas,24,331,45,23,63,2.7,14,22,268,12.2,3,8,4,14
2025,9,2025-10-25T16:45:00.000Z,401752746,Auburn,33,380,70,50,230,4.6,13,20,150,7.5,3,12,1,22
2025,8,2025-10-18T19:30:00.000Z,401752739,Arkansas,42,527,65,32,268,8.4,20,33,259,7.8,4,10,0,25
2025,8,2025-10-18T19:30:00.000Z,401752739,Texas A&M,45,497,67,35,217,6.2,23,32,280,8.8,5,11,0,29
2025,1,2025-08-30T20:15:00.000Z,401752666,Arkansas,52,552,76,40,194,4.9,26,36,358,9.9,9,14,0,29
2025,2,2025-09-06T21:00:00.000Z,401752682,Arkansas,56,630,58,29,321,11.1,20,29,309,10.7,5,6,2,29
2025,12,2025-11-15T17:45:00.000Z,401752768,LSU,23,390,70,37,155,4.2,22,33,235,7.1,8,17,0,21
2025,12,2025-11-15T17:45:00.000Z,401752768,Arkansas,22,340,54,35,175,5.0,11,19,165,8.7,2,11,3,16
2025,4,2025-09-20T16:00:00.000Z,401752708,Arkansas,31,500,66,32,175,5.5,18,34,325,9.6,3,10,3,23
2025,14,2025-11-29T20:30:00.000Z,401752783,Arkansas,17,246,55,25,61,2.4,17,30,185,6.2,5,13,0,15
2025,14,2025-11-29T20:30:00.000Z,401752783,Missouri,31,347,65,58,322,5.6,4,7,25,3.6,4,10,1,26
2025,10,2025-11-01T20:00:00.000Z,401752753,Arkansas,35,433,77,46,239,5.2,19,31,194,6.3,7,16,0,25
2025,10,2025-11-01T20:00:00.000Z,401752753,Mississippi State,38,388,71,38,106,2.8,18,33,282,8.5,6,14,1,25
2025,13,2025-11-22T19:00:00.000Z,401752774,Auburn,62,547,56,31,277,8.9,18,25,270,10.8,7,11,0,21
2025,3,2025-09-13T16:45:00.000Z,401752697,Auburn,31,337,63,39,195,5.0,13,24,142,5.9,7,13,0,19
2025,7,2025-10-11T23:30:00.000Z,401752731,Auburn,10,278,66,35,141,4.0,19,31,137,4.4,8,17,1,18
2025,7,2025-10-11T23:30:00.000Z,401752731,Georgia,20,296,67,29,79,2.7,24,38,217,5.7,5,14,0,21
2025,5,2025-09-27T19:30:00.000Z,401752724,Texas A&M,16,414,69,47,207,4.4,15,22,207,9.4,3,14,1,21
2025,5,2025-09-27T19:30:00.000Z,401752724,Auburn,10,177,57,24,52,2.2,18,33,125,3.8,0,13,0,9
2025,8,2025-10-18T23:45:00.000Z,401752740,Auburn,17,357,71,41,150,3.7,18,30,207,6.9,6,16,1,19
2025,8,2025-10-18T23:45:00.000Z,401752740,Missouri,23,343,84,44,91,2.1,23,40,252,6.3,8,17,2,26
2025,4,2025-09-20T19:30:00.000Z,401752714,Oklahoma,24,306,60,24,35,1.5,24,36,271,7.5,3,12,1,16
2025,4,2025-09-20T19:30:00.000Z,401752714,Auburn,17,287,68,35,67,1.9,21,33,220,6.7,3,15,0,18
2025,10,2025-11-01T23:30:00.000Z,401752754,Auburn,3,241,71,40,118,3.0,15,31,123,4.0,6,16,2,17
2025,10,2025-11-01T23:30:00.000Z,401752754,Kentucky,10,240,61,32,79,2.5,18,29,161,5.6,6,13,2,16
2025,1,2025-08-30T00:00:00.000Z,401752667,Baylor,24,483,72,24,64,2.7,27,48,419,8.7,5,15,0,23
2025,1,2025-08-30T00:00:00.000Z,401752667,Auburn,38,415,69,52,307,5.9,11,17,108,6.4,5,10,0,25
2025,2,2025-09-06T23:30:00.000Z,401752683,Auburn,42,495,67,34,224,6.6,26,33,271,8.2,6,11,1,27
2025,11,2025-11-08T21:00:00.000Z,401752764,Vanderbilt,45,544,69,36,167,4.6,25,33,377,11.4,7,12,1,30
2025,11,2025-11-08T21:00:00.000Z,401752764,Auburn,38,563,82,36,210,5.8,31,46,353,7.7,6,13,0,34
2025,4,2025-09-20T23:30:00.000Z,401756898,BYU,34,418,60,34,172,5.1,18,26,246,9.5,7,14,0,20
2025,2,2025-09-07T02:15:00.000Z,401754526,BYU,27,332,68,41,157,3.8,17,27,175,6.5,5,14,0,18
2025,2,2025-09-07T02:15:00.000Z,401754526,Stanford,3,161,56,24,19,0.8,17,32,142,4.4,2,13,3,12
2025,14,2025-11-29T18:00:00.000Z,401756963,BYU,41,407,65,40,118,3.0,21,25,289,11.6,6,13,0,21
2025,14,2025-11-29T18:00:00.000Z,401756963,UCF,21,296,60,19,42,2.2,24,41,254,6.2,6,13,2,15
2025,1,2025-08-31T00:00:00.000Z,401756851,BYU,69,606,66,48,468,9.8,12,18,138,7.7,6,10,1,28
2025,13,2025-11-23T01:00:00.000Z,401756955,BYU,26,392,74,49,265,5.4,15,25,127,5.1,7,14,0,24
2025,13,2025-11-23T01:00:00.000Z,401756955,Cincinnati,14,387,61,23,87,3.8,25,38,300,7.9,4,13,2,19
2025,8,2025-10-19T00:00:00.000Z,401756924,BYU,24,368,66,42,202,4.8,13,24,166,6.9,3,12,0,22
2025,8,2025-10-19T00:00:00.000Z,401756924,Utah,21,470,73,37,226,6.1,20,36,244,6.8,5,12,2,24
2025,11,2025-11-08T17:00:00.000Z,401756945,Texas Tech,29,368,75,43,149,3.5,17,32,219,6.8,7,18,0,17
2025,11,2025-11-08T17:00:00.000Z,401756945,BYU,7,255,65,27,67,2.5,23,38,188,4.9,3,14,3,14
2025,9,2025-10-25T19:30:00.000Z,401756931,BYU,41,410,64,28,103,3.7,22,36,307,8.5,6,15,0,17
2025,9,2025-10-25T19:30:00.000Z,401756931,Iowa State,27,495,70,34,184,5.4,24,36,311,8.6,5,11,4,24
2025,12,2025-11-16T03:15:00.000Z,401756950,TCU,13,298,57,34,115,3.4,10,23,183,8.0,1,10,2,15
2025,12,2025-11-16T03:15:00.000Z,401756950,BYU,44,447,72,39,151,3.9,23,33,296,9.0,6,12,1,28
2025,6,2025-10-04T02:30:00.000Z,401756909,West Virginia,24,291,65,47,156,3.3,10,18,135,7.5,7,15,2,18
2025,6,2025-10-04T02:30:00.000Z,401756909,BYU,38,518,66,41,167,4.1,18,25,351,14.0,4,12,3,23
2025,15,2025-12-06T17:00:00.000Z,401777327,Texas Tech,34,374,74,41,159,3.9,20,33,215,6.5,8,19,0,19
2025,15,2025-12-06T17:00:00.000Z,401777327,BYU,7,200,59,30,63,2.1,17,29,137,4.7,6,14,4,14
2025,5,2025-09-28T02:15:00.000Z,401756903,Colorado,21,291,53,37,172,4.6,11,16,119,7.4,3,9,1,17
2025,5,2025-09-28T02:15:00.000Z,401756903,BYU,24,396,63,34,217,6.4,19,29,179,6.2,3,11,0,27
2025,5,2025-09-27T19:30:00.000Z,401756907,Baylor,45,612,74,39,219,5.6,24,35,393,11.2,7,14,1,29
2025,5,2025-09-27T19:30:00.000Z,401756907,Oklahoma State,27,449,77,31,158,5.1,27,46,291,6.3,6,16,0,22
2025,6,2025-10-04T16:00:00.000Z,401756911,Baylor,35,444,63,24,99,4.1,25,39,345,8.8,3,9,2,25
2025,6,2025-10-04T16:00:00.000Z,401756911,Kansas State,34,501,81,36,162,4.5,29,45,339,7.5,8,16,1,30
2025,14,2025-11-29T17:00:00.000Z,401756962,Baylor,24,421,72,26,112,4.3,23,46,309,6.7,3,11,2,25
2025,14,2025-11-29T17:00:00.000Z,401756962,Houston,31,417,79,48,216,4.5,21,31,201,6.5,5,14,1,29
2025,8,2025-10-18T16:00:00.000Z,401756927,TCU,42,427,69,38,196,5.2,22,31,231,7.5,6,13,1,21
2025,8,2025-10-18T16:00:00.000Z,401756927,Baylor,36,439,89,37,121,3.3,25,52,318,6.1,6,17,4,27
2025,10,2025-11-01T16:00:00.000Z,401756936,Baylor,30,417,79,39,150,3.8,29,40,267,6.7,8,17,1,24
2025,10,2025-11-01T16:00:00.000Z,401756936,UCF,3,225,56,23,74,3.2,18,33,151,4.6,1,11,2,13
2025,9,2025-10-25T20:00:00.000Z,401756930,Cincinnati,41,376,71,50,265,5.3,13,21,111,5.3,9,14,0,26
2025,9,2025-10-25T20:00:00.000Z,401756930,Baylor,20,266,58,32,129,4.0,18,26,137,5.3,4,12,2,17
2025,2,2025-09-06T16:00:00.000Z,401754525,SMU,45,458,66,44,163,3.7,16,22,295,13.4,5,13,1,23
2025,2,2025-09-06T16:00:00.000Z,401754525,Baylor,48,601,94,44,161,3.7,34,50,440,8.8,8,18,2,32
2025,12,2025-11-16T00:00:00.000Z,401756949,Baylor,28,563,91,33,133,4.0,29,58,430,7.4,5,17,2,28
2025,12,2025-11-16T00:00:00.000Z,401756949,Utah,55,483,59,43,380,8.8,8,16,103,6.4,6,11,0,20
2025,3,2025-09-13T16:00:00.000Z,401756891,Baylor,42,468,87,43,223,5.2,28,44,245,5.6,4,13,2,29
2025,14,2025-11-29T20:00:00.000Z,401754608,Syracuse,12,254,59,41,189,4.6,10,18,65,3.6,4,14,0,12
2025,14,2025-11-29T20:00:00.000Z,401754608,Boston College,34,433,55,29,137,4.7,18,26,296,11.4,6,12,0,20
2025,12,2025-11-15T20:30:00.000Z,401754592,Boston College,34,537,66,26,175,6.7,26,40,362,9.1,5,11,0,24
2025,12,2025-11-15T20:30:00.000Z,401754592,Georgia Tech,36,628,76,42,257,6.1,26,34,371,10.9,7,12,1,30
2025,8,2025-10-18T16:00:00.000Z,401754569,Boston College,23,395,77,49,191,3.9,16,28,204,7.3,4,15,0,24
2025,2,2025-09-06T23:30:00.000Z,401752816,Boston College,40,457,70,25,67,2.7,34,45,390,8.7,5,11,1,25
2025,2,2025-09-06T23:30:00.000Z,401752816,Michigan State,42,380,64,35,149,4.3,19,29,231,8.0,5,12,1,21
2025,10,2025-11-01T19:30:00.000Z,401754583,Boston College,10,281,78,33,12,0.4,30,45,269,6.0,8,18,3,21
2025,1,2025-08-30T18:00:00.000Z,401754518,Boston College,66,556,77,38,98,2.6,31,39,458,11.7,12,18,0,26
2025,7,2025-10-11T23:30:00.000Z,401754558,Clemson,41,504,76,43,226,5.3,23,33,278,8.4,6,12,3,28
2025,7,2025-10-11T23:30:00.000Z,401754558,Boston College,10,221,61,32,85,2.7,15,29,136,4.7,3,12,2,15
2025,3,2025-09-14T02:30:00.000Z,401754533,Stanford,30,409,56,34,223,6.6,13,22,186,8.5,5,14,0,15
2025,3,2025-09-14T02:30:00.000Z,401754533,Boston College,20,389,67,23,56,2.4,30,44,333,7.6,5,13,3,19
2025,9,2025-10-25T23:30:00.000Z,401754570,Louisville,38,504,59,31,317,10.2,15,28,187,6.7,3,11,3,14
2025,9,2025-10-25T23:30:00.000Z,401754570,Boston College,24,360,82,36,116,3.2,23,46,244,5.3,6,16,3,20
2025,5,2025-09-27T19:30:00.000Z,401754544,California,28,375,70,36,121,3.4,22,34,254,7.5,6,12,1,23
2025,5,2025-09-27T19:30:00.000Z,401754544,Boston College,24,375,58,21,178,8.5,21,37,197,5.3,4,11,2,20
2025,6,2025-10-04T16:00:00.000Z,401754550,Boston College,7,216,54,24,27,1.1,14,30,189,6.3,4,12,3,11
2025,6,2025-10-04T16:00:00.000Z,401754550,Pittsburgh,48,503,88,43,172,4.0,32,45,331,7.4,9,17,0,31
2025,11,2025-11-08T17:00:00.000Z,401754584,SMU,45,574,66,31,222,7.2,19,35,352,10.1,8,14,1,22
2025,11,2025-11-08T17:00:00.000Z,401754584,Boston College,13,390,85,40,106,2.7,29,45,284,6.3,2,15,4,25
2025,2,2025-09-06T22:00:00.000Z,401754530,California,35,467,73,34,181,5.3,28,39,286,7.3,6,12,2,22
2025,1,2025-08-31T02:30:00.000Z,401752936,California,34,356,62,32,122,3.8,20,30,234,7.8,2,13,0,15
2025,11,2025-11-09T00:00:00.000Z,401754585,California,29,427,74,25,77,3.1,31,49,350,7.1,8,18,0,21
2025,11,2025-11-09T00:00:00.000Z,401754585,Louisville,26,351,69,30,148,4.9,20,39,203,5.2,6,17,1,16
2025,14,2025-11-30T01:00:00.000Z,401754609,California,38,452,77,37,122,3.3,31,40,330,8.3,7,13,0,27
2025,14,2025-11-30T01:00:00.000Z,401754609,SMU,35,477,67,31,227,7.3,24,36,250,6.9,7,11,1,23
2025,8,2025-10-18T02:30:00.000Z,401754371,North Carolina,18,287,64,29,120,4.1,19,35,167,4.8,5,14,3,18
2025,8,2025-10-18T02:30:00.000Z,401754371,California,21,294,71,31,80,2.6,22,40,214,5.4,6,16,0,19
2025,3,2025-09-14T02:30:00.000Z,401752840,California,27,340,63,24,61,2.5,24,39,279,7.2,6,13,0,19
2025,3,2025-09-14T02:30:00.000Z,401752840,Minnesota,14,335,69,37,130,3.5,19,32,205,6.4,7,15,2,19
2025,4,2025-09-21T02:30:00.000Z,401754540,California,0,289,72,31,65,2.1,18,41,224,5.5,6,17,3,17
2025,10,2025-11-01T19:45:00.000Z,401754576,California,21,263,57,25,8,0.3,20,32,255,8.0,3,12,2,14
2025,10,2025-11-01T19:45:00.000Z,401754576,Virginia,31,456,80,44,194,4.4,24,36,262,7.3,10,19,0,23
2025,13,2025-11-23T00:30:00.000Z,401754599,Stanford,31,282,57,37,159,4.3,10,20,123,6.2,6,14,0,17
2025,13,2025-11-23T00:30:00.000Z,401754599,California,10,297,76,26,12,0.5,34,50,285,5.7,7,18,3,15
2025,9,2025-10-24T23:30:00.000Z,401754372,Virginia Tech,42,476,76,58,357,6.2,9,18,119,6.6,8,16,1,24
2025,9,2025-10-24T23:30:00.000Z,401754372,California,34,325,67,27,39,1.4,24,40,286,7.2,5,14,0,19
2025,6,2025-10-05T02:30:00.000Z,401754551,Duke,45,443,67,37,178,4.8,22,30,265,8.8,5,11,0,24
2025,6,2025-10-05T02:30:00.000Z,401754551,California,21,286,61,29,41,1.4,20,32,245,7.7,5,11,4,20
2025,1,2025-08-29T01:00:00.000Z,401752796,Cincinnati,17,271,54,29,202,7.0,13,25,69,2.8,3,10,2,16
2025,1,2025-08-29T01:00:00.000Z,401752796,Nebraska,20,356,77,35,113,3.2,33,42,243,5.8,10,18,0,23
2025,7,2025-10-11T16:00:00.000Z,401756917,Cincinnati,20,306,48,27,115,4.3,12,21,191,9.1,2,9,0,14
2025,7,2025-10-11T16:00:00.000Z,401756917,UCF,11,413,90,41,191,4.7,28,49,222,4.5,7,18,1,26
2025,8,2025-10-19T00:00:00.000Z,401756926,Cincinnati,49,427,60,31,157,5.1,20,29,270,9.3,6,10,0,26
2025,8,2025-10-19T00:00:00.000Z,401756926,Oklahoma State,17,377,67,48,228,4.8,11,19,149,7.8,6,13,2,20
2025,14,2025-11-29T20:30:00.000Z,401756967,TCU,45,544,74,52,238,4.6,19,22,306,13.9,6,14,0,27
2025,14,2025-11-29T20:30:00.000Z,401756967,Cincinnati,23,397,52,19,115,6.1,23,33,282,8.5,3,9,1,17
2025,2,2025-09-06T19:30:00.000Z,401756880,Cincinnati,34,439,53,29,106,3.7,17,24,333,13.9,2,7,1,18
2025,3,2025-09-13T19:30:00.000Z,401756892,Cincinnati,70,605,49,26,243,9.3,21,23,362,15.7,2,4,0,26
2025,5,2025-09-27T16:00:00.000Z,401756905,Kansas,34,597,55,27,152,5.6,19,28,445,15.9,3,8,1,26
2025,5,2025-09-27T16:00:00.000Z,401756905,Cincinnati,37,603,80,37,215,5.8,29,43,388,9.0,7,16,0,29
2025,6,2025-10-04T16:00:00.000Z,401756912,Cincinnati,38,478,58,33,264,8.0,13,25,214,8.6,4,11,1,20
2025,6,2025-10-04T16:00:00.000Z,401756912,Iowa State,30,465,86,38,151,4.0,30,48,314,6.5,4,17,0,29
2025,10,2025-11-02T02:15:00.000Z,401756942,Cincinnati,14,427,63,30,206,6.9,11,33,221,6.7,6,14,3,18
2025,10,2025-11-02T02:15:00.000Z,401756942,Utah,45,480,84,53,267,5.0,16,31,213,6.9,7,15,2,29
2025,14,2025-11-29T17:00:00.000Z,401752790,South Carolina,14,422,61,19,41,2.2,23,42,381,9.1,1,11,4,17
2025,14,2025-11-29T17:00:00.000Z,401752790,Clemson,28,415,79,40,147,3.7,24,39,268,6.9,7,17,1,25
2025,1,2025-08-30T23:30:00.000Z,401752671,LSU,17,354,70,31,108,3.5,29,39,248,6.4,4,11,2,25
2025,1,2025-08-30T23:30:00.000Z,401752671,Clemson,10,261,58,20,31,1.6,19,38,230,6.1,3,13,1,13
2025,12,2025-11-15T00:30:00.000Z,401754591,Louisville,19,385,59,30,171,5.7,20,29,214,7.4,2,11,1,16
2025,12,2025-11-15T00:30:00.000Z,401754591,Clemson,20,308,64,30,121,4.0,22,34,187,5.5,1,13,1,19
2025,2,2025-09-06T19:30:00.000Z,401754637,Clemson,27,316,55,31,120,3.9,18,24,196,8.2,5,12,2,17
2025,10,2025-11-01T16:00:00.000Z,401754577,Clemson,45,560,72,36,175,4.9,27,36,385,10.7,3,10,1,28
2025,10,2025-11-01T16:00:00.000Z,401754577,Duke,46,439,64,22,78,3.5,27,42,361,8.6,3,14,0,22
2025,3,2025-09-13T16:00:00.000Z,401754623,Georgia Tech,24,358,70,42,147,3.5,20,28,211,7.5,8,15,0,18
2025,3,2025-09-13T16:00:00.000Z,401754623,Clemson,21,381,61,35,174,5.0,15,26,207,8.0,7,12,2,17
2025,8,2025-10-18T19:30:00.000Z,401754565,Clemson,24,352,72,30,35,1.2,29,42,317,7.5,8,19,1,19
2025,8,2025-10-18T19:30:00.000Z,401754565,SMU,35,429,71,28,139,5.0,23,43,290,6.7,7,17,1,21
2025,11,2025-11-09T00:00:00.000Z,401754586,Clemson,24,319,63,36,98,2.7,20,27,221,8.2,4,15,0,16
2025,11,2025-11-09T00:00:00.000Z,401754586,Florida State,10,360,69,26,110,4.2,23,43,250,5.8,5,15,2,19
2025,13,2025-11-22T21:30:00.000Z,401754605,Clemson,45,456,67,31,219,7.1,23,36,237,6.6,4,12,0,23
2025,6,2025-10-04T16:00:00.000Z,401754552,North Carolina,10,270,60,18,57,3.2,26,42,213,5.1,2,11,0,19
2025,6,2025-10-04T16:00:00.000Z,401754552,Clemson,38,488,70,31,89,2.9,30,39,399,10.2,4,12,1,23
2025,4,2025-09-20T16:00:00.000Z,401754537,Clemson,21,503,82,22,140,6.4,37,60,363,6.1,3,13,2,29
2025,4,2025-09-20T16:00:00.000Z,401754537,Syracuse,34,435,76,37,157,4.2,21,39,278,7.1,3,15,0,24
2025,3,2025-09-12T23:30:00.000Z,401756893,Houston,36,431,77,53,209,3.9,15,24,222,9.3,7,18,0,21
2025,3,2025-09-12T23:30:00.000Z,401756893,Colorado,20,300,58,23,96,4.2,19,35,204,5.8,4,14,2,15
2025,11,2025-11-08T17:00:00.000Z,401756947,West Virginia,29,369,81,53,167,3.2,17,28,202,7.2,7,17,3,21
2025,11,2025-11-08T17:00:00.000Z,401756947,Colorado,22,350,73,38,51,1.3,22,35,299,8.5,5,17,1,19
2025,1,2025-08-30T00:00:00.000Z,401754375,Georgia Tech,27,463,68,47,320,6.8,13,21,143,6.8,6,11,3,27
2025,1,2025-08-30T00:00:00.000Z,401754375,Colorado,20,305,60,31,146,4.7,17,29,159,5.5,5,13,0,19
2025,7,2025-10-11T19:30:00.000Z,401756918,Colorado,24,403,61,36,148,4.1,16,25,255,10.2,7,15,0,16
2025,7,2025-10-11T19:30:00.000Z,401756918,Iowa State,17,441,70,37,236,6.4,18,33,205,6.2,2,12,1,22
2025,6,2025-10-04T23:30:00.000Z,401756914,Colorado,21,343,64,35,126,3.6,18,29,217,7.5,9,14,4,20
2025,6,2025-10-04T23:30:00.000Z,401756914,TCU,35,369,68,35,94,2.7,23,33,275,8.3,7,15,0,23
2025,14,2025-11-29T17:00:00.000Z,401756965,Kansas State,24,321,60,43,206,4.8,10,17,115,6.8,4,11,0,16
2025,14,2025-11-29T17:00:00.000Z,401756965,Colorado,14,323,72,47,151,3.2,14,25,172,6.9,8,17,1,18
2025,9,2025-10-26T02:15:00.000Z,401756934,Utah,53,587,76,51,422,8.3,11,25,165,6.6,5,15,0,25
2025,9,2025-10-26T02:15:00.000Z,401756934,Colorado,7,140,68,38,38,1.0,13,30,102,3.4,3,16,1,12
2025,4,2025-09-21T02:15:00.000Z,401756897,Colorado,37,497,59,31,193,6.2,18,28,304,10.9,5,10,1,23
2025,2,2025-09-06T19:30:00.000Z,401756881,Colorado,31,402,66,36,135,3.8,22,30,267,8.9,7,16,0,21
2025,13,2025-11-22T20:30:00.000Z,401754600,Duke,32,352,76,43,177,4.1,20,33,175,5.3,6,15,0,24
2025,13,2025-11-22T20:30:00.000Z,401754600,North Carolina,25,305,52,25,101,4.0,21,27,204,7.6,8,13,0,18
2025,1,2025-08-28T23:30:00.000Z,401754517,Duke,45,548,59,25,159,6.4,27,34,389,11.4,5,9,1,23
2025,4,2025-09-20T20:00:00.000Z,401754538,Duke,45,418,63,35,149,4.3,19,28,269,9.6,5,12,0,22
2025,4,2025-09-20T20:00:00.000Z,401754538,NC State,33,535,74,35,171,4.9,29,39,364,9.3,7,12,4,26
2025,8,2025-10-18T16:00:00.000Z,401754566,Georgia Tech,27,376,57,36,171,4.8,14,21,205,9.8,6,12,0,21
2025,8,2025-10-18T16:00:00.000Z,401754566,Duke,18,441,76,32,68,2.1,32,44,373,8.5,7,15,1,26
2025,14,2025-11-29T20:30:00.000Z,401754610,Duke,49,378,74,39,110,2.8,24,35,268,7.7,5,13,0,24
2025,14,2025-11-29T20:30:00.000Z,401754610,Wake Forest,32,466,75,32,124,3.9,27,43,342,8.0,6,12,4,27
2025,2,2025-09-06T16:00:00.000Z,401752825,Duke,19,438,63,24,82,3.4,25,39,356,9.1,4,10,5,21
2025,2,2025-09-06T16:00:00.000Z,401752825,Illinois,45,419,73,42,123,2.9,22,31,296,9.5,5,13,0,25
2025,3,2025-09-14T00:00:00.000Z,401754534,Duke,27,452,75,24,139,5.8,30,51,313,6.1,6,14,1,27
2025,11,2025-11-08T20:30:00.000Z,401754590,Duke,34,390,65,34,168,4.9,22,31,222,7.2,3,8,3,26
2025,15,2025-12-07T01:00:00.000Z,401777328,Virginia,20,344,69,29,128,4.4,21,40,216,5.4,7,15,2,25
2025,15,2025-12-07T01:00:00.000Z,401777328,Duke,27,333,69,44,137,3.1,19,25,196,7.8,6,16,1,18
2025,12,2025-11-15T20:30:00.000Z,401754593,Duke,17,255,58,23,42,1.8,18,35,213,6.1,4,15,1,11
2025,12,2025-11-15T20:30:00.000Z,401754593,Virginia,34,540,77,42,224,5.3,23,35,316,9.0,12,19,2,22
2025,5,2025-09-27T16:00:00.000Z,401754545,Syracuse,3,314,64,27,85,3.1,24,37,229,6.2,5,14,3,19
2025,5,2025-09-27T16:00:00.000Z,401754545,Duke,38,504,64,36,236,6.6,22,28,268,9.6,6,13,0,23
2025,3,2025-09-13T23:30:00.000Z,401752699,LSU,20,322,49,22,102,4.6,15,27,220,8.1,4,14,1,10
2025,3,2025-09-13T23:30:00.000Z,401752699,Florida,10,366,76,27,79,2.9,33,49,287,5.9,6,17,5,23
2025,12,2025-11-16T00:00:00.000Z,401752769,Ole Miss,34,538,83,48,237,4.9,26,35,301,8.6,6,16,1,27
2025,12,2025-11-16T00:00:00.000Z,401752769,Florida,24,326,57,25,108,4.3,16,32,218,6.8,6,13,1,14
2025,4,2025-09-20T23:30:00.000Z,401752709,Miami,26,349,74,44,189,4.3,17,30,160,5.3,8,16,1,21
2025,4,2025-09-20T23:30:00.000Z,401752709,Florida,7,141,52,29,80,2.8,12,23,61,2.7,0,13,0,7
2025,6,2025-10-04T19:30:00.000Z,401752727,Florida,29,457,65,37,159,4.3,21,28,298,10.6,7,14,2,22
2025,6,2025-10-04T19:30:00.000Z,401752727,Texas,21,341,57,26,52,2.0,17,31,289,9.3,3,11,2,16
2025,8,2025-10-18T20:15:00.000Z,401752741,Florida,23,452,68,34,172,5.1,20,34,280,8.2,4,11,2,25
2025,8,2025-10-18T20:15:00.000Z,401752741,Mississippi State,21,468,80,44,144,3.3,24,36,324,9.0,8,15,2,22
2025,14,2025-11-29T21:30:00.000Z,401752785,Florida State,21,407,65,37,167,4.5,17,28,240,8.6,5,12,2,23
2025,14,2025-11-29T21:30:00.000Z,401752785,Florida,40,440,69,45,272,6.0,15,24,168,7.0,6,13,1,26
2025,1,2025-08-30T23:00:00.000Z,401752668,Florida,55,451,74,38,200,5.3,27,36,251,7.0,7,13,0,28
2025,7,2025-10-11T23:00:00.000Z,401752737,Texas A&M,34,417,68,42,183,4.4,16,26,234,9.0,9,17,1,19
2025,7,2025-10-11T23:00:00.000Z,401752737,Florida,17,319,61,24,74,3.1,21,37,245,6.6,1,10,2,15
2025,2,2025-09-06T20:15:00.000Z,401752684,Florida,16,355,64,31,133,4.3,23,33,222,6.7,4,12,1,20
2025,10,2025-11-01T19:30:00.000Z,401752755,Georgia,24,361,68,39,138,3.5,20,29,223,7.7,7,15,1,21
2025,10,2025-11-01T19:30:00.000Z,401752755,Florida,20,281,56,32,115,3.6,15,24,166,6.9,2,11,0,16
2025,13,2025-11-23T00:30:00.000Z,401752775,Florida,11,261,47,30,145,4.8,11,17,116,6.8,2,9,0,15
2025,13,2025-11-23T00:30:00.000Z,401752775,Tennessee,31,452,73,51,248,4.9,17,22,204,9.3,9,13,0,28
2025,11,2025-11-09T00:30:00.000Z,401752760,Kentucky,38,401,67,44,233,5.3,18,23,168,7.3,8,12,4,24
2025,11,2025-11-09T00:30:00.000Z,401752760,Florida,7,247,69,32,104,3.3,20,37,143,3.9,7,15,4,17
2025,8,2025-10-19T02:30:00.000Z,401754567,Florida State,13,444,78,43,133,3.1,18,35,311,8.9,8,18,0,22
2025,8,2025-10-19T02:30:00.000Z,401754567,Stanford,20,293,67,42,132,3.1,12,25,161,6.4,6,16,1,19
2025,4,2025-09-20T19:30:00.000Z,401754541,Florida State,66,775,78,54,498,9.2,16,24,277,11.5,9,10,1,37
2025,2,2025-09-06T16:00:00.000Z,401754621,Florida State,77,729,71,51,361,7.1,16,20,368,18.4,10,14,1,29
2025,6,2025-10-04T23:30:00.000Z,401754553,Miami,28,338,59,32,97,3.0,20,27,241,8.9,5,14,0,14
2025,6,2025-10-04T23:30:00.000Z,401754553,Florida State,22,404,83,38,132,3.5,25,45,272,6.0,7,16,3,28
2025,5,2025-09-26T23:00:00.000Z,401754543,Virginia,46,440,84,48,211,4.4,26,36,229,6.4,7,13,3,27
2025,5,2025-09-26T23:00:00.000Z,401754543,Florida State,38,516,80,47,258,5.5,19,33,258,7.8,6,15,3,24
2025,7,2025-10-11T16:00:00.000Z,401754559,Pittsburgh,34,479,70,41,158,3.9,21,29,321,11.1,5,14,2,23
2025,7,2025-10-11T16:00:00.000Z,401754559,Florida State,31,415,63,40,170,4.3,16,23,245,10.7,6,12,1,21
2025,12,2025-11-16T00:30:00.000Z,401754594,Florida State,34,431,71,46,237,5.2,13,25,194,7.8,7,11,0,27
2025,12,2025-11-16T00:30:00.000Z,401754594,Virginia Tech,14,363,59,41,238,5.8,10,18,125,6.9,8,12,2,20
2025,13,2025-11-22T01:00:00.000Z,401754598,NC State,21,286,68,42,134,3.2,18,26,152,5.8,7,16,0,20
2025,13,2025-11-22T01:00:00.000Z,401754598,Florida State,11,383,66,34,180,5.3,16,32,203,6.3,5,12,4,21
2025,10,2025-11-01T23:30:00.000Z,401754578,Florida State,42,421,57,40,150,3.8,12,17,271,15.9,7,11,1,18
2025,10,2025-11-01T23:30:00.000Z,401754578,Wake Forest,7,247,71,40,85,2.1,18,31,162,5.2,6,16,2,19
2025,2,2025-09-06T19:30:00.000Z,401752685,Georgia,28,421,76,40,190,4.8,27,36,231,6.4,7,13,2,26
2025,8,2025-10-18T19:30:00.000Z,401752742,Georgia,43,510,80,49,221,4.5,26,31,289,9.3,6,11,0,34
2025,8,2025-10-18T19:30:00.000Z,401752742,Ole Miss,35,351,60,24,88,3.7,19,36,263,7.3,5,9,0,21
2025,3,2025-09-13T19:30:00.000Z,401752705,Tennessee,41,496,70,34,125,3.7,24,36,371,10.3,5,12,2,23
2025,3,2025-09-13T19:30:00.000Z,401752705,Georgia,44,502,87,55,198,3.6,23,32,304,9.5,8,17,2,28
2025,1,2025-08-30T19:30:00.000Z,401752669,Georgia,45,488,76,44,239,5.4,19,32,249,7.8,6,16,0,27
2025,12,2025-11-16T00:30:00.000Z,401752766,Georgia,35,357,64,35,128,3.7,24,29,229,7.9,4,11,1,21
2025,12,2025-11-16T00:30:00.000Z,401752766,Texas,10,274,60,17,23,1.4,27,43,251,5.8,2,12,1,15
2025,13,2025-11-22T17:45:00.000Z,401752776,Georgia,35,449,75,42,192,4.6,25,33,257,7.8,4,10,1,30
2025,14,2025-11-28T20:30:00.000Z,401752786,Georgia Tech,9,250,50,23,69,3.0,19,27,181,6.7,4,11,1,14
2025,14,2025-11-28T20:30:00.000Z,401752786,Georgia,16,260,67,46,190,4.1,11,21,70,3.3,6,14,1,19
2025,6,2025-10-04T16:00:00.000Z,401752728,Kentucky,14,270,63,22,45,2.0,25,41,225,5.5,3,11,2,19
2025,6,2025-10-04T16:00:00.000Z,401752728,Georgia,35,428,69,42,183,4.4,18,27,245,9.1,8,12,2,26
2025,11,2025-11-08T17:00:00.000Z,401752762,Mississippi State,21,322,68,43,149,3.5,16,25,173,6.9,8,16,1,18
2025,11,2025-11-08T17:00:00.000Z,401752762,Georgia,41,567,74,44,303,6.9,18,30,264,8.8,7,12,1,30
2025,5,2025-09-27T16:00:00.000Z,401754546,Wake Forest,29,445,70,39,212,5.4,14,31,233,7.5,9,19,0,20
2025,5,2025-09-27T16:00:00.000Z,401754546,Georgia Tech,30,411,85,42,163,3.9,29,43,248,5.8,7,16,1,27
2025,2,2025-09-06T19:30:00.000Z,401754622,Georgia Tech,59,680,57,28,223,8.0,22,29,457,15.8,2,8,2,21
2025,4,2025-09-20T20:30:00.000Z,401754542,Georgia Tech,45,468,48,30,307,10.2,13,18,161,8.9,3,8,1,19
2025,13,2025-11-23T00:00:00.000Z,401754601,Georgia Tech,28,378,74,33,121,3.7,27,41,257,6.3,3,14,2,21
2025,13,2025-11-23T00:00:00.000Z,401754601,Pittsburgh,42,412,67,40,186,4.7,20,27,226,8.4,5,13,0,22
2025,7,2025-10-11T19:30:00.000Z,401754560,Virginia Tech,20,369,54,33,188,5.7,13,21,181,8.6,0,8,1,20
2025,7,2025-10-11T19:30:00.000Z,401754560,Georgia Tech,35,483,65,41,270,6.6,20,24,213,8.9,7,12,0,28
2025,9,2025-10-25T16:00:00.000Z,401754571,Georgia Tech,41,543,68,37,239,6.5,25,31,304,9.8,8,12,1,27
2025,9,2025-10-25T16:00:00.000Z,401754571,Syracuse,16,381,63,34,157,4.6,17,29,224,7.7,5,14,1,17
2025,10,2025-11-01T23:30:00.000Z,401754579,NC State,48,583,67,34,243,7.1,24,33,340,10.3,7,11,0,26
2025,10,2025-11-01T23:30:00.000Z,401754579,Georgia Tech,36,559,70,33,151,4.6,25,37,408,11.0,6,11,1,30
2025,10,2025-11-01T16:00:00.000Z,401756938,Houston,35,400,67,31,82,2.6,26,36,318,8.8,5,12,4,27
2025,10,2025-11-01T16:00:00.000Z,401756938,West Virginia,45,403,75,53,246,4.6,13,22,157,7.1,5,17,0,20
2025,2,2025-09-06T23:00:00.000Z,401756884,Houston,35,395,59,37,207,5.6,15,22,188,8.5,9,16,0,14
2025,11,2025-11-08T01:00:00.000Z,401756946,UCF,27,282,60,30,146,4.9,15,30,136,4.5,5,15,2,14
2025,11,2025-11-08T01:00:00.000Z,401756946,Houston,30,433,80,49,210,4.3,20,31,223,7.2,8,16,4,26
2025,1,2025-08-29T00:00:00.000Z,401756852,Houston,27,343,73,46,191,4.2,16,27,152,5.6,7,17,0,18
2025,5,2025-09-27T02:30:00.000Z,401752939,Houston,27,354,65,29,84,2.9,20,36,270,7.5,6,15,1,17
2025,13,2025-11-22T21:00:00.000Z,401756957,Houston,14,391,69,40,230,5.8,15,29,161,5.6,4,17,1,17
2025,13,2025-11-22T21:00:00.000Z,401756957,TCU,17,426,69,36,133,3.7,24,33,293,8.9,5,11,4,22
2025,7,2025-10-11T16:00:00.000Z,401756920,Houston,39,487,78,44,168,3.8,24,34,319,9.4,6,15,0,27
2025,7,2025-10-11T16:00:00.000Z,401756920,Oklahoma State,17,225,51,31,45,1.5,9,20,180,9.0,5,14,1,10
2025,6,2025-10-04T23:00:00.000Z,401756913,Texas Tech,35,552,88,48,207,4.3,28,40,345,8.6,9,18,1,27
2025,6,2025-10-04T23:00:00.000Z,401756913,Houston,11,267,55,30,103,3.4,10,25,164,6.6,1,12,3,12
2025,1,2025-08-29T23:30:00.000Z,401752795,Illinois,52,440,59,37,209,5.6,18,22,231,10.5,4,9,0,21
2025,12,2025-11-15T20:30:00.000Z,401752906,Illinois,24,397,73,48,225,4.7,15,25,172,6.9,7,13,1,24
2025,12,2025-11-15T20:30:00.000Z,401752906,Maryland,6,293,64,18,55,3.1,25,46,238,5.2,3,12,1,18
2025,5,2025-09-27T16:00:00.000Z,401752850,Illinois,34,503,61,34,172,5.1,21,27,331,12.3,6,10,2,25
2025,5,2025-09-27T16:00:00.000Z,401752850,USC,32,490,77,34,126,3.7,30,43,364,8.5,8,14,2,29
2025,7,2025-10-11T16:00:00.000Z,401752865,Illinois,16,295,71,27,47,1.7,30,44,248,5.6,4,14,3,22
2025,7,2025-10-11T16:00:00.000Z,401752865,Ohio State,34,275,62,35,109,3.1,19,27,166,6.1,8,15,0,17
2025,3,2025-09-13T23:00:00.000Z,401752829,Illinois,38,358,63,37,162,4.4,17,26,196,7.5,7,12,0,20
2025,14,2025-11-30T00:30:00.000Z,401752922,Northwestern,13,254,65,29,91,3.1,19,36,163,4.5,5,13,4,19
2025,14,2025-11-30T00:30:00.000Z,401752922,Illinois,20,284,52,36,120,3.3,11,16,164,10.3,2,10,1,14
2025,4,2025-09-20T23:30:00.000Z,401752843,Indiana,63,579,72,49,312,6.4,21,23,267,11.6,8,11,0,31
2025,4,2025-09-20T23:30:00.000Z,401752843,Illinois,10,161,45,20,2,0.1,16,25,159,6.4,1,10,1,9
2025,13,2025-11-23T00:30:00.000Z,401752915,Wisconsin,27,301,59,44,209,4.8,11,15,92,6.1,7,15,0,14
2025,13,2025-11-23T00:30:00.000Z,401752915,Illinois,10,298,64,29,50,1.7,21,35,248,7.1,4,13,0,19
2025,9,2025-10-25T19:30:00.000Z,401752880,Washington,42,449,67,33,157,4.8,27,34,292,8.6,9,12,0,27
2025,9,2025-10-25T19:30:00.000Z,401752880,Illinois,25,337,63,29,138,4.8,22,34,199,5.9,9,12,2,22
2025,10,2025-11-01T16:00:00.000Z,401752891,Illinois,35,445,69,38,210,5.5,19,31,235,7.6,7,12,1,26
2025,10,2025-11-01T16:00:00.000Z,401752891,Rutgers,13,312,72,27,59,2.2,25,45,253,5.6,6,16,0,19
2025,6,2025-10-04T16:00:00.000Z,401752861,Illinois,43,507,63,41,117,2.9,19,22,390,17.7,2,11,0,22
2025,6,2025-10-04T16:00:00.000Z,401752861,Purdue,27,453,75,25,151,6.0,30,50,302,6.0,5,13,2,25
2025,3,2025-09-12T22:30:00.000Z,401752836,Indiana,73,680,67,37,301,8.1,26,30,379,12.6,6,8,0,33
2025,1,2025-08-30T18:30:00.000Z,401752806,Indiana,27,502,89,57,309,5.4,18,32,193,6.0,10,17,1,30
2025,12,2025-11-15T17:00:00.000Z,401752901,Indiana,31,388,62,37,83,2.2,23,25,305,12.2,7,12,0,19
2025,12,2025-11-15T17:00:00.000Z,401752901,Wisconsin,7,168,45,30,70,2.3,9,15,98,6.5,2,11,2,8
2025,9,2025-10-25T16:00:00.000Z,401752885,Indiana,56,475,76,47,262,5.6,19,29,213,7.3,12,16,2,27
2025,9,2025-10-25T16:00:00.000Z,401752885,UCLA,6,201,53,25,88,3.5,13,28,113,4.0,1,11,3,12
2025,2,2025-09-06T16:00:00.000Z,401752812,Indiana,56,596,66,38,316,8.3,21,28,280,10.0,5,9,0,28
2025,5,2025-09-27T19:30:00.000Z,401752853,Indiana,20,386,58,35,153,4.4,13,23,233,10.1,6,15,1,18
2025,5,2025-09-27T19:30:00.000Z,401752853,Iowa,15,284,69,31,92,3.0,24,38,192,5.1,6,16,2,17
2025,10,2025-11-01T19:30:00.000Z,401752887,Indiana,55,588,75,52,367,7.1,16,23,221,9.6,7,12,1,28
2025,10,2025-11-01T19:30:00.000Z,401752887,Maryland,10,293,50,17,37,2.2,18,33,256,7.8,3,12,5,11
2025,11,2025-11-08T17:00:00.000Z,401752893,Penn State,24,336,64,33,117,3.5,22,31,219,7.1,8,15,2,17
2025,11,2025-11-08T17:00:00.000Z,401752893,Indiana,27,326,62,31,108,3.5,19,31,218,7.0,5,12,1,20
2025,8,2025-10-18T19:30:00.000Z,401752878,Indiana,38,464,56,28,132,4.7,24,28,332,11.9,5,8,0,24
2025,8,2025-10-18T19:30:00.000Z,401752878,Michigan State,13,367,62,24,74,3.1,30,38,293,7.7,5,14,0,19
2025,14,2025-11-29T00:30:00.000Z,401752924,Purdue,3,282,74,27,44,1.6,25,47,238,5.1,7,19,2,16
2025,14,2025-11-29T00:30:00.000Z,401752924,Indiana,56,548,54,37,355,9.6,10,17,193,11.4,4,8,0,22
2025,15,2025-12-07T01:00:00.000Z,401777353,Ohio State,10,322,56,26,58,2.2,22,30,264,8.8,4,12,1,17
2025,15,2025-12-07T01:00:00.000Z,401777353,Indiana,13,340,57,34,118,3.5,15,23,222,9.7,6,13,1,17
2025,7,2025-10-11T19:30:00.000Z,401752870,Oregon,20,267,64,30,81,2.7,21,34,186,5.5,3,14,2,14
2025,7,2025-10-11T19:30:00.000Z,401752870,Indiana,30,343,64,33,128,3.9,20,31,215,6.9,5,14,1,23
2025,13,2025-11-22T20:30:00.000Z,401752913,Iowa,20,301,61,39,154,3.9,12,22,147,6.7,1,10,2,16
2025,13,2025-11-22T20:30:00.000Z,401752913,Michigan State,17,335,69,27,80,3.0,25,42,255,6.1,4,15,1,19
2025,7,2025-10-11T23:00:00.000Z,401752869,Wisconsin,0,209,57,36,127,3.5,8,21,82,3.9,5,13,3,12
2025,7,2025-10-11T23:00:00.000Z,401752869,Iowa,37,319,61,36,210,5.8,18,25,109,4.4,5,12,1,18
2025,8,2025-10-18T23:00:00.000Z,401752875,Penn State,24,266,74,46,173,3.8,15,28,93,3.3,6,16,2,19
2025,8,2025-10-18T23:00:00.000Z,401752875,Iowa,25,313,49,33,245,7.4,10,16,68,4.3,4,10,1,11
2025,12,2025-11-15T20:30:00.000Z,401752907,USC,26,360,63,31,106,3.4,23,32,254,7.9,5,10,0,21
2025,12,2025-11-15T20:30:00.000Z,401752907,Iowa,21,320,53,33,183,5.5,13,20,137,6.9,4,10,1,17
2025,1,2025-08-30T22:00:00.000Z,401752799,Iowa,34,358,69,53,310,5.8,9,16,48,3.0,10,16,1,20
2025,3,2025-09-13T23:30:00.000Z,401752830,Iowa,47,435,71,40,201,5.0,21,31,234,7.5,10,16,0,22
2025,9,2025-10-25T19:30:00.000Z,401752882,Iowa,41,274,56,36,133,3.7,13,20,141,7.1,4,12,0,13
2025,9,2025-10-25T19:30:00.000Z,401752882,Minnesota,3,133,53,25,24,1.0,16,28,109,3.9,4,13,3,10
2025,2,2025-09-06T16:00:00.000Z,401752822,Iowa State,16,238,57,30,104,3.5,18,27,134,5.0,8,15,1,14
2025,2,2025-09-06T16:00:00.000Z,401752822,Iowa,13,214,63,39,131,3.4,13,24,83,3.5,5,14,1,16
2025,14,2025-11-28T17:00:00.000Z,401752916,Nebraska,16,300,60,36,231,6.4,9,24,69,2.9,5,15,1,14
2025,14,2025-11-28T17:00:00.000Z,401752916,Iowa,40,379,62,46,213,4.6,9,16,166,10.4,7,12,1,18
2025,4,2025-09-20T00:00:00.000Z,401752844,Rutgers,28,400,70,30,70,2.3,24,40,330,8.3,6,13,1,20
2025,4,2025-09-20T00:00:00.000Z,401752844,Iowa,38,346,56,38,160,4.2,12,18,186,10.3,3,8,0,22
2025,11,2025-11-08T20:30:00.000Z,401752898,Iowa,16,239,61,43,101,2.3,10,18,138,7.7,5,13,2,18
2025,11,2025-11-08T20:30:00.000Z,401752898,Oregon,18,373,57,36,261,7.3,13,21,112,5.3,3,10,1,19
2025,1,2025-08-23T16:00:00.000Z,401756846,Kansas State,21,383,57,27,110,4.1,21,30,273,9.1,5,13,2,13
2025,1,2025-08-23T16:00:00.000Z,401756846,Iowa State,24,313,74,46,130,2.8,14,28,183,6.5,3,14,2,19
2025,14,2025-11-29T17:00:00.000Z,401756966,Oklahoma State,13,229,57,23,27,1.2,23,34,202,5.9,2,13,2,12
2025,14,2025-11-29T17:00:00.000Z,401756966,Iowa State,20,344,66,48,231,4.8,9,18,113,6.3,4,14,1,17
2025,11,2025-11-08T20:30:00.000Z,401756944,TCU,17,432,80,30,113,3.8,34,50,319,6.4,7,14,3,30
2025,11,2025-11-08T20:30:00.000Z,401756944,Iowa State,20,272,65,41,161,3.9,9,24,111,4.6,8,16,2,15
2025,3,2025-09-13T20:00:00.000Z,401756890,Iowa State,24,452,59,34,187,5.5,14,25,265,10.6,5,11,1,20
2025,1,2025-08-30T19:30:00.000Z,401756853,Iowa State,55,529,67,42,223,5.3,23,25,306,12.2,9,10,0,28
2025,13,2025-11-22T17:00:00.000Z,401756958,Kansas,14,323,50,21,132,6.3,16,29,191,6.6,5,9,1,17
2025,13,2025-11-22T17:00:00.000Z,401756958,Iowa State,38,462,73,50,221,4.4,18,23,241,10.5,9,16,0,25
2025,1,2025-08-23T22:30:00.000Z,401756847,Kansas,31,383,58,38,207,5.4,18,20,176,8.8,2,10,0,22
2025,1,2025-08-29T23:30:00.000Z,401756854,Kansas,46,631,78,44,285,6.5,23,34,346,10.2,4,10,2,32
2025,14,2025-11-28T17:00:00.000Z,401756964,Kansas,21,477,78,51,290,5.7,10,27,187,6.9,8,15,3,26
2025,14,2025-11-28T17:00:00.000Z,401756964,Utah,31,414,56,31,161,5.2,15,25,253,10.1,7,13,1,18
2025,10,2025-11-01T20:00:00.000Z,401756940,Kansas,38,342,58,39,232,5.9,13,19,110,5.8,6,10,0,18
2025,10,2025-11-01T20:00:00.000Z,401756940,Oklahoma State,21,316,62,31,72,2.3,24,31,244,7.9,8,14,0,19
2025,2,2025-09-06T19:30:00.000Z,401752689,Kansas,31,226,49,19,3,0.2,18,30,223,7.4,3,11,1,13
2025,2,2025-09-06T19:30:00.000Z,401752689,Missouri,42,595,86,47,261,5.6,30,39,334,8.6,10,19,1,28
2025,7,2025-10-11T23:30:00.000Z,401756921,Kansas,17,319,77,38,74,1.9,30,39,245,6.3,7,18,1,22
2025,7,2025-10-11T23:30:00.000Z,401756921,Texas Tech,42,505,68,40,372,9.3,14,28,133,4.8,6,14,1,22
2025,9,2025-10-25T16:00:00.000Z,401756932,Kansas,17,247,77,40,110,2.8,18,37,137,3.7,6,16,4,18
2025,9,2025-10-25T16:00:00.000Z,401756932,Kansas State,42,371,53,36,140,3.9,11,17,231,13.6,3,10,1,17
2025,4,2025-09-20T22:00:00.000Z,401756899,West Virginia,10,324,72,41,182,4.4,17,31,142,4.6,3,15,2,18
2025,4,2025-09-20T22:00:00.000Z,401756899,Kansas,41,405,65,39,259,6.6,13,26,146,5.6,5,14,0,19
2025,6,2025-10-04T23:30:00.000Z,401756915,Kansas,27,358,56,30,123,4.1,18,26,235,9.0,3,11,0,15
2025,6,2025-10-04T23:30:00.000Z,401756915,UCF,20,375,76,39,199,5.1,22,37,176,4.8,4,16,1,21
2025,13,2025-11-22T21:00:00.000Z,401756960,Utah,51,551,84,50,292,5.8,18,34,259,7.6,7,15,1,32
2025,13,2025-11-22T21:00:00.000Z,401756960,Kansas State,47,574,65,42,472,11.2,12,23,102,4.4,4,12,1,21
2025,1,2025-08-30T23:00:00.000Z,401756855,Kansas State,38,464,70,27,146,5.4,28,43,318,7.4,5,13,1,22
2025,7,2025-10-11T19:30:00.000Z,401756919,TCU,28,448,69,22,72,3.3,26,47,376,8.0,6,13,3,19
2025,7,2025-10-11T19:30:00.000Z,401756919,Kansas State,41,347,69,43,149,3.5,16,26,198,7.6,7,16,0,20
2025,2,2025-09-06T23:00:00.000Z,401756882,Kansas State,21,246,43,18,74,4.1,15,25,172,6.9,2,9,1,13
2025,12,2025-11-15T17:00:00.000Z,401756952,Oklahoma State,6,373,67,29,147,5.1,25,38,226,5.9,5,12,5,23
2025,12,2025-11-15T17:00:00.000Z,401756952,Kansas State,14,284,58,30,107,3.6,15,28,177,6.3,4,15,1,14
2025,10,2025-11-01T19:30:00.000Z,401756941,Texas Tech,43,436,76,44,187,4.3,21,32,249,7.8,7,17,2,18
2025,10,2025-11-01T19:30:00.000Z,401756941,Kansas State,20,325,63,30,126,4.2,16,33,199,6.0,7,15,5,11
2025,5,2025-09-27T16:00:00.000Z,401756906,UCF,20,402,59,33,205,6.2,13,26,197,7.6,3,13,3,13
2025,5,2025-09-27T16:00:00.000Z,401756906,Kansas State,34,438,68,42,270,6.4,18,26,168,6.5,6,14,1,21
2025,13,2025-11-22T20:30:00.000Z,401752782,Vanderbilt,45,604,69,25,65,2.6,37,44,539,12.3,3,9,1,29
2025,13,2025-11-22T20:30:00.000Z,401752782,Kentucky,17,315,68,19,31,1.6,29,49,284,5.8,6,15,3,18
2025,9,2025-10-25T23:45:00.000Z,401752747,Kentucky,34,476,73,37,146,3.9,26,36,330,9.2,5,12,2,25
2025,9,2025-10-25T23:45:00.000Z,401752747,Tennessee,56,504,59,33,108,3.3,20,26,396,15.2,4,8,0,24
2025,2,2025-09-06T19:30:00.000Z,401752686,Kentucky,23,359,70,37,172,4.6,16,33,187,5.7,5,16,0,18
2025,2,2025-09-06T19:30:00.000Z,401752686,Ole Miss,30,457,71,47,222,4.7,13,24,235,9.8,3,13,2,20
2025,1,2025-08-30T16:45:00.000Z,401752670,Kentucky,24,305,66,43,220,5.1,10,23,85,3.7,8,15,2,17
2025,5,2025-09-27T23:45:00.000Z,401752722,Kentucky,13,232,60,41,108,2.6,10,19,124,6.5,5,13,4,14
2025,5,2025-09-27T23:45:00.000Z,401752722,South Carolina,35,341,63,48,178,3.7,12,15,163,10.9,8,15,0,20
2025,8,2025-10-18T23:00:00.000Z,401752743,Kentucky,13,395,86,46,137,3.0,31,40,258,6.5,7,18,1,26
2025,8,2025-10-18T23:00:00.000Z,401752743,Texas,16,179,55,28,47,1.7,12,27,132,4.9,5,16,0,8
2025,3,2025-09-13T23:30:00.000Z,401752698,Kentucky,48,493,66,45,253,5.6,12,21,240,11.4,5,11,0,24
2025,12,2025-11-15T18:30:00.000Z,401752767,Kentucky,42,468,66,39,207,5.3,21,27,261,9.7,4,10,0,25
2025,14,2025-11-29T17:00:00.000Z,401752787,Louisville,41,440,71,50,258,5.2,12,21,182,8.7,4,12,0,26
2025,14,2025-11-29T17:00:00.000Z,401752787,Kentucky,0,140,52,26,40,1.5,13,26,100,3.8,2,13,2,10
2025,2,2025-09-06T23:30:00.000Z,401752687,LSU,23,365,75,34,128,3.8,26,41,237,5.8,9,16,1,27
2025,4,2025-09-20T23:45:00.000Z,401752710,LSU,56,530,78,35,135,3.9,35,43,395,9.2,9,14,0,32
2025,5,2025-09-27T19:30:00.000Z,401752719,Ole Miss,24,484,81,42,170,4.0,23,39,314,8.1,8,16,2,28
2025,5,2025-09-27T19:30:00.000Z,401752719,LSU,19,256,55,21,59,2.8,21,34,197,5.8,2,11,1,16
2025,7,2025-10-11T23:45:00.000Z,401752732,LSU,20,422,61,28,168,6.0,20,33,254,7.7,4,11,3,22
2025,7,2025-10-11T23:45:00.000Z,401752732,South Carolina,10,317,72,45,193,4.3,15,27,124,4.6,6,16,2,20
2025,8,2025-10-18T16:00:00.000Z,401752745,LSU,24,325,49,21,100,4.8,19,28,225,8.0,5,11,0,14
2025,8,2025-10-18T16:00:00.000Z,401752745,Vanderbilt,31,399,67,45,239,5.3,14,22,160,7.3,6,13,0,20
2025,14,2025-11-29T20:30:00.000Z,401752789,LSU,13,198,55,29,85,2.9,15,26,113,4.3,2,14,1,9
2025,14,2025-11-29T20:30:00.000Z,401752789,Oklahoma,17,393,66,28,75,2.7,23,38,318,8.4,4,15,3,14
2025,13,2025-11-23T00:45:00.000Z,401752777,LSU,13,328,79,37,126,3.4,25,42,202,4.8,3,16,2,20
2025,9,2025-10-25T23:30:00.000Z,401752748,LSU,25,278,66,27,60,2.2,25,39,218,5.6,2,13,0,18
2025,9,2025-10-25T23:30:00.000Z,401752748,Texas A&M,49,426,61,40,224,5.6,12,21,202,9.6,7,10,2,24
2025,2,2025-09-05T23:00:00.000Z,401754528,Louisville,28,264,53,30,113,3.8,13,23,151,6.6,5,14,1,12
2025,8,2025-10-17T23:00:00.000Z,401754564,Louisville,24,367,68,31,119,3.8,23,37,248,6.7,5,14,1,21
2025,8,2025-10-17T23:00:00.000Z,401754564,Miami,21,334,59,24,63,2.6,25,35,271,7.7,5,12,4,15
2025,1,2025-08-30T19:00:00.000Z,401754519,Louisville,51,542,67,30,229,7.6,25,37,313,8.5,6,9,3,28
2025,5,2025-09-27T16:00:00.000Z,401754547,Louisville,34,393,84,33,54,1.6,33,51,339,6.6,9,19,1,23
2025,5,2025-09-27T16:00:00.000Z,401754547,Pittsburgh,27,339,55,23,80,3.5,17,32,259,8.1,1,10,5,14
2025,4,2025-09-20T16:00:00.000Z,401754642,Louisville,40,439,62,29,126,4.3,24,33,313,9.5,4,11,1,21
2025,10,2025-11-01T19:00:00.000Z,401754580,Louisville,28,371,62,34,235,6.9,19,28,136,4.9,4,11,1,18
2025,10,2025-11-01T19:00:00.000Z,401754580,Virginia Tech,16,240,64,40,164,4.1,11,24,76,3.2,4,15,0,16
2025,13,2025-11-22T17:00:00.000Z,401754602,SMU,38,485,74,36,178,4.9,30,38,307,8.1,9,13,0,28
2025,13,2025-11-22T17:00:00.000Z,401754602,Louisville,6,228,49,29,128,4.4,14,20,100,5.0,3,12,1,12
2025,6,2025-10-04T19:30:00.000Z,401754554,Louisville,27,383,75,27,54,2.0,34,48,329,6.9,7,17,2,25
2025,6,2025-10-04T19:30:00.000Z,401754554,Virginia,30,237,63,32,88,2.8,19,31,149,4.8,6,15,0,14
2025,1,2025-08-30T16:00:00.000Z,401752797,Maryland,39,380,77,30,112,3.7,28,47,268,5.7,5,17,0,22
2025,7,2025-10-11T19:30:00.000Z,401752867,Maryland,31,379,67,30,130,4.3,27,37,249,6.7,7,15,0,18
2025,7,2025-10-11T19:30:00.000Z,401752867,Nebraska,34,454,58,29,194,6.7,20,29,260,9.0,3,7,3,23
2025,8,2025-10-18T23:00:00.000Z,401752879,Maryland,17,337,74,26,127,4.9,23,48,210,4.4,6,17,2,17
2025,8,2025-10-18T23:00:00.000Z,401752879,UCLA,20,414,70,35,193,5.5,21,35,221,6.3,7,17,3,21
2025,11,2025-11-08T19:30:00.000Z,401752894,Maryland,20,403,57,29,305,10.5,15,28,98,3.5,4,12,1,14
2025,11,2025-11-08T19:30:00.000Z,401752894,Rutgers,35,485,69,49,256,5.2,13,20,229,11.5,8,12,2,25
2025,4,2025-09-20T16:00:00.000Z,401752845,Wisconsin,10,296,77,42,61,1.5,22,35,235,6.7,3,17,1,21
2025,4,2025-09-20T16:00:00.000Z,401752845,Maryland,27,326,57,23,61,2.7,18,34,265,7.8,4,14,0,13
2025,6,2025-10-04T19:30:00.000Z,401752857,Maryland,20,274,69,20,55,2.8,30,49,219,4.5,9,17,1,18
2025,6,2025-10-04T19:30:00.000Z,401752857,Washington,24,393,76,35,118,3.4,28,41,275,6.7,5,12,1,28
2025,3,2025-09-13T16:00:00.000Z,401752838,Maryland,44,428,71,42,152,3.6,21,29,276,9.5,5,14,1,21
2025,2,2025-09-05T23:30:00.000Z,401752826,Maryland,20,340,64,28,86,3.1,19,36,254,7.1,3,12,1,20
2025,14,2025-11-30T00:00:00.000Z,401752923,Maryland,28,534,77,16,75,4.7,38,61,459,7.5,9,16,1,26
2025,14,2025-11-30T00:00:00.000Z,401752923,Michigan State,38,453,70,31,161,5.2,27,39,292,7.5,5,14,1,24
2025,13,2025-11-22T21:00:00.000Z,401752914,Maryland,20,347,68,25,71,2.8,22,43,276,6.4,5,14,1,21
2025,13,2025-11-22T21:00:00.000Z,401752914,Michigan,45,443,73,50,228,4.6,16,23,215,9.3,12,14,0,27
2025,2,2025-09-06T23:00:00.000Z,401754641,Miami,45,543,66,30,199,6.6,30,36,344,9.6,4,6,0,31
2025,1,2025-08-31T23:30:00.000Z,401754522,Miami,27,332,68,37,127,3.4,20,31,205,6.6,5,14,0,20
2025,14,2025-11-29T17:00:00.000Z,401754611,Pittsburgh,7,229,54,21,30,1.4,22,33,199,6.0,4,13,1,11
2025,14,2025-11-29T17:00:00.000Z,401754611,Miami,38,416,71,39,140,3.6,24,32,276,8.6,5,8,1,28
2025,9,2025-10-25T23:00:00.000Z,401754572,Stanford,7,144,53,27,55,2.0,12,26,89,3.4,4,14,2,8
2025,9,2025-10-25T23:00:00.000Z,401754572,Miami,42,404,74,44,199,4.5,22,30,205,6.8,8,15,0,25
2025,12,2025-11-15T20:30:00.000Z,401754595,NC State,7,143,50,20,23,1.2,17,30,120,4.0,3,11,2,9
2025,12,2025-11-15T20:30:00.000Z,401754595,Miami,41,581,70,37,214,5.8,24,33,367,11.1,5,10,1,28
2025,11,2025-11-08T20:30:00.000Z,401754587,Miami,38,385,57,32,124,3.9,19,25,261,10.4,3,9,0,22
2025,11,2025-11-08T20:30:00.000Z,401754587,Syracuse,10,285,71,43,161,3.7,15,28,124,4.4,6,14,3,20
2025,3,2025-09-13T20:30:00.000Z,401754535,Miami,49,576,68,38,205,5.4,25,30,371,12.4,7,11,2,27
2025,13,2025-11-22T17:00:00.000Z,401754603,Virginia Tech,17,395,61,37,194,5.2,14,24,201,8.4,3,12,1,20
2025,13,2025-11-22T17:00:00.000Z,401754603,Miami,34,418,63,30,83,2.8,28,33,335,10.2,7,13,0,22
2025,10,2025-11-01T16:00:00.000Z,401754581,SMU,26,388,70,25,23,0.9,29,45,365,8.1,3,13,1,20
2025,10,2025-11-01T16:00:00.000Z,401754581,Miami,20,433,78,40,159,4.0,26,38,274,7.2,7,16,2,23
2025,10,2025-11-01T23:00:00.000Z,401752890,Michigan,21,398,61,39,253,6.5,13,22,145,6.6,6,11,2,20
2025,10,2025-11-01T23:00:00.000Z,401752890,Purdue,16,276,65,39,138,3.5,20,26,138,5.3,5,12,1,18
2025,12,2025-11-15T17:00:00.000Z,401752905,Michigan,24,496,77,45,216,4.8,21,32,280,8.8,9,14,5,25
2025,12,2025-11-15T17:00:00.000Z,401752905,Northwestern,22,245,53,26,61,2.3,13,27,184,6.8,2,12,0,11
2025,14,2025-11-29T17:00:00.000Z,401752921,Michigan,9,163,42,24,100,4.2,8,18,63,3.5,1,9,1,9
2025,14,2025-11-29T17:00:00.000Z,401752921,Ohio State,27,419,73,47,186,4.0,19,26,233,9.0,10,17,1,22
2025,6,2025-10-04T16:00:00.000Z,401752856,Wisconsin,10,252,57,28,75,2.7,18,29,177,6.1,4,14,1,13
2025,6,2025-10-04T16:00:00.000Z,401752856,Michigan,24,445,62,34,175,5.1,19,28,270,9.6,5,12,0,19
2025,1,2025-08-30T23:30:00.000Z,401752808,Michigan,34,452,63,32,201,6.3,21,31,251,8.1,6,13,1,20
2025,9,2025-10-25T23:30:00.000Z,401752881,Michigan,31,362,66,49,276,5.6,8,17,86,5.1,6,15,1,20
2025,9,2025-10-25T23:30:00.000Z,401752881,Michigan State,20,305,72,38,115,3.0,19,34,190,5.6,5,16,1,18
2025,3,2025-09-13T16:00:00.000Z,401752839,Michigan,63,625,77,52,390,7.5,16,25,235,9.4,8,11,1,35
2025,2,2025-09-06T23:30:00.000Z,401752690,Michigan,13,288,56,32,146,4.6,9,24,142,5.9,3,14,0,12
2025,2,2025-09-06T23:30:00.000Z,401752690,Oklahoma,24,408,74,40,138,3.5,21,34,270,7.9,9,17,2,22
2025,4,2025-09-20T19:30:00.000Z,401752846,Nebraska,27,351,72,31,43,1.4,30,41,308,7.5,2,13,1,23
2025,4,2025-09-20T19:30:00.000Z,401752846,Michigan,30,395,54,31,290,9.4,12,23,105,4.6,4,12,1,16
2025,7,2025-10-11T23:30:00.000Z,401752868,USC,31,490,67,35,225,6.4,25,32,265,8.3,6,12,2,24
2025,7,2025-10-11T23:30:00.000Z,401752868,Michigan,13,316,57,31,109,3.5,15,26,207,8.0,2,9,2,17
2025,8,2025-10-18T16:00:00.000Z,401752873,Michigan,24,417,68,40,187,4.7,21,28,230,8.2,6,13,0,23
2025,8,2025-10-18T16:00:00.000Z,401752873,Washington,7,249,55,23,40,1.7,20,32,209,6.5,5,12,3,14
2025,1,2025-08-29T23:00:00.000Z,401752802,Michigan State,23,336,68,44,181,4.1,17,24,155,6.5,4,13,2,20
2025,4,2025-09-21T03:00:00.000Z,401752847,USC,45,517,63,37,283,7.6,20,26,234,9.0,8,11,1,27
2025,4,2025-09-21T03:00:00.000Z,401752847,Michigan State,31,333,54,31,108,3.5,13,23,225,9.8,5,11,0,19
2025,10,2025-11-01T19:30:00.000Z,401752888,Minnesota,23,301,62,23,104,4.5,26,39,197,5.1,6,15,0,18
2025,10,2025-11-01T19:30:00.000Z,401752888,Michigan State,20,467,69,41,156,3.8,20,28,311,11.1,5,15,0,19
2025,3,2025-09-13T19:30:00.000Z,401752834,Michigan State,41,444,62,33,174,5.3,22,29,270,9.3,6,10,1,23
2025,12,2025-11-15T20:30:00.000Z,401752903,Penn State,28,367,63,50,240,4.8,8,13,127,9.8,2,10,0,19
2025,12,2025-11-15T20:30:00.000Z,401752903,Michigan State,10,229,49,22,101,4.6,17,27,128,4.7,1,10,1,13
2025,6,2025-10-04T20:00:00.000Z,401752860,Michigan State,27,242,67,37,86,2.3,15,30,156,5.2,2,14,3,17
2025,6,2025-10-04T20:00:00.000Z,401752860,Nebraska,38,282,51,27,88,3.3,16,24,194,8.1,5,13,1,15
2025,7,2025-10-11T16:00:00.000Z,401752863,Michigan State,13,253,60,25,87,3.5,16,35,166,4.7,8,15,1,14
2025,7,2025-10-11T16:00:00.000Z,401752863,UCLA,38,418,67,43,238,5.5,16,24,180,7.5,6,13,0,20
2025,8,2025-10-18T00:00:00.000Z,401752872,Minnesota,24,339,55,35,186,5.3,16,20,153,7.7,5,12,0,18
2025,8,2025-10-18T00:00:00.000Z,401752872,Nebraska,6,213,54,29,36,1.2,17,25,177,7.1,3,11,0,13
2025,1,2025-08-29T00:00:00.000Z,401752793,Minnesota,23,443,79,44,153,3.5,19,35,290,8.3,9,16,1,27
2025,5,2025-09-27T16:00:00.000Z,401752849,Rutgers,28,393,75,41,144,3.5,21,34,249,7.3,7,14,1,29
2025,5,2025-09-27T16:00:00.000Z,401752849,Minnesota,31,362,58,17,38,2.2,31,41,324,7.9,5,11,0,20
2025,2,2025-09-06T16:00:00.000Z,401752813,Minnesota,66,484,63,46,258,5.6,13,17,226,13.3,2,6,1,25
2025,6,2025-10-04T23:30:00.000Z,401752859,Ohio State,42,476,57,29,135,4.7,24,28,341,12.2,7,10,0,21
2025,6,2025-10-04T23:30:00.000Z,401752859,Minnesota,3,162,51,25,68,2.7,15,26,94,3.6,1,11,0,11
2025,7,2025-10-11T23:30:00.000Z,401752864,Minnesota,27,262,63,18,30,1.7,21,45,232,5.2,5,15,1,17
2025,7,2025-10-11T23:30:00.000Z,401752864,Purdue,20,456,82,40,253,6.3,21,42,203,4.8,6,16,4,25
2025,13,2025-11-22T17:00:00.000Z,401752909,Northwestern,38,525,70,39,220,5.6,25,31,305,9.8,8,14,1,25
2025,13,2025-11-22T17:00:00.000Z,401752909,Minnesota,35,323,48,17,59,3.5,20,31,264,8.5,2,8,0,15
2025,12,2025-11-15T02:00:00.000Z,401752904,Oregon,42,510,63,30,179,6.0,30,33,331,10.0,6,9,1,27
2025,12,2025-11-15T02:00:00.000Z,401752904,Minnesota,13,200,57,24,62,2.6,19,33,138,4.2,7,16,0,13
2025,14,2025-11-29T20:30:00.000Z,401752918,Wisconsin,7,268,55,28,86,3.1,17,27,182,6.7,4,13,3,11
2025,14,2025-11-29T20:30:00.000Z,401752918,Minnesota,17,218,56,32,128,4.0,18,24,90,3.8,7,14,0,13
2025,1,2025-08-30T16:00:00.000Z,401752673,Mississippi State,34,465,79,42,188,4.5,27,37,277,7.5,11,17,1,23
2025,14,2025-11-28T17:00:00.000Z,401752788,Mississippi State,19,440,74,43,262,6.1,15,31,178,5.7,9,17,1,22
2025,14,2025-11-28T17:00:00.000Z,401752788,Ole Miss,38,545,75,41,186,4.5,23,34,359,10.6,5,12,0,29
2025,3,2025-09-13T22:00:00.000Z,401752701,Mississippi State,63,514,54,36,282,7.8,13,18,232,12.9,4,6,1,22
2025,12,2025-11-16T00:45:00.000Z,401752770,Missouri,49,438,55,39,326,8.4,8,16,112,7.0,5,10,2,17
2025,12,2025-11-16T00:45:00.000Z,401752770,Mississippi State,27,345,90,52,110,2.1,23,38,235,6.2,7,18,3,27
2025,6,2025-10-04T23:30:00.000Z,401752730,Texas A&M,31,483,74,51,303,5.9,13,23,180,7.8,7,15,1,23
2025,6,2025-10-04T23:30:00.000Z,401752730,Mississippi State,9,219,51,31,77,2.5,15,20,142,7.1,1,10,2,14
2025,5,2025-09-27T20:15:00.000Z,401752720,Tennessee,41,471,71,31,136,4.4,24,40,335,8.4,5,14,3,24
2025,5,2025-09-27T20:15:00.000Z,401752720,Mississippi State,34,378,86,57,198,3.5,18,29,180,6.2,8,19,2,23
2025,9,2025-10-25T20:15:00.000Z,401752749,Mississippi State,38,445,86,43,63,1.5,27,43,382,8.9,6,19,1,25
2025,9,2025-10-25T20:15:00.000Z,401752749,Texas,45,428,79,32,72,2.3,30,47,356,7.6,8,20,1,22
2025,4,2025-09-20T20:15:00.000Z,401752712,Mississippi State,38,452,69,49,292,6.0,12,20,160,8.0,5,13,0,23
2025,1,2025-08-28T23:30:00.000Z,401752674,Missouri,61,560,69,38,219,5.8,26,31,341,11.0,9,13,0,25
2025,4,2025-09-20T23:00:00.000Z,401752713,South Carolina,20,293,50,22,-9,-0.4,18,28,302,10.8,3,11,0,15
2025,4,2025-09-20T23:00:00.000Z,401752713,Missouri,29,458,73,46,287,6.2,16,27,171,6.3,7,13,1,29
2025,9,2025-10-25T19:30:00.000Z,401752752,Vanderbilt,17,265,45,26,136,5.2,10,19,129,6.8,3,10,1,13
2025,9,2025-10-25T19:30:00.000Z,401752752,Missouri,10,376,78,41,170,4.1,23,37,206,5.6,5,16,1,22
2025,3,2025-09-13T17:00:00.000Z,401752702,Missouri,52,606,86,62,427,6.9,17,24,179,7.5,9,13,1,32
2025,5,2025-09-27T23:30:00.000Z,401752721,Missouri,42,521,83,52,268,5.2,27,31,253,8.2,10,15,1,31
2025,11,2025-11-08T20:30:00.000Z,401752763,Texas A&M,38,464,68,39,243,6.2,20,29,221,7.6,7,14,1,21
2025,11,2025-11-08T20:30:00.000Z,401752763,Missouri,17,284,56,34,207,6.1,7,22,77,3.5,5,13,2,17
2025,13,2025-11-22T17:00:00.000Z,401752778,Oklahoma,17,276,62,32,103,3.2,14,30,173,5.8,6,16,0,14
2025,13,2025-11-22T17:00:00.000Z,401752778,Missouri,6,301,71,35,70,2.0,20,36,231,6.4,3,15,2,19
2025,1,2025-08-28T23:00:00.000Z,401754373,NC State,24,423,70,36,105,2.9,24,34,318,9.4,7,15,1,21
2025,7,2025-10-11T19:30:00.000Z,401754562,NC State,7,233,59,28,51,1.8,18,31,182,5.9,5,16,3,12
2025,3,2025-09-11T23:30:00.000Z,401754531,Wake Forest,24,311,57,22,59,2.7,21,35,252,7.2,6,15,2,12
2025,3,2025-09-11T23:30:00.000Z,401754531,NC State,34,406,76,44,205,4.7,23,32,201,6.3,7,18,0,24
2025,2,2025-09-06T16:00:00.000Z,401754524,NC State,35,420,56,33,220,6.7,16,23,200,8.7,1,7,0,22
2025,2,2025-09-06T16:00:00.000Z,401754524,Virginia,31,514,75,32,257,8.0,30,43,257,6.0,13,19,1,24
2025,9,2025-10-25T19:30:00.000Z,401754574,Pittsburgh,53,529,82,33,106,3.2,28,49,423,8.6,6,14,1,29
2025,9,2025-10-25T19:30:00.000Z,401754574,NC State,34,445,60,19,161,8.5,25,41,284,6.9,4,13,1,15
2025,14,2025-11-30T00:30:00.000Z,401754612,NC State,42,386,72,42,185,4.4,21,30,201,6.7,6,12,0,27
2025,14,2025-11-30T00:30:00.000Z,401754612,North Carolina,19,265,60,24,70,2.9,22,36,195,5.4,7,13,1,20
2025,6,2025-10-04T18:00:00.000Z,401754557,NC State,56,607,60,26,236,9.1,25,34,371,10.9,3,7,2,28
2025,5,2025-09-27T23:00:00.000Z,401754548,NC State,21,302,65,31,62,2.0,26,34,240,7.1,6,14,0,18
2025,5,2025-09-27T23:00:00.000Z,401754548,Virginia Tech,23,412,64,30,235,7.8,20,34,177,5.2,7,15,0,18
2025,9,2025-10-25T16:00:00.000Z,401752883,Nebraska,28,296,61,39,155,4.0,16,22,141,6.4,6,12,2,18
2025,9,2025-10-25T16:00:00.000Z,401752883,Northwestern,21,331,59,30,172,5.7,15,29,159,5.5,7,14,2,18
2025,2,2025-09-06T23:30:00.000Z,401752810,Nebraska,68,728,73,33,234,7.1,32,40,494,12.4,8,10,1,31
2025,3,2025-09-13T16:00:00.000Z,401752828,Nebraska,59,554,67,38,192,5.1,23,29,362,12.5,5,9,0,30
2025,10,2025-11-01T23:30:00.000Z,401752892,Nebraska,17,286,62,40,188,4.7,15,22,98,4.5,5,12,1,20
2025,10,2025-11-01T23:30:00.000Z,401752892,USC,21,337,61,38,202,5.3,9,23,135,5.9,6,14,1,20
2025,11,2025-11-09T02:00:00.000Z,401752895,UCLA,21,348,64,37,157,4.2,17,27,191,7.1,8,14,0,21
2025,11,2025-11-09T02:00:00.000Z,401752895,Nebraska,28,361,54,39,156,4.0,13,15,205,13.7,5,8,0,20
2025,13,2025-11-23T00:00:00.000Z,401752908,Penn State,37,412,51,39,231,5.9,11,12,181,15.1,5,9,0,20
2025,13,2025-11-23T00:00:00.000Z,401752908,Nebraska,10,318,69,32,131,4.1,21,37,187,5.1,9,18,0,17
2025,1,2025-09-02T00:00:00.000Z,401754523,North Carolina,14,222,49,28,50,1.8,13,21,172,8.2,1,10,3,10
2025,1,2025-09-02T00:00:00.000Z,401754523,TCU,48,542,72,35,258,7.4,27,37,284,7.7,7,12,1,29
2025,2,2025-09-06T23:00:00.000Z,401754527,North Carolina,20,303,58,33,148,4.5,17,25,155,6.2,5,15,0,15
2025,3,2025-09-13T19:30:00.000Z,401754639,North Carolina,41,312,50,31,193,6.2,10,19,119,6.3,6,11,1,16
2025,9,2025-10-25T16:00:00.000Z,401754573,North Carolina,16,353,75,39,145,3.7,23,36,208,5.8,5,15,3,20
2025,9,2025-10-25T16:00:00.000Z,401754573,Virginia,17,259,69,34,59,1.7,20,35,200,5.7,7,18,1,16
2025,10,2025-10-31T23:30:00.000Z,401754575,North Carolina,27,425,62,43,209,4.9,15,19,216,11.4,4,13,1,20
2025,10,2025-10-31T23:30:00.000Z,401754575,Syracuse,10,147,50,32,108,3.4,4,18,39,2.2,3,12,1,12
2025,11,2025-11-08T21:30:00.000Z,401754588,North Carolina,20,253,52,27,50,1.9,18,25,203,8.1,6,15,1,13
2025,11,2025-11-08T21:30:00.000Z,401754588,Stanford,15,320,74,35,36,1.0,27,39,284,7.3,10,18,2,22
2025,12,2025-11-15T21:30:00.000Z,401754596,North Carolina,12,257,61,24,56,2.3,21,37,201,5.4,4,14,0,16
2025,12,2025-11-15T21:30:00.000Z,401754596,Wake Forest,28,414,64,39,223,5.7,15,25,191,7.6,6,13,1,19
2025,4,2025-09-20T19:30:00.000Z,401754640,North Carolina,9,217,58,25,63,2.5,22,33,154,4.7,5,13,2,14
2025,4,2025-09-20T19:30:00.000Z,401754640,UCF,34,366,66,34,143,4.2,25,32,223,7.0,5,13,0,23
2025,7,2025-10-11T19:30:00.000Z,401752866,Penn State,21,274,51,31,137,4.4,13,20,137,6.9,6,11,2,13
2025,7,2025-10-11T19:30:00.000Z,401752866,Northwestern,22,292,65,39,129,3.3,17,26,163,6.3,5,12,1,23
2025,6,2025-10-04T19:30:00.000Z,401752858,Northwestern,42,515,71,38,246,6.5,21,33,269,8.2,11,17,0,26
2025,3,2025-09-13T16:00:00.000Z,401752831,Northwestern,14,313,59,37,178,4.8,11,22,135,6.1,3,11,2,15
2025,3,2025-09-13T16:00:00.000Z,401752831,Oregon,34,373,56,30,176,5.9,19,26,197,7.6,7,11,1,21
2025,11,2025-11-08T02:00:00.000Z,401752896,USC,38,482,64,30,173,5.8,25,34,309,9.1,6,11,1,24
2025,11,2025-11-08T02:00:00.000Z,401752896,Northwestern,17,280,55,25,130,5.2,20,30,150,5.0,4,12,2,13
2025,2,2025-09-05T23:30:00.000Z,401752817,Northwestern,42,526,70,41,281,6.9,21,29,245,8.4,8,16,1,24
2025,5,2025-09-27T19:30:00.000Z,401752851,Northwestern,17,314,60,42,199,4.7,12,18,115,6.4,6,13,0,21
2025,5,2025-09-27T19:30:00.000Z,401752851,UCLA,14,311,57,29,131,4.5,19,28,180,6.4,7,14,0,18
2025,1,2025-08-30T16:00:00.000Z,401752803,Northwestern,3,237,63,27,76,2.8,19,36,161,4.5,5,12,5,19
2025,8,2025-10-18T19:00:00.000Z,401752874,Northwestern,19,364,76,50,232,4.6,11,26,132,5.1,7,16,2,24
2025,8,2025-10-18T19:00:00.000Z,401752874,Purdue,0,305,56,26,87,3.3,16,30,218,7.3,5,14,3,11
2025,10,2025-11-01T16:00:00.000Z,401752889,Penn State,14,200,60,31,55,1.8,19,29,145,5.0,8,15,1,15
2025,10,2025-11-01T16:00:00.000Z,401752889,Ohio State,38,480,55,32,164,5.1,20,23,316,13.7,6,9,1,22
2025,12,2025-11-16T00:30:00.000Z,401752900,Ohio State,48,440,67,33,222,6.7,26,34,218,6.4,6,11,0,25
2025,12,2025-11-16T00:30:00.000Z,401752900,UCLA,10,222,48,25,68,2.7,16,23,154,6.7,5,13,0,8
2025,2,2025-09-06T19:30:00.000Z,401752815,Ohio State,70,651,66,38,274,7.2,24,28,377,13.5,5,7,1,32
2025,5,2025-09-27T19:30:00.000Z,401752852,Washington,6,234,53,30,61,2.0,18,23,173,7.5,1,11,0,15
2025,5,2025-09-27T19:30:00.000Z,401752852,Ohio State,24,357,62,34,149,4.4,22,28,208,7.4,6,10,1,23
2025,11,2025-11-08T18:00:00.000Z,401752897,Purdue,10,186,44,22,92,4.2,13,22,94,4.3,3,9,1,13
2025,11,2025-11-08T18:00:00.000Z,401752897,Ohio State,34,473,76,43,170,4.0,27,33,303,9.2,9,13,1,30
2025,8,2025-10-18T19:30:00.000Z,401752877,Wisconsin,0,144,46,31,95,3.1,7,15,49,3.3,2,11,1,9
2025,8,2025-10-18T19:30:00.000Z,401752877,Ohio State,34,491,70,28,98,3.5,36,42,393,9.4,5,11,0,26
2025,1,2025-08-30T16:00:00.000Z,401752677,Ohio State,14,203,54,34,77,2.3,13,20,126,6.3,3,12,0,11
2025,1,2025-08-30T16:00:00.000Z,401752677,Texas,7,336,67,37,166,4.5,17,30,170,5.7,5,14,1,16
2025,13,2025-11-22T17:00:00.000Z,401752912,Ohio State,42,430,60,38,254,6.7,14,22,176,8.0,3,6,1,25
2025,13,2025-11-22T17:00:00.000Z,401752912,Rutgers,9,147,55,35,66,1.9,10,20,81,4.1,5,14,1,12
2025,3,2025-09-13T23:00:00.000Z,401752827,Ohio State,37,573,62,30,226,7.5,25,32,347,10.8,5,9,2,28
2025,1,2025-08-30T22:00:00.000Z,401752675,Oklahoma,35,495,69,32,103,3.2,30,37,392,10.6,4,10,2,24
2025,7,2025-10-11T19:30:00.000Z,401752736,Texas,23,304,59,32,138,4.3,21,27,166,6.1,10,17,0,15
2025,7,2025-10-11T19:30:00.000Z,401752736,Oklahoma,6,258,69,30,48,1.6,21,39,210,5.4,6,17,3,16
2025,3,2025-09-13T16:00:00.000Z,401752703,Oklahoma,42,515,79,42,228,5.4,21,37,287,7.8,6,13,1,29
2025,8,2025-10-18T16:45:00.000Z,401752744,South Carolina,7,224,67,34,54,1.6,21,33,170,5.2,3,15,2,15
2025,8,2025-10-18T16:45:00.000Z,401752744,Oklahoma,26,319,67,40,171,4.3,19,27,148,5.5,8,16,0,20
2025,10,2025-11-01T23:30:00.000Z,401752757,Tennessee,27,456,80,35,63,1.8,29,45,393,8.7,7,13,3,28
2025,10,2025-11-01T23:30:00.000Z,401752757,Oklahoma,33,351,64,35,192,5.5,19,29,159,5.5,4,10,2,19
2025,9,2025-10-25T16:00:00.000Z,401752750,Oklahoma,26,359,60,28,136,4.9,17,32,223,7.0,4,14,1,14
2025,9,2025-10-25T16:00:00.000Z,401752750,Ole Miss,34,431,87,41,116,2.8,24,46,315,6.8,9,21,0,21
2025,6,2025-10-04T20:00:00.000Z,401752729,Oklahoma,44,355,68,41,185,4.5,15,27,170,6.3,7,13,0,23
2025,13,2025-11-22T21:00:00.000Z,401756959,Oklahoma State,14,228,58,30,104,3.5,13,28,124,4.4,4,13,1,12
2025,13,2025-11-22T21:00:00.000Z,401756959,UCF,17,396,61,36,125,3.5,16,25,271,10.8,5,14,2,16
2025,1,2025-08-28T23:30:00.000Z,401756876,Oklahoma State,27,359,72,42,127,3.0,18,30,232,7.7,10,18,0,20
2025,9,2025-10-25T20:00:00.000Z,401756933,Texas Tech,42,370,69,40,88,2.2,19,29,282,9.7,9,16,2,21
2025,9,2025-10-25T20:00:00.000Z,401756933,Oklahoma State,0,182,63,32,95,3.0,14,31,87,2.8,5,17,2,9
2025,4,2025-09-19T23:30:00.000Z,401756900,Oklahoma State,12,403,74,33,185,5.6,26,41,218,5.3,4,15,0,24
2025,2,2025-09-06T19:30:00.000Z,401752824,Oregon,69,631,62,37,312,8.4,18,25,319,12.8,7,12,0,24
2025,2,2025-09-06T19:30:00.000Z,401752824,Oklahoma State,3,211,61,42,144,3.4,7,19,67,3.5,4,16,2,9
2025,4,2025-09-20T19:30:00.000Z,401752711,Ole Miss,45,548,69,42,241,5.7,17,27,307,11.4,7,11,1,23
2025,7,2025-10-11T16:45:00.000Z,401752733,Ole Miss,24,439,70,41,186,4.5,20,29,253,8.7,7,15,1,25
2025,1,2025-08-30T23:45:00.000Z,401752672,Ole Miss,63,695,81,44,295,6.7,24,37,400,10.8,8,13,2,33
2025,10,2025-11-01T23:00:00.000Z,401752756,South Carolina,14,230,62,32,50,1.6,16,30,180,6.0,3,13,3,15
2025,10,2025-11-01T23:00:00.000Z,401752756,Ole Miss,30,417,66,45,258,5.7,12,21,159,7.6,1,11,2,19
2025,11,2025-11-08T18:00:00.000Z,401752761,Ole Miss,49,603,81,35,151,4.3,37,46,452,9.8,7,12,1,35
2025,5,2025-09-27T23:30:00.000Z,401752854,Penn State,24,276,60,35,139,4.0,14,25,137,5.5,6,15,1,15
2025,5,2025-09-27T23:30:00.000Z,401752854,Oregon,30,424,78,39,176,4.5,29,39,248,6.4,6,18,0,20
2025,13,2025-11-22T20:30:00.000Z,401752911,Oregon,42,436,71,41,179,4.4,22,30,257,8.6,7,12,1,25
2025,13,2025-11-22T20:30:00.000Z,401752911,USC,27,382,72,28,52,1.9,26,44,330,7.5,7,16,2,23
2025,9,2025-10-25T23:00:00.000Z,401752886,Oregon,21,335,64,45,203,4.5,13,19,132,6.9,8,15,0,18
2025,9,2025-10-25T23:00:00.000Z,401752886,Wisconsin,7,196,50,29,110,3.8,7,21,86,4.1,3,11,1,11
2025,1,2025-08-30T20:00:00.000Z,401752804,Oregon,59,506,64,39,253,6.5,19,25,253,10.1,7,10,0,29
2025,14,2025-11-29T20:30:00.000Z,401752917,Oregon,26,392,71,42,106,2.5,20,29,286,9.9,6,16,0,17
2025,14,2025-11-29T20:30:00.000Z,401752917,Washington,14,283,63,33,154,4.7,15,30,129,4.3,5,13,2,18
2025,4,2025-09-20T19:00:00.000Z,401752841,Oregon,41,585,77,46,280,6.1,21,31,305,9.8,4,10,0,29
2025,8,2025-10-18T22:30:00.000Z,401752876,Rutgers,10,202,69,42,123,2.9,8,27,79,2.9,5,18,3,12
2025,8,2025-10-18T22:30:00.000Z,401752876,Oregon,56,750,60,36,415,11.5,18,24,335,14.0,8,11,3,29
2025,14,2025-11-29T20:30:00.000Z,401752920,Penn State,40,509,54,33,300,9.1,17,21,209,10.0,1,8,0,23
2025,14,2025-11-29T20:30:00.000Z,401752920,Rutgers,36,533,64,42,195,4.6,16,22,338,15.4,5,10,1,27
2025,2,2025-09-06T16:00:00.000Z,401752811,Penn State,34,409,64,31,209,6.7,19,33,200,6.1,3,12,0,20
2025,3,2025-09-13T19:30:00.000Z,401752835,Penn State,52,465,69,38,237,6.2,17,31,228,7.4,5,11,1,28
2025,1,2025-08-30T19:30:00.000Z,401752807,Penn State,46,438,71,36,135,3.8,29,35,303,8.7,6,13,0,25
2025,6,2025-10-04T19:30:00.000Z,401752855,UCLA,42,435,77,53,269,5.1,17,24,166,6.9,10,16,0,22
2025,6,2025-10-04T19:30:00.000Z,401752855,Penn State,37,357,57,31,157,5.1,19,26,200,7.7,4,9,1,21
2025,2,2025-09-06T16:00:00.000Z,401754529,Pittsburgh,45,464,58,26,124,4.8,24,32,340,10.6,6,9,1,22
2025,1,2025-08-30T16:00:00.000Z,401754520,Pittsburgh,61,460,65,27,158,5.9,23,38,302,7.9,5,14,1,21
2025,12,2025-11-15T17:00:00.000Z,401754597,Pittsburgh,15,219,64,25,70,2.8,19,39,149,3.8,0,13,1,17
2025,3,2025-09-13T19:30:00.000Z,401754638,Pittsburgh,24,350,71,33,47,1.4,22,38,303,8.0,4,17,1,15
2025,3,2025-09-13T19:30:00.000Z,401754638,West Virginia,31,434,90,58,174,3.0,22,32,260,8.1,5,17,2,28
2025,8,2025-10-18T23:30:00.000Z,401754568,Pittsburgh,30,260,67,43,117,2.7,13,24,143,6.0,4,15,1,16
2025,8,2025-10-18T23:30:00.000Z,401754568,Syracuse,13,212,64,30,76,2.5,17,34,136,4.0,4,15,3,13
2025,10,2025-11-01T19:30:00.000Z,401754582,Pittsburgh,35,466,73,35,162,4.6,23,38,304,8.0,5,13,4,25
2025,10,2025-11-01T19:30:00.000Z,401754582,Stanford,20,326,71,27,-10,-0.4,27,44,336,7.6,6,15,3,18
2025,4,2025-09-20T19:30:00.000Z,401752848,Purdue,30,379,67,28,76,2.7,25,39,303,7.8,4,14,2,20
2025,1,2025-08-30T16:00:00.000Z,401752801,Purdue,31,433,59,30,93,3.1,20,29,340,11.7,4,11,0,23
2025,12,2025-11-16T00:00:00.000Z,401752902,Purdue,13,267,64,30,100,3.3,17,34,167,4.9,5,14,1,14
2025,12,2025-11-16T00:00:00.000Z,401752902,Washington,49,506,62,40,212,5.3,18,22,294,13.4,7,10,1,24
2025,9,2025-10-25T16:00:00.000Z,401752884,Purdue,24,345,51,28,217,7.8,13,23,128,5.6,1,9,1,14
2025,9,2025-10-25T16:00:00.000Z,401752884,Rutgers,27,543,75,48,184,3.8,19,27,359,13.3,4,14,1,22
2025,2,2025-09-06T23:30:00.000Z,401752819,Purdue,34,384,76,53,214,4.0,14,23,170,7.4,9,14,1,29
2025,3,2025-09-13T19:30:00.000Z,401752832,USC,33,461,67,39,179,4.6,17,28,282,10.1,4,13,0,22
2025,3,2025-09-13T19:30:00.000Z,401752832,Purdue,17,357,67,28,52,1.9,24,39,305,7.8,7,14,3,23
2025,1,2025-08-28T22:00:00.000Z,401752794,Rutgers,34,399,60,37,147,4.0,18,23,252,11.0,1,10,0,24
2025,2,2025-09-06T19:30:00.000Z,401752818,Rutgers,45,421,77,41,162,4.0,26,36,259,7.2,7,10,0,31
2025,7,2025-10-11T01:00:00.000Z,401752862,Washington,38,590,56,29,188,6.5,21,27,402,14.9,4,9,1,26
2025,7,2025-10-11T01:00:00.000Z,401752862,Rutgers,19,493,77,27,107,4.0,31,50,386,7.7,5,15,1,25
2025,3,2025-09-13T19:30:00.000Z,401752833,Rutgers,60,563,80,46,185,4.0,23,34,378,11.1,9,14,0,33
2025,1,2025-08-31T01:00:00.000Z,401754521,SMU,42,400,63,33,140,4.2,22,30,260,8.7,4,10,3,25
2025,3,2025-09-13T19:30:00.000Z,401754615,SMU,28,448,70,34,167,4.9,24,36,281,7.8,7,15,2,24
2025,4,2025-09-20T16:00:00.000Z,401754636,TCU,35,519,76,36,140,3.9,22,40,379,9.5,9,17,1,24
2025,4,2025-09-20T16:00:00.000Z,401754636,SMU,24,384,65,27,94,3.5,24,38,290,7.6,4,13,2,19
2025,7,2025-10-11T16:00:00.000Z,401754561,Stanford,10,353,74,33,75,2.3,22,41,278,6.8,5,16,2,23
2025,7,2025-10-11T16:00:00.000Z,401754561,SMU,34,370,53,23,123,5.3,22,30,247,8.2,3,11,0,17
2025,9,2025-10-25T16:00:00.000Z,401752942,SMU,12,246,67,28,75,2.7,21,39,171,4.4,4,17,3,8
2025,9,2025-10-25T16:00:00.000Z,401752942,Wake Forest,13,301,72,35,85,2.4,18,37,216,5.8,6,18,5,17
2025,6,2025-10-04T19:30:00.000Z,401754555,SMU,31,370,64,28,76,2.7,30,36,294,8.2,5,12,1,21
2025,6,2025-10-04T19:30:00.000Z,401754555,Syracuse,18,389,78,33,110,3.3,22,45,279,6.2,6,16,3,18
2025,1,2025-08-31T19:00:00.000Z,401752680,Virginia Tech,11,336,72,37,115,3.1,15,35,221,6.3,8,18,2,19
2025,1,2025-08-31T19:00:00.000Z,401752680,South Carolina,24,334,53,34,125,3.7,12,19,209,11.0,4,12,0,16
2025,12,2025-11-15T17:00:00.000Z,401752772,Texas A&M,31,503,68,29,64,2.2,22,39,439,11.3,2,11,4,23
2025,12,2025-11-15T17:00:00.000Z,401752772,South Carolina,30,388,64,33,121,3.7,16,31,267,8.6,4,15,1,15
2025,2,2025-09-06T23:00:00.000Z,401752691,South Carolina,38,253,56,36,125,3.5,11,20,128,6.4,3,12,0,16
2025,3,2025-09-13T23:45:00.000Z,401752704,Vanderbilt,31,323,63,37,146,3.9,18,26,177,6.8,6,12,1,22
2025,3,2025-09-13T23:45:00.000Z,401752704,South Carolina,7,328,63,29,86,3.0,24,34,242,7.1,4,12,4,20
2025,13,2025-11-22T21:15:00.000Z,401752779,South Carolina,51,579,69,39,264,6.8,23,30,315,10.5,6,11,0,25
2025,14,2025-11-30T03:30:00.000Z,401754614,Stanford,20,312,70,30,86,2.9,20,40,226,5.7,8,19,1,16
2025,1,2025-08-23T23:30:00.000Z,401754516,Stanford,20,286,73,43,177,4.1,15,30,109,3.6,8,17,1,21
2025,4,2025-09-20T23:30:00.000Z,401754539,Stanford,20,323,59,30,37,1.2,20,29,286,9.9,6,14,1,15
2025,4,2025-09-20T23:30:00.000Z,401754539,Virginia,48,594,72,40,210,5.3,24,32,384,12.0,7,13,0,29
2025,5,2025-09-27T23:30:00.000Z,401754549,Stanford,30,481,69,26,37,1.4,29,43,444,10.3,3,13,1,23
2025,13,2025-11-22T20:30:00.000Z,401754604,Syracuse,7,207,80,50,112,2.2,17,30,95,3.2,7,18,3,18
2025,1,2025-08-30T16:00:00.000Z,401752676,Tennessee,45,493,68,40,246,6.2,16,28,247,8.8,7,12,1,22
2025,1,2025-08-30T16:00:00.000Z,401752676,Syracuse,26,377,84,44,103,2.3,23,40,274,6.9,5,14,2,24
2025,2,2025-09-06T16:00:00.000Z,401754618,Syracuse,27,461,82,29,44,1.5,33,53,417,7.9,5,15,2,24
2025,3,2025-09-12T23:00:00.000Z,401754532,Syracuse,66,622,71,34,175,5.1,27,37,447,12.1,7,10,2,32
2025,9,2025-10-25T22:00:00.000Z,401756935,West Virginia,17,342,73,32,41,1.3,28,41,301,7.3,3,14,0,19
2025,9,2025-10-25T22:00:00.000Z,401756935,TCU,23,343,72,33,96,2.9,24,39,247,6.3,6,16,0,19
2025,3,2025-09-14T00:00:00.000Z,401756894,TCU,42,490,59,27,129,4.8,25,32,361,11.3,9,11,1,24
2025,2,2025-09-06T19:30:00.000Z,401752692,Tennessee,72,734,99,47,276,5.9,38,52,458,8.8,10,14,0,41
2025,12,2025-11-15T21:15:00.000Z,401752771,Tennessee,42,413,66,39,194,5.0,19,27,219,8.1,3,11,2,22
2025,4,2025-09-20T16:45:00.000Z,401752715,Tennessee,56,514,72,42,239,5.7,18,30,275,9.2,7,13,2,28
2025,14,2025-11-29T20:30:00.000Z,401752791,Vanderbilt,45,579,65,37,314,8.5,18,28,265,9.5,7,10,2,27
2025,14,2025-11-29T20:30:00.000Z,401752791,Tennessee,24,382,75,31,83,2.7,29,44,299,6.8,12,19,0,21
2025,4,2025-09-21T00:00:00.000Z,401752723,Texas,55,607,69,41,264,6.4,23,28,343,12.3,7,11,0,26
2025,2,2025-09-06T16:00:00.000Z,401752693,Texas,38,472,65,32,155,4.8,21,33,317,9.6,2,12,2,18
2025,10,2025-11-01T16:00:00.000Z,401752758,Vanderbilt,31,423,62,24,58,2.4,27,38,365,9.6,7,13,1,25
2025,10,2025-11-01T16:00:00.000Z,401752758,Texas,34,428,60,27,100,3.7,25,33,328,9.9,7,11,0,23
2025,3,2025-09-13T20:15:00.000Z,401752706,Texas,27,341,80,55,227,4.1,11,25,114,4.6,5,16,1,23
2025,14,2025-11-29T00:30:00.000Z,401752792,Texas,27,397,66,35,218,6.2,14,31,179,5.8,4,13,0,19
2025,14,2025-11-29T00:30:00.000Z,401752792,Texas A&M,17,337,66,34,157,4.6,20,32,180,5.6,4,14,2,19
2025,3,2025-09-13T23:30:00.000Z,401752707,Texas A&M,41,488,69,32,128,4.0,17,37,360,9.7,4,11,1,24
2025,1,2025-08-30T23:00:00.000Z,401752678,Texas A&M,42,399,59,23,108,4.7,23,36,291,8.1,3,11,0,17
2025,2,2025-09-06T16:45:00.000Z,401752694,Texas A&M,44,554,79,45,235,5.2,22,34,319,9.4,5,13,1,30
2025,13,2025-11-22T17:00:00.000Z,401752781,Texas A&M,48,475,80,43,247,5.7,20,37,228,6.2,7,15,2,22
2025,14,2025-11-29T17:00:00.000Z,401756968,West Virginia,0,180,54,22,37,1.7,16,32,143,4.5,2,13,2,9
2025,14,2025-11-29T17:00:00.000Z,401756968,Texas Tech,49,572,94,54,188,3.5,29,40,384,9.6,14,21,2,32
2025,1,2025-08-30T23:30:00.000Z,401756877,Texas Tech,67,610,60,28,296,10.6,25,32,314,9.8,5,8,0,33
2025,2,2025-09-06T16:00:00.000Z,401756885,Texas Tech,62,601,80,42,230,5.5,27,38,371,9.8,6,13,1,27
2025,4,2025-09-20T16:00:00.000Z,401756901,Utah,10,263,69,31,101,3.3,25,38,162,4.3,4,14,4,16
2025,4,2025-09-20T16:00:00.000Z,401756901,Texas Tech,34,484,72,37,173,4.7,25,35,311,8.9,9,17,2,20
2025,3,2025-09-13T19:30:00.000Z,401752938,Texas Tech,45,601,79,39,135,3.5,26,40,466,11.7,9,15,2,30
2025,12,2025-11-15T20:30:00.000Z,401756953,Texas Tech,48,499,72,35,205,5.9,27,37,294,7.9,8,13,0,26
2025,12,2025-11-15T20:30:00.000Z,401756953,UCF,9,230,62,29,52,1.8,27,33,178,5.4,4,13,2,13
2025,1,2025-08-28T23:00:00.000Z,401756848,UCF,17,424,69,36,110,3.1,22,33,314,9.5,7,15,1,23
2025,2,2025-09-06T23:00:00.000Z,401756886,UCF,68,560,56,32,356,11.1,14,24,204,8.5,5,11,0,20
2025,8,2025-10-18T17:00:00.000Z,401756928,UCF,45,578,75,35,255,7.3,26,40,323,8.1,5,16,2,21
2025,8,2025-10-18T17:00:00.000Z,401756928,West Virginia,13,210,77,49,131,2.7,11,28,79,2.8,4,18,1,19
2025,1,2025-08-31T03:00:00.000Z,401752800,UCLA,10,220,50,28,84,3.0,11,22,136,6.2,2,11,1,14
2025,1,2025-08-31T03:00:00.000Z,401752800,Utah,43,492,80,54,286,5.3,21,26,206,7.9,14,16,0,30
2025,3,2025-09-13T02:00:00.000Z,401752837,UCLA,10,326,56,22,109,5.0,22,34,217,6.4,3,11,1,15
2025,14,2025-11-30T00:30:00.000Z,401752919,USC,29,388,55,26,131,5.0,21,29,257,8.9,6,9,0,21
2025,14,2025-11-30T00:30:00.000Z,401752919,UCLA,10,308,64,26,108,4.2,27,38,200,5.3,5,12,0,20
2025,2,2025-09-07T00:00:00.000Z,401752823,UCLA,23,428,71,30,173,5.8,29,41,255,6.2,3,13,2,27
2025,13,2025-11-23T03:30:00.000Z,401752910,Washington,48,426,67,39,212,5.4,18,28,214,7.6,4,11,2,25
2025,13,2025-11-23T03:30:00.000Z,401752910,UCLA,14,207,59,22,57,2.6,21,37,150,4.1,2,13,3,10
2025,8,2025-10-18T23:30:00.000Z,401752871,USC,24,396,71,29,68,2.3,22,42,328,7.8,6,14,3,23
2025,2,2025-09-06T23:30:00.000Z,401752814,USC,59,755,63,33,309,9.4,20,30,446,14.9,5,9,1,28
2025,1,2025-08-30T23:30:00.000Z,401752798,USC,73,597,57,30,233,7.8,24,27,364,13.5,6,7,1,27
2025,5,2025-09-27T19:30:00.000Z,401756908,West Virginia,14,346,61,48,261,5.4,6,13,85,6.5,4,14,0,14
2025,5,2025-09-27T19:30:00.000Z,401756908,Utah,48,532,77,47,242,5.1,25,30,290,9.7,8,13,1,33
2025,2,2025-09-06T22:00:00.000Z,401756887,Utah,63,518,73,46,273,5.9,21,27,245,9.1,9,13,0,24
2025,3,2025-09-14T00:00:00.000Z,401756895,Utah,31,541,86,45,311,6.9,27,41,230,5.6,9,15,1,31
2025,1,2025-08-30T23:00:00.000Z,401752679,Vanderbilt,45,481,59,31,201,6.5,21,28,280,10.0,6,9,0,25
2025,2,2025-09-06T23:30:00.000Z,401752695,Virginia Tech,20,248,60,31,114,3.7,17,29,134,4.6,6,14,1,16
2025,2,2025-09-06T23:30:00.000Z,401752695,Vanderbilt,44,490,57,37,262,7.1,14,20,228,11.4,5,7,2,23
2025,5,2025-09-27T16:45:00.000Z,401752725,Vanderbilt,55,546,63,28,225,8.0,26,35,321,9.2,5,8,1,31
2025,4,2025-09-20T23:30:00.000Z,401752716,Vanderbilt,70,636,70,36,287,8.0,23,34,349,10.3,6,10,0,30
2025,1,2025-08-30T22:00:00.000Z,401754616,Virginia,48,467,78,42,177,4.2,22,36,290,8.1,9,18,0,23
2025,14,2025-11-30T00:00:00.000Z,401754613,Virginia,27,380,83,47,197,4.2,22,36,183,5.1,8,16,0,25
2025,14,2025-11-30T00:00:00.000Z,401754613,Virginia Tech,7,197,47,31,119,3.8,4,16,78,4.9,2,14,2,6
2025,11,2025-11-09T00:00:00.000Z,401754589,Wake Forest,16,203,64,41,139,3.4,9,23,64,2.8,5,17,0,12
2025,11,2025-11-09T00:00:00.000Z,401754589,Virginia,9,327,64,30,163,5.4,21,34,164,4.8,3,14,3,13
2025,3,2025-09-13T16:00:00.000Z,401754619,Virginia,55,700,87,52,379,7.3,23,35,321,9.2,9,16,1,30
2025,8,2025-10-18T22:30:00.000Z,401752951,Virginia,22,301,57,32,122,3.8,15,25,179,7.2,5,15,0,13
2025,3,2025-09-13T23:00:00.000Z,401754536,Virginia Tech,26,433,73,34,167,4.9,26,39,266,6.8,6,13,3,24
2025,4,2025-09-20T16:00:00.000Z,401754617,Virginia Tech,38,462,69,36,155,4.3,27,33,307,9.3,6,11,1,28
2025,6,2025-10-04T17:00:00.000Z,401754556,Virginia Tech,23,263,63,35,152,4.3,14,28,111,4.0,7,17,1,16
2025,6,2025-10-04T17:00:00.000Z,401754556,Wake Forest,30,347,72,32,91,2.8,24,40,256,6.4,6,17,1,19
2025,1,2025-08-29T23:00:00.000Z,401754374,Wake Forest,10,348,75,47,130,2.8,20,28,218,7.8,6,17,0,20
2025,7,2025-10-11T19:30:00.000Z,401754563,Wake Forest,39,468,54,26,198,7.6,14,28,270,9.6,1,9,0,17
2025,2,2025-09-06T18:00:00.000Z,401754620,Wake Forest,42,542,57,31,273,8.8,16,26,269,10.3,4,10,3,21
2025,13,2025-11-22T17:00:00.000Z,401754606,Wake Forest,52,577,60,34,263,7.7,16,26,314,12.1,6,12,2,21
2025,2,2025-09-07T03:00:00.000Z,401752821,Washington,70,628,76,46,324,7.0,19,30,304,10.1,11,13,0,34
2025,1,2025-08-31T03:00:00.000Z,401752805,Washington,38,509,75,51,283,5.5,18,24,226,9.4,8,14,1,26
2025,11,2025-11-08T21:30:00.000Z,401752899,Wisconsin,13,205,65,47,157,3.3,6,18,48,2.7,2,14,0,12
2025,11,2025-11-08T21:30:00.000Z,401752899,Washington,10,251,68,36,117,3.3,20,32,134,4.2,5,16,2,15
2025,4,2025-09-20T23:30:00.000Z,401752842,Washington,59,473,51,32,175,5.5,16,19,298,15.7,8,9,0,23
2025,1,2025-08-30T18:00:00.000Z,401756878,West Virginia,45,625,76,53,393,7.4,18,23,232,10.1,5,11,4,26
2025,2,2025-09-06T20:00:00.000Z,401756883,West Virginia,10,250,56,28,72,2.6,15,28,178,6.4,2,13,1,13
2025,1,2025-08-29T01:00:00.000Z,401762791,Wisconsin,17,353,75,43,165,3.8,18,32,188,5.9,8,16,1,23
2025,2,2025-09-06T20:00:00.000Z,401752820,Wisconsin,42,456,56,29,173,6.0,23,27,283,10.5,4,9,1,21
